n_go_terms,model,n_total_features,repeat_index,repeat_seed,fold_index,ratio,n_train_positive,n_train_negative,n_validation_positive,n_validation_negative,positive_prevalence,auroc,auprc,normalized_auprc,f1,precision,recall,brier,scale_pos_weight,class_weight,train_negative_seed,validation_negative_seed,feature_selection_seed,model_seed,selected_go_sha256,train_records_sha256,validation_records_sha256,elapsed_s
20,Random Forest,29,0,42,0,1:1,327,327,82,82,0.5,0.8564842355740632,0.7901697606371738,0.5803395212743476,0.8108108108108109,0.7281553398058253,0.9146341463414634,0.14957260918387352,,balanced,1973658644,3715151037,233149161,2399526814,6ef06c9eca426c4fea927d8c257857c75662444f8d61a76c1bba7c25ba8cb644,59ab623a6fd2b1fed6ea59d4420d8b51c9da7bf972e93c74c6f8499ae9c52023,7b0fa24903b8cdc5a08676b2c829ec06863d7581912c5b6ebc2f0c80d27dbdbe,0.4091227054595947
40,Random Forest,49,0,42,0,1:1,327,327,82,82,0.5,0.8655562165377751,0.8249730451615014,0.6499460903230028,0.8085106382978723,0.7169811320754716,0.926829268292683,0.14847322239511437,,balanced,1973658644,3715151037,233149161,2399526814,635f64e4f6b5c5d657a101ee0ce1087206624d2f8fe2cff2a0d8530844409d8b,59ab623a6fd2b1fed6ea59d4420d8b51c9da7bf972e93c74c6f8499ae9c52023,7b0fa24903b8cdc5a08676b2c829ec06863d7581912c5b6ebc2f0c80d27dbdbe,0.4052867889404297
60,Random Forest,69,0,42,0,1:1,327,327,82,82,0.5,0.8593099345627603,0.8210066701583021,0.6420133403166042,0.8085106382978723,0.7169811320754716,0.926829268292683,0.1513423630381855,,balanced,1973658644,3715151037,233149161,2399526814,b9f1edb670a53afef5f4c085e90bf5e13a41156251f6667b1a65871f2c4c47e0,59ab623a6fd2b1fed6ea59d4420d8b51c9da7bf972e93c74c6f8499ae9c52023,7b0fa24903b8cdc5a08676b2c829ec06863d7581912c5b6ebc2f0c80d27dbdbe,0.4036247730255127
80,Random Forest,89,0,42,0,1:1,327,327,82,82,0.5,0.8643664485425342,0.838782448056355,0.6775648961127101,0.8172043010752689,0.7307692307692307,0.926829268292683,0.15217488608981927,,balanced,1973658644,3715151037,233149161,2399526814,5278fff3821350ea3dc0c70b80e6e99f83336c8ad2b59b7373f297543e130dfd,59ab623a6fd2b1fed6ea59d4420d8b51c9da7bf972e93c74c6f8499ae9c52023,7b0fa24903b8cdc5a08676b2c829ec06863d7581912c5b6ebc2f0c80d27dbdbe,0.40728092193603516
100,Random Forest,109,0,42,0,1:1,327,327,82,82,0.5,0.8651100535395597,0.8377672254970874,0.6755344509941748,0.8105263157894737,0.7129629629629629,0.9390243902439024,0.15230545400801868,,balanced,1973658644,3715151037,233149161,2399526814,f734a1d2ab22ad544f46f35047a4c24ac2e11f8202d6260818464eb47128514e,59ab623a6fd2b1fed6ea59d4420d8b51c9da7bf972e93c74c6f8499ae9c52023,7b0fa24903b8cdc5a08676b2c829ec06863d7581912c5b6ebc2f0c80d27dbdbe,0.4037919044494629
20,Random Forest,29,0,42,1,1:1,327,327,82,82,0.5,0.8466686496133253,0.8148079812924498,0.6296159625848996,0.797752808988764,0.7395833333333334,0.8658536585365854,0.15359577530554963,,balanced,2786658438,2191900349,3517737438,2371526345,0d35a8fe5dc71bbc48fd0e30b5924bdaf92cc8092a796b6ea50a7f026a622771,f66a9d46ada9f2c720c29f4a2170b56fa4e599fc6efd6d16745318b5923deb47,b2563a6c33969e4a6bb9c954023fe0e57453b8045ac09a63723a6805a51c9156,0.41516590118408203
40,Random Forest,49,0,42,1,1:1,327,327,82,82,0.5,0.8347709696609161,0.7970492644029777,0.5940985288059555,0.8085106382978723,0.7169811320754716,0.926829268292683,0.15583750921333367,,balanced,2786658438,2191900349,3517737438,2371526345,9bbf997a48f7e48f64ca28c8d4fb0a086b2e95d7757f27356069f2a6d2f644da,f66a9d46ada9f2c720c29f4a2170b56fa4e599fc6efd6d16745318b5923deb47,b2563a6c33969e4a6bb9c954023fe0e57453b8045ac09a63723a6805a51c9156,0.41707706451416016
60,Random Forest,69,0,42,1,1:1,327,327,82,82,0.5,0.8448839976204641,0.8167269520268168,0.6334539040536336,0.782608695652174,0.7058823529411765,0.8780487804878049,0.15425415000450793,,balanced,2786658438,2191900349,3517737438,2371526345,c59d36017adea2f05186de3822c3dd8c95d35f359f7ff35c586a14db623a3103,f66a9d46ada9f2c720c29f4a2170b56fa4e599fc6efd6d16745318b5923deb47,b2563a6c33969e4a6bb9c954023fe0e57453b8045ac09a63723a6805a51c9156,0.4111950397491455
80,Random Forest,89,0,42,1,1:1,327,327,82,82,0.5,0.842207019631172,0.8207191360824242,0.6414382721648484,0.8085106382978723,0.7169811320754716,0.926829268292683,0.15333533946974098,,balanced,2786658438,2191900349,3517737438,2371526345,3398140c2e00dc38b670c41174640c34bdda9f6cd1367fd0977367652cc22e38,f66a9d46ada9f2c720c29f4a2170b56fa4e599fc6efd6d16745318b5923deb47,b2563a6c33969e4a6bb9c954023fe0e57453b8045ac09a63723a6805a51c9156,0.41408419609069824
100,Random Forest,109,0,42,1,1:1,327,327,82,82,0.5,0.8469660916121357,0.8219441677777866,0.6438883355555731,0.7914438502673797,0.7047619047619048,0.9024390243902439,0.1529950324782812,,balanced,2786658438,2191900349,3517737438,2371526345,1f3b41097adfbaeab9a3cb6e15ab0b80962009d01271b56d58d93f891a3eda83,f66a9d46ada9f2c720c29f4a2170b56fa4e599fc6efd6d16745318b5923deb47,b2563a6c33969e4a6bb9c954023fe0e57453b8045ac09a63723a6805a51c9156,0.4217967987060547
20,Random Forest,29,0,42,2,1:1,327,327,82,82,0.5,0.8340273646638905,0.8034551682395671,0.6069103364791342,0.8042328042328042,0.7102803738317757,0.926829268292683,0.15588244570966286,,balanced,1888399133,2010463502,629780227,48921201,2f7564190007e8c2c91e901fc22fff6edc564db26da9f3d62aa3e81f9582712b,5ed471c59d6e2f54cdd65e2737a75ba57a350dad7984e2318d16214bb66d28f8,2444d14ff567b2eeca973896fa6cde602f8aa12430c74ec9b2547ad41729d674,0.4187769889831543
40,Random Forest,49,0,42,2,1:1,327,327,82,82,0.5,0.8488994646044021,0.8249646505350652,0.6499293010701304,0.8082901554404145,0.7027027027027027,0.9512195121951219,0.15121629816037874,,balanced,1888399133,2010463502,629780227,48921201,11efe8f1de46e07a9d999942c9b318fb9de519c67aaf4f30fa667e1e45c5bd11,5ed471c59d6e2f54cdd65e2737a75ba57a350dad7984e2318d16214bb66d28f8,2444d14ff567b2eeca973896fa6cde602f8aa12430c74ec9b2547ad41729d674,0.412045955657959
60,Random Forest,69,0,42,2,1:1,327,327,82,82,0.5,0.8439916716240332,0.8161918987608181,0.6323837975216362,0.8042328042328042,0.7102803738317757,0.926829268292683,0.15182856617816487,,balanced,1888399133,2010463502,629780227,48921201,091c82241439a2f22ad7066be22112027623cd7401cf37ff3920d078a7a913e2,5ed471c59d6e2f54cdd65e2737a75ba57a350dad7984e2318d16214bb66d28f8,2444d14ff567b2eeca973896fa6cde602f8aa12430c74ec9b2547ad41729d674,0.41379499435424805
80,Random Forest,89,0,42,2,1:1,327,327,82,82,0.5,0.8558893515764426,0.8269989200146047,0.6539978400292095,0.8,0.7037037037037037,0.926829268292683,0.1531755052888897,,balanced,1888399133,2010463502,629780227,48921201,925090bcb392d41f06c980858132ef87f005a390fd68d1b0c688053eb6d7ba04,5ed471c59d6e2f54cdd65e2737a75ba57a350dad7984e2318d16214bb66d28f8,2444d14ff567b2eeca973896fa6cde602f8aa12430c74ec9b2547ad41729d674,0.4172372817993164
100,Random Forest,109,0,42,2,1:1,327,327,82,82,0.5,0.8456276026174896,0.8138919764993051,0.6277839529986102,0.8,0.7037037037037037,0.926829268292683,0.15469698018992747,,balanced,1888399133,2010463502,629780227,48921201,c93e8768a5d1726ef9dfcb65aa11bf571b11dda1ae2962d8b78f1b4d4531a091,5ed471c59d6e2f54cdd65e2737a75ba57a350dad7984e2318d16214bb66d28f8,2444d14ff567b2eeca973896fa6cde602f8aa12430c74ec9b2547ad41729d674,0.4395320415496826
20,Random Forest,29,0,42,3,1:1,327,327,82,82,0.5,0.8304580606781679,0.7801704840453503,0.5603409680907006,0.7752808988764045,0.71875,0.8414634146341463,0.16171170752552952,,balanced,1161336969,599905126,3703496083,230894654,155c75267b8f3d94a4edf22c098eb83201b5c7478317ebf0aa9706cc3e9ee2ab,e90922b7bb8cd3eabf44e9630180d9357da8f8ac2f311138363642020c1dcf80,08942af6ef5e95e4966e919e8cd48f98f7490caf3a5f5ed389bf63f95e6d8a8c,0.417816162109375
40,Random Forest,49,0,42,3,1:1,327,327,82,82,0.5,0.8413146936347412,0.8035418064464843,0.6070836128929686,0.7955801104972375,0.7272727272727273,0.8780487804878049,0.15895628434164136,,balanced,1161336969,599905126,3703496083,230894654,8c00989cd145d75ae26f5d2ba5c3475e1dff75639a1907bc5709222120f4f96a,e90922b7bb8cd3eabf44e9630180d9357da8f8ac2f311138363642020c1dcf80,08942af6ef5e95e4966e919e8cd48f98f7490caf3a5f5ed389bf63f95e6d8a8c,0.43100905418395996
60,Random Forest,69,0,42,3,1:1,327,327,82,82,0.5,0.8456276026174896,0.7986820106046322,0.5973640212092644,0.7807486631016043,0.6952380952380952,0.8902439024390244,0.15904687230785064,,balanced,1161336969,599905126,3703496083,230894654,971bb2c8d0b3b7495acb94f62ea8741d4ff4e6e52c17cfe1f97b50e8801a1513,e90922b7bb8cd3eabf44e9630180d9357da8f8ac2f311138363642020c1dcf80,08942af6ef5e95e4966e919e8cd48f98f7490caf3a5f5ed389bf63f95e6d8a8c,0.43069005012512207
80,Random Forest,89,0,42,3,1:1,327,327,82,82,0.5,0.8432480666270077,0.8112115898921369,0.6224231797842739,0.7853403141361257,0.6880733944954128,0.9146341463414634,0.1607184828163731,,balanced,1161336969,599905126,3703496083,230894654,4d111ad9204fba96f909bb2562700bad74ca678c6f83c13fd7ea8c69b16dd807,e90922b7bb8cd3eabf44e9630180d9357da8f8ac2f311138363642020c1dcf80,08942af6ef5e95e4966e919e8cd48f98f7490caf3a5f5ed389bf63f95e6d8a8c,0.4278230667114258
100,Random Forest,109,0,42,3,1:1,327,327,82,82,0.5,0.8491969066032123,0.8385335443821678,0.6770670887643355,0.783068783068783,0.6915887850467289,0.9024390243902439,0.1601450841312804,,balanced,1161336969,599905126,3703496083,230894654,1edb35c0d657535a6e34d4be77e3c45c033188ac0bf5a6a5775c629375ba31af,e90922b7bb8cd3eabf44e9630180d9357da8f8ac2f311138363642020c1dcf80,08942af6ef5e95e4966e919e8cd48f98f7490caf3a5f5ed389bf63f95e6d8a8c,0.4291417598724365
20,Random Forest,29,0,42,4,1:1,328,328,81,81,0.5,0.8215211095869532,0.777748863822717,0.555497727645434,0.8,0.7115384615384616,0.9135802469135802,0.16233386267820027,,balanced,1001834057,624141303,515383750,972393367,f48bede98eb99e724a27061aeed1b3612a610fcfa38d2c97e58dc436bc434d73,5665a9f2c93203cbc2f88d1662f9840d2a40f41ad01123fa61bbf9f36c8333e9,32cfdbe9e420ac6c89283da38df44395a7e2e9a12b0d9ac84e4434065222778c,0.4027259349822998
40,Random Forest,49,0,42,4,1:1,328,328,81,81,0.5,0.8196921201036427,0.7604239262262157,0.5208478524524314,0.7891891891891892,0.7019230769230769,0.9012345679012346,0.16407609603369092,,balanced,1001834057,624141303,515383750,972393367,08498870ab62cdde2a9669dded6cf6ef44367c17250ccc1b5a3d5a34d68532bf,5665a9f2c93203cbc2f88d1662f9840d2a40f41ad01123fa61bbf9f36c8333e9,32cfdbe9e420ac6c89283da38df44395a7e2e9a12b0d9ac84e4434065222778c,0.3981468677520752
60,Random Forest,69,0,42,4,1:1,328,328,81,81,0.5,0.837219935985368,0.7870304427725613,0.5740608855451226,0.7741935483870968,0.6857142857142857,0.8888888888888888,0.16037057245362893,,balanced,1001834057,624141303,515383750,972393367,78610b63b09a3b3be6828cac4d903ead2c4bc5386d421ebf8e60227a9040ab96,5665a9f2c93203cbc2f88d1662f9840d2a40f41ad01123fa61bbf9f36c8333e9,32cfdbe9e420ac6c89283da38df44395a7e2e9a12b0d9ac84e4434065222778c,0.39921116828918457
80,Random Forest,89,0,42,4,1:1,328,328,81,81,0.5,0.8340192043895749,0.7799805439668568,0.5599610879337136,0.776595744680851,0.6822429906542056,0.9012345679012346,0.1607646779949062,,balanced,1001834057,624141303,515383750,972393367,cd9e7bcf1f2a4a6d25455689bc11c8ee7bec0452c5c1c2aca61597c0d45759bb,5665a9f2c93203cbc2f88d1662f9840d2a40f41ad01123fa61bbf9f36c8333e9,32cfdbe9e420ac6c89283da38df44395a7e2e9a12b0d9ac84e4434065222778c,0.40412187576293945
100,Random Forest,109,0,42,4,1:1,328,328,81,81,0.5,0.8364578570339888,0.7817160957815641,0.5634321915631282,0.783068783068783,0.6851851851851852,0.9135802469135802,0.1614485598617319,,balanced,1001834057,624141303,515383750,972393367,3e1f937653641f3b4fab91638dcd1813698c409f895eeda9cb9892a512087e55,5665a9f2c93203cbc2f88d1662f9840d2a40f41ad01123fa61bbf9f36c8333e9,32cfdbe9e420ac6c89283da38df44395a7e2e9a12b0d9ac84e4434065222778c,0.4171602725982666
20,Random Forest,29,1,7,0,1:1,327,327,82,82,0.5,0.8353658536585367,0.7949899712427491,0.5899799424854981,0.8272251308900523,0.7247706422018348,0.9634146341463414,0.15450937422136665,,balanced,2521657055,4094230609,264134123,842399429,baced9f9e5a7ff9bb212f43d659ebd9ef4f6308cddcc54b8c4c001006b05b9a3,db68b2d1699bcc7a1cc9c6f756e3910799251ac31f2d641e29a239fe3181ff92,335af9bd7afcd2259d1181eaa5819120f30652df5f64c3243ff1b8197a79d2dc,0.42279815673828125
40,Random Forest,49,1,7,0,1:1,327,327,82,82,0.5,0.8368530636525877,0.7748012768389951,0.5496025536779903,0.7978723404255319,0.7075471698113207,0.9146341463414634,0.15813866052709707,,balanced,2521657055,4094230609,264134123,842399429,35ece9e57110b1e19a7096515b38a72171ec4db1a0e5fbd6039bcc9196142f64,db68b2d1699bcc7a1cc9c6f756e3910799251ac31f2d641e29a239fe3181ff92,335af9bd7afcd2259d1181eaa5819120f30652df5f64c3243ff1b8197a79d2dc,0.4316122531890869
60,Random Forest,69,1,7,0,1:1,327,327,82,82,0.5,0.848750743604997,0.7830684052571356,0.5661368105142712,0.7936507936507936,0.7009345794392523,0.9146341463414634,0.15667048282516288,,balanced,2521657055,4094230609,264134123,842399429,74e66c11e57d405efbe19a02f13985423c60121aaf1960175664824578d0255d,db68b2d1699bcc7a1cc9c6f756e3910799251ac31f2d641e29a239fe3181ff92,335af9bd7afcd2259d1181eaa5819120f30652df5f64c3243ff1b8197a79d2dc,0.4228639602661133
80,Random Forest,89,1,7,0,1:1,327,327,82,82,0.5,0.8371505056513979,0.7783542855840051,0.5567085711680102,0.8020833333333334,0.7,0.9390243902439024,0.15887309510734987,,balanced,2521657055,4094230609,264134123,842399429,2e6ca5303b34a4fe854d80284e572f74a5d6f5f2a5796bc30f898b7b639b075e,db68b2d1699bcc7a1cc9c6f756e3910799251ac31f2d641e29a239fe3181ff92,335af9bd7afcd2259d1181eaa5819120f30652df5f64c3243ff1b8197a79d2dc,0.41384172439575195
100,Random Forest,109,1,7,0,1:1,327,327,82,82,0.5,0.8271861986912552,0.7612210013274767,0.5224420026549534,0.7894736842105263,0.6944444444444444,0.9146341463414634,0.1622066565354238,,balanced,2521657055,4094230609,264134123,842399429,ac98d6454569d1b791a878ad5e2453e1d8f6ff68981126e5d10d6ae96c2612e2,db68b2d1699bcc7a1cc9c6f756e3910799251ac31f2d641e29a239fe3181ff92,335af9bd7afcd2259d1181eaa5819120f30652df5f64c3243ff1b8197a79d2dc,0.4756143093109131
20,Random Forest,29,1,7,1,1:1,327,327,82,82,0.5,0.829417013682332,0.7563497363896701,0.5126994727793401,0.7845303867403315,0.7171717171717171,0.8658536585365854,0.15715908003473084,,balanced,3885368634,2431578943,1619142612,2845288631,fd7c41a864baf85f0d572c8691e51d5626551754765a74febf8a033f964a55ed,4f2b4d0b2d694c558e9bb7a6465bed1ac6448325524d50c791021e209ccdaf5d,86aada5abf18cf3701c6e51e14a33d21e3b2ad895f3f0c45c8d5a0bd4f5fcc4a,0.41922783851623535
40,Random Forest,49,1,7,1,1:1,327,327,82,82,0.5,0.8304580606781677,0.7673249736728298,0.5346499473456596,0.8111111111111111,0.7448979591836735,0.8902439024390244,0.1556234022389076,,balanced,3885368634,2431578943,1619142612,2845288631,1b8bb06d10efa0a762fb619ea4d278b36590d27797d7ff21710aea84c7cf58e1,4f2b4d0b2d694c558e9bb7a6465bed1ac6448325524d50c791021e209ccdaf5d,86aada5abf18cf3701c6e51e14a33d21e3b2ad895f3f0c45c8d5a0bd4f5fcc4a,0.4189901351928711
60,Random Forest,69,1,7,1,1:1,327,327,82,82,0.5,0.8288221296847115,0.7825608673859259,0.5651217347718518,0.819672131147541,0.7425742574257426,0.9146341463414634,0.15714891195278993,,balanced,3885368634,2431578943,1619142612,2845288631,850c47286a5ff6cd122bd73c64fe0c130b4f93517aa2f9a4ab0225caa37355f8,4f2b4d0b2d694c558e9bb7a6465bed1ac6448325524d50c791021e209ccdaf5d,86aada5abf18cf3701c6e51e14a33d21e3b2ad895f3f0c45c8d5a0bd4f5fcc4a,0.40357303619384766
80,Random Forest,89,1,7,1,1:1,327,327,82,82,0.5,0.837299226650803,0.7932909453739864,0.5865818907479727,0.8085106382978723,0.7169811320754716,0.926829268292683,0.15589765893954421,,balanced,3885368634,2431578943,1619142612,2845288631,f68df1df1b2c5cbd6db7041da2263a333c7c7b441ee9ca0dcccf733fd89454a2,4f2b4d0b2d694c558e9bb7a6465bed1ac6448325524d50c791021e209ccdaf5d,86aada5abf18cf3701c6e51e14a33d21e3b2ad895f3f0c45c8d5a0bd4f5fcc4a,0.4127962589263916
100,Random Forest,109,1,7,1,1:1,327,327,82,82,0.5,0.8356632956573469,0.7964311404266525,0.5928622808533051,0.8148148148148148,0.719626168224299,0.9390243902439024,0.15715276480637239,,balanced,3885368634,2431578943,1619142612,2845288631,45cbbf2e4d5f6486765730336b0067c0033f1f3a57c29ee434a50d880cdf2008,4f2b4d0b2d694c558e9bb7a6465bed1ac6448325524d50c791021e209ccdaf5d,86aada5abf18cf3701c6e51e14a33d21e3b2ad895f3f0c45c8d5a0bd4f5fcc4a,0.4153139591217041
20,Random Forest,29,1,7,2,1:1,327,327,82,82,0.5,0.855145746579417,0.8384566640589775,0.6769133281179549,0.7640449438202247,0.7083333333333334,0.8292682926829268,0.15166933315860934,,balanced,1974496636,1223099430,3474831427,1753096405,ec173c3bb9e6bde73ff8e1ae63c2f50ece0b686846cafcea9f5b8b8c85093c1b,949cdc431ad2125fada26ddf601bbc12103ac458adbb00518b502a27c4927d5c,5df8524acbc6019e5523bc48ded764fc33e1d60fc4db4b43aba433f43e49efd9,0.40351223945617676
40,Random Forest,49,1,7,2,1:1,327,327,82,82,0.5,0.8442891136228435,0.8283149980294016,0.6566299960588031,0.7872340425531915,0.6981132075471698,0.9024390243902439,0.15802907401688834,,balanced,1974496636,1223099430,3474831427,1753096405,4afb328e6d3afe97dc5bd21192d83f4fbc89a63e606f18ffd461b0a60d2dd4d4,949cdc431ad2125fada26ddf601bbc12103ac458adbb00518b502a27c4927d5c,5df8524acbc6019e5523bc48ded764fc33e1d60fc4db4b43aba433f43e49efd9,0.4178957939147949
60,Random Forest,69,1,7,2,1:1,327,327,82,82,0.5,0.8694229625223081,0.8490370487850032,0.6980740975700064,0.8042328042328042,0.7102803738317757,0.926829268292683,0.149589719094683,,balanced,1974496636,1223099430,3474831427,1753096405,a58cdcfd42f13eceb650b4e384e38c15ac3d252fa7a9cf51166f33733bec7373,949cdc431ad2125fada26ddf601bbc12103ac458adbb00518b502a27c4927d5c,5df8524acbc6019e5523bc48ded764fc33e1d60fc4db4b43aba433f43e49efd9,0.4142940044403076
80,Random Forest,89,1,7,2,1:1,327,327,82,82,0.5,0.8573765615704938,0.832894422860039,0.665788845720078,0.8128342245989305,0.7238095238095238,0.926829268292683,0.1515902942471624,,balanced,1974496636,1223099430,3474831427,1753096405,bc7931d975347cf6576f7f626831ec012ccf984a95e6fd0587ef6df70e8d3068,949cdc431ad2125fada26ddf601bbc12103ac458adbb00518b502a27c4927d5c,5df8524acbc6019e5523bc48ded764fc33e1d60fc4db4b43aba433f43e49efd9,0.40900397300720215
100,Random Forest,109,1,7,2,1:1,327,327,82,82,0.5,0.85261748958953,0.8331892716383837,0.6663785432767675,0.7894736842105263,0.6944444444444444,0.9146341463414634,0.1546250322346989,,balanced,1974496636,1223099430,3474831427,1753096405,1134bcda2c480e7a58f5199e3ae08214b859d2d154b2bfd4fbe55356031cdd00,949cdc431ad2125fada26ddf601bbc12103ac458adbb00518b502a27c4927d5c,5df8524acbc6019e5523bc48ded764fc33e1d60fc4db4b43aba433f43e49efd9,0.41778111457824707
20,Random Forest,29,1,7,3,1:1,327,327,82,82,0.5,0.8117192147531231,0.772758557260139,0.545517114520278,0.7666666666666667,0.7040816326530612,0.8414634146341463,0.16506622594901055,,balanced,2308674788,3336517605,3055848280,3336201630,1d7dcb1263f3ae982bb3ca184e40dea6d76416c2695f698f945af36043b59f80,9c7ff1132650efbf5ac87f0d8960f2e63039cec602b277720f2f4a055c1463a9,774ee8a88809e1b49e5c4a3d351bd74417ebe2c9f7a902be8c531548de80fd28,0.4075288772583008
40,Random Forest,49,1,7,3,1:1,327,327,82,82,0.5,0.8163295657346819,0.7920973571074834,0.5841947142149668,0.7807486631016043,0.6952380952380952,0.8902439024390244,0.16284312622382324,,balanced,2308674788,3336517605,3055848280,3336201630,222f2fc7cdaa3ce37f39bd7fa5868e566956cb6de89b50ed7f0a07a942936a45,9c7ff1132650efbf5ac87f0d8960f2e63039cec602b277720f2f4a055c1463a9,774ee8a88809e1b49e5c4a3d351bd74417ebe2c9f7a902be8c531548de80fd28,0.415294885635376
60,Random Forest,69,1,7,3,1:1,327,327,82,82,0.5,0.8245092207019631,0.8008491464023324,0.6016982928046648,0.7675675675675676,0.6893203883495146,0.8658536585365854,0.16222112230397512,,balanced,2308674788,3336517605,3055848280,3336201630,0787429d108adbb8f716a931370780c2b496f9b4a512b716c8c31ecf6b7c002f,9c7ff1132650efbf5ac87f0d8960f2e63039cec602b277720f2f4a055c1463a9,774ee8a88809e1b49e5c4a3d351bd74417ebe2c9f7a902be8c531548de80fd28,0.40509796142578125
80,Random Forest,89,1,7,3,1:1,327,327,82,82,0.5,0.8227245687091018,0.7898562930695994,0.5797125861391987,0.7675675675675676,0.6893203883495146,0.8658536585365854,0.16303436315815217,,balanced,2308674788,3336517605,3055848280,3336201630,a1818ebf18f9e8e948971a8bdad5f89505e8c82be5c4dcc926f14605bda9aec9,9c7ff1132650efbf5ac87f0d8960f2e63039cec602b277720f2f4a055c1463a9,774ee8a88809e1b49e5c4a3d351bd74417ebe2c9f7a902be8c531548de80fd28,0.40367627143859863
100,Random Forest,109,1,7,3,1:1,327,327,82,82,0.5,0.828078524687686,0.7928840277351377,0.5857680554702753,0.7634408602150538,0.6826923076923077,0.8658536585365854,0.16234373082514855,,balanced,2308674788,3336517605,3055848280,3336201630,29d365e295d0d4f93ccf8af139e0e88bc71d2aba2c8cb49dadfc1153cd222d7f,9c7ff1132650efbf5ac87f0d8960f2e63039cec602b277720f2f4a055c1463a9,774ee8a88809e1b49e5c4a3d351bd74417ebe2c9f7a902be8c531548de80fd28,0.40376806259155273
20,Random Forest,29,1,7,4,1:1,328,328,81,81,0.5,0.8416399939033685,0.7857213262197066,0.5714426524394132,0.8111111111111111,0.7373737373737373,0.9012345679012346,0.15544543478332637,,balanced,26843640,2371250898,2203746204,3425021368,9540d8711495e88e84b2887fddf62efe56c08cab46e37c0d15ec32d3b52603a2,717d1fde29d688119ddcb0e8d6fdaddeae45b7f31dcfad4181a313b2268ad4f7,e2f3e3e1fcabf2b6e1cdf7a8755dc0d935aeaa37f0988f433f20e9e4a3703b20,0.42337989807128906
40,Random Forest,49,1,7,4,1:1,328,328,81,81,0.5,0.8411827465325408,0.7891260670419744,0.5782521340839488,0.8297872340425532,0.7289719626168224,0.9629629629629629,0.15597015478217574,,balanced,26843640,2371250898,2203746204,3425021368,2fcfbaa4f61c87d38c1102ae1e7b7bbf2cc47c0b89b6c3bb31abbb48bd8b873d,717d1fde29d688119ddcb0e8d6fdaddeae45b7f31dcfad4181a313b2268ad4f7,e2f3e3e1fcabf2b6e1cdf7a8755dc0d935aeaa37f0988f433f20e9e4a3703b20,0.4158351421356201
60,Random Forest,69,1,7,4,1:1,328,328,81,81,0.5,0.8469745465630238,0.7884396287721942,0.5768792575443884,0.8387096774193549,0.7428571428571429,0.9629629629629629,0.1564192711498152,,balanced,26843640,2371250898,2203746204,3425021368,fd5a87140a37ffe54b3e77a354b4bd55b27678e3392d3612bcc974fcd938aac7,717d1fde29d688119ddcb0e8d6fdaddeae45b7f31dcfad4181a313b2268ad4f7,e2f3e3e1fcabf2b6e1cdf7a8755dc0d935aeaa37f0988f433f20e9e4a3703b20,0.40822505950927734
80,Random Forest,89,1,7,4,1:1,328,328,81,81,0.5,0.8399634202103338,0.7826051474043508,0.5652102948087017,0.8297872340425532,0.7289719626168224,0.9629629629629629,0.15954350499516654,,balanced,26843640,2371250898,2203746204,3425021368,93937c4f98d6d775557fb35b1a1de47f4466aa14a18df0b9fb68833c2587fb88,717d1fde29d688119ddcb0e8d6fdaddeae45b7f31dcfad4181a313b2268ad4f7,e2f3e3e1fcabf2b6e1cdf7a8755dc0d935aeaa37f0988f433f20e9e4a3703b20,0.4097900390625
100,Random Forest,109,1,7,4,1:1,328,328,81,81,0.5,0.8471269623532998,0.7983124391458006,0.5966248782916013,0.8172043010752689,0.7238095238095238,0.9382716049382716,0.15644404954841465,,balanced,26843640,2371250898,2203746204,3425021368,7e8c8753f473a09866b7eae8290e3b1c84bf1a74ec7bb03fbaad60de67244cc3,717d1fde29d688119ddcb0e8d6fdaddeae45b7f31dcfad4181a313b2268ad4f7,e2f3e3e1fcabf2b6e1cdf7a8755dc0d935aeaa37f0988f433f20e9e4a3703b20,0.426098108291626
20,Random Forest,29,2,13,0,1:1,327,327,82,82,0.5,0.8291195716835218,0.7958612599976181,0.5917225199952363,0.7650273224043715,0.693069306930693,0.8536585365853658,0.16325051281102346,,balanced,4197323642,3493101560,3288021756,261167866,90134fc12ddf71a6ec5c3e1bd904d41dbc83187557df58b0f0e7f2931e2fcd62,c32c0830de98179691d483e4bd16e96a7012503416cf7c5cb518aa73354726c5,dd03cf03ac7cd26fa9d46f8eb6dccbdb0da15e795c1a668e5846cf19a35471e5,0.3997628688812256
40,Random Forest,49,2,13,0,1:1,327,327,82,82,0.5,0.8270374776918501,0.8092269881415068,0.6184539762830137,0.7802197802197802,0.71,0.8658536585365854,0.1625523451305177,,balanced,4197323642,3493101560,3288021756,261167866,bcbf2b812a940c84356bcee64b97af106227a43f7f521665a22b647f0c64de88,c32c0830de98179691d483e4bd16e96a7012503416cf7c5cb518aa73354726c5,dd03cf03ac7cd26fa9d46f8eb6dccbdb0da15e795c1a668e5846cf19a35471e5,0.4094851016998291
60,Random Forest,69,2,13,0,1:1,327,327,82,82,0.5,0.829565734681737,0.8054962252432567,0.6109924504865134,0.7891891891891892,0.7087378640776699,0.8902439024390244,0.16114036759814862,,balanced,4197323642,3493101560,3288021756,261167866,b1e29c5fe8af2195e9abc0f61c3f3c4d213fca3f89d1193c4a6653fb53126347,c32c0830de98179691d483e4bd16e96a7012503416cf7c5cb518aa73354726c5,dd03cf03ac7cd26fa9d46f8eb6dccbdb0da15e795c1a668e5846cf19a35471e5,0.40394067764282227
80,Random Forest,89,2,13,0,1:1,327,327,82,82,0.5,0.8450327186198692,0.8253335971056242,0.6506671942112483,0.8,0.7184466019417476,0.9024390243902439,0.15640115597207258,,balanced,4197323642,3493101560,3288021756,261167866,9b73517e58eb8ba0bc638627177cb05554c3e37ec35c51dddb15f6948ee26efd,c32c0830de98179691d483e4bd16e96a7012503416cf7c5cb518aa73354726c5,dd03cf03ac7cd26fa9d46f8eb6dccbdb0da15e795c1a668e5846cf19a35471e5,0.4072699546813965
100,Random Forest,109,2,13,0,1:1,327,327,82,82,0.5,0.828078524687686,0.8065776644181183,0.6131553288362366,0.782608695652174,0.7058823529411765,0.8780487804878049,0.16097790439800239,,balanced,4197323642,3493101560,3288021756,261167866,a0461f71b382bb1409b27c90ed02bfc1f6075cc890d709f50d9edd06cb0590bf,c32c0830de98179691d483e4bd16e96a7012503416cf7c5cb518aa73354726c5,dd03cf03ac7cd26fa9d46f8eb6dccbdb0da15e795c1a668e5846cf19a35471e5,0.40792179107666016
20,Random Forest,29,2,13,1,1:1,327,327,82,82,0.5,0.825698988697204,0.7672340546271208,0.5344681092542416,0.7909604519774012,0.7368421052631579,0.8536585365853658,0.16206783641018996,,balanced,3966191544,1903504230,667876274,3411050692,f509d4791a4ff63e92de92cba0412851eb39a765cfbf82a1615371802201158a,618241230c15e0051e7d5cd6e15b8cb3d5f5dcb755f877ce96d14461fc9092ff,8fddf42f5b799d421f6cf75cb21b504e783650587e7cf896b2e457fc367fd5f1,0.4134829044342041
40,Random Forest,49,2,13,1,1:1,327,327,82,82,0.5,0.8215348007138608,0.7477332216049487,0.4954664432098974,0.7865168539325843,0.7291666666666666,0.8536585365853658,0.16308810886722283,,balanced,3966191544,1903504230,667876274,3411050692,e72d63b9864ee11fa7ebd223041a900f599dee963cf3485183a0b8559e289ff2,618241230c15e0051e7d5cd6e15b8cb3d5f5dcb755f877ce96d14461fc9092ff,8fddf42f5b799d421f6cf75cb21b504e783650587e7cf896b2e457fc367fd5f1,0.4159269332885742
60,Random Forest,69,2,13,1,1:1,327,327,82,82,0.5,0.8246579417013682,0.770183797516247,0.540367595032494,0.7955801104972375,0.7272727272727273,0.8780487804878049,0.16586171437323394,,balanced,3966191544,1903504230,667876274,3411050692,e3474974719a7c03379f3842f5f95d0ed2107cdd8a6ad009ba26fbebf9498feb,618241230c15e0051e7d5cd6e15b8cb3d5f5dcb755f877ce96d14461fc9092ff,8fddf42f5b799d421f6cf75cb21b504e783650587e7cf896b2e457fc367fd5f1,0.41934990882873535
80,Random Forest,89,2,13,1,1:1,327,327,82,82,0.5,0.8148423557406306,0.7640173332249602,0.5280346664499205,0.7717391304347826,0.696078431372549,0.8658536585365854,0.16791663281150676,,balanced,3966191544,1903504230,667876274,3411050692,b684ea62f4f42114312136c66e5fc274b7cdacfddc1241c2ce12e887dcacf769,618241230c15e0051e7d5cd6e15b8cb3d5f5dcb755f877ce96d14461fc9092ff,8fddf42f5b799d421f6cf75cb21b504e783650587e7cf896b2e457fc367fd5f1,0.4135129451751709
100,Random Forest,109,2,13,1,1:1,327,327,82,82,0.5,0.8215348007138609,0.7746210701807683,0.5492421403615366,0.7741935483870968,0.6923076923076923,0.8780487804878049,0.16631719058878103,,balanced,3966191544,1903504230,667876274,3411050692,8bd6524e524fb270b3eaa87635a1b6044ceba0f699c75c2ada815f25921ddbac,618241230c15e0051e7d5cd6e15b8cb3d5f5dcb755f877ce96d14461fc9092ff,8fddf42f5b799d421f6cf75cb21b504e783650587e7cf896b2e457fc367fd5f1,0.4180757999420166
20,Random Forest,29,2,13,2,1:1,327,327,82,82,0.5,0.8496430696014278,0.8233813160674213,0.6467626321348425,0.7956989247311828,0.7115384615384616,0.9024390243902439,0.15607757244230772,,balanced,1319135375,2081672424,66402786,1633975599,50ffa3a081dd1ebbc6ce52d58708303dea291d42380d4bed80b404e1fc2ef1a8,361956c25a3092096f7dd9e26d21f52d379ce291171191a70b0fe88e35b120db,4de770fe3d9d10d0c84663725a69efe70ff007a9742e66dcd731d1a32a817de0,0.4005711078643799
40,Random Forest,49,2,13,2,1:1,327,327,82,82,0.5,0.8386377156454492,0.789558325085571,0.579116650171142,0.7914438502673797,0.7047619047619048,0.9024390243902439,0.15834979936591279,,balanced,1319135375,2081672424,66402786,1633975599,d9800281c500f763eee9c4a6e272cd34b257e0f88481078cd8bbe1fe355959ba,361956c25a3092096f7dd9e26d21f52d379ce291171191a70b0fe88e35b120db,4de770fe3d9d10d0c84663725a69efe70ff007a9742e66dcd731d1a32a817de0,0.4169800281524658
60,Random Forest,69,2,13,2,1:1,327,327,82,82,0.5,0.8453301606186794,0.785642082859329,0.571284165718658,0.7853403141361257,0.6880733944954128,0.9146341463414634,0.15599488038096793,,balanced,1319135375,2081672424,66402786,1633975599,9a349209c7d3b9bd40965068b2a613107212665860e7bbb02addbf0f67e5d1fd,361956c25a3092096f7dd9e26d21f52d379ce291171191a70b0fe88e35b120db,4de770fe3d9d10d0c84663725a69efe70ff007a9742e66dcd731d1a32a817de0,0.42641711235046387
80,Random Forest,89,2,13,2,1:1,327,327,82,82,0.5,0.8567816775728733,0.7951993060530805,0.5903986121061611,0.806282722513089,0.7064220183486238,0.9390243902439024,0.15333888500107598,,balanced,1319135375,2081672424,66402786,1633975599,ac8146237297375e1e17df069ef0bc4d10251551f48a864f205aa481cb0be3ef,361956c25a3092096f7dd9e26d21f52d379ce291171191a70b0fe88e35b120db,4de770fe3d9d10d0c84663725a69efe70ff007a9742e66dcd731d1a32a817de0,0.4297928810119629
100,Random Forest,109,2,13,2,1:1,327,327,82,82,0.5,0.8524687685901249,0.7849424577802084,0.5698849155604169,0.7978723404255319,0.7075471698113207,0.9146341463414634,0.15398558190328035,,balanced,1319135375,2081672424,66402786,1633975599,50ec29a1f7412e49cdf74a1dfa98d93992766dd2ff11a0a7d8fe5af70973774c,361956c25a3092096f7dd9e26d21f52d379ce291171191a70b0fe88e35b120db,4de770fe3d9d10d0c84663725a69efe70ff007a9742e66dcd731d1a32a817de0,0.4219069480895996
20,Random Forest,29,2,13,3,1:1,327,327,82,82,0.5,0.848750743604997,0.7962846876262335,0.592569375252467,0.8042328042328042,0.7102803738317757,0.926829268292683,0.15500353474359038,,balanced,2293279620,3028097891,2933952375,4053831653,7256f2b81a584fff3dfff08dca83ebbc75be09c536b27805491a3bf84353ce22,2f5fe7fdfc0b66e83d5a7e7e149d13d4024df5883b4e4159c8f2a3c735d60b8c,aef9953502474bbf497aa3388b535c8ec4609429a2522121822c5c0c34653723,0.41241002082824707
40,Random Forest,49,2,13,3,1:1,327,327,82,82,0.5,0.8503866745984533,0.7840552374587928,0.5681104749175856,0.8253968253968254,0.7289719626168224,0.9512195121951219,0.15277968512166493,,balanced,2293279620,3028097891,2933952375,4053831653,10ffc6f3dcf3426463d93c2d1818cee5f6c069127bf79b40878642035c91de80,2f5fe7fdfc0b66e83d5a7e7e149d13d4024df5883b4e4159c8f2a3c735d60b8c,aef9953502474bbf497aa3388b535c8ec4609429a2522121822c5c0c34653723,0.4226689338684082
60,Random Forest,69,2,13,3,1:1,327,327,82,82,0.5,0.8490481856038072,0.7733933942390763,0.5467867884781525,0.8191489361702128,0.7264150943396226,0.9390243902439024,0.15696520869584565,,balanced,2293279620,3028097891,2933952375,4053831653,d3ae34fbcfb73c5a1be0c96ad00e7eec3433eb478aea0c91dd2163d7870a83ad,2f5fe7fdfc0b66e83d5a7e7e149d13d4024df5883b4e4159c8f2a3c735d60b8c,aef9953502474bbf497aa3388b535c8ec4609429a2522121822c5c0c34653723,0.4179201126098633
80,Random Forest,89,2,13,3,1:1,327,327,82,82,0.5,0.8526174895895301,0.7818058824678378,0.5636117649356756,0.8235294117647058,0.7333333333333333,0.9390243902439024,0.15731087934768842,,balanced,2293279620,3028097891,2933952375,4053831653,2e9654b3bae28b7f5cdb28ee62939918e683645949003400c88cb9e84776ca80,2f5fe7fdfc0b66e83d5a7e7e149d13d4024df5883b4e4159c8f2a3c735d60b8c,aef9953502474bbf497aa3388b535c8ec4609429a2522121822c5c0c34653723,0.42398810386657715
100,Random Forest,109,2,13,3,1:1,327,327,82,82,0.5,0.8460737656157049,0.7906075741925369,0.5812151483850738,0.8297872340425532,0.7358490566037735,0.9512195121951219,0.158150545876272,,balanced,2293279620,3028097891,2933952375,4053831653,ae63db7316680cb3cefdc6eb48e1ac25124106859a009bf077339b52d943b803,2f5fe7fdfc0b66e83d5a7e7e149d13d4024df5883b4e4159c8f2a3c735d60b8c,aef9953502474bbf497aa3388b535c8ec4609429a2522121822c5c0c34653723,0.42084717750549316
20,Random Forest,29,2,13,4,1:1,328,328,81,81,0.5,0.87075140984606,0.8330020429440268,0.6660040858880536,0.8235294117647058,0.7865168539325843,0.8641975308641975,0.13979475413273235,,balanced,3410040530,245057234,532155413,762879727,2ab781f7d38bc99240fac36326c8b96481cbcbec9d1b225ffad4dca1308435c2,348f735c69e08433061e41b7518fed4c20a71b7ef810663a9c109ccdfdbb44a2,72a254a5f2a4aedd3af3d81a6ee63c3deb805b1a506f8b1e45d264b1c89dd06e,0.4127230644226074
40,Random Forest,49,2,13,4,1:1,328,328,81,81,0.5,0.874409388812681,0.8438976736290404,0.6877953472580809,0.8372093023255814,0.7912087912087912,0.8888888888888888,0.14186599256343624,,balanced,3410040530,245057234,532155413,762879727,5be7c3451395929c154e6081f91168b5ca5120da86716f62108b43a478da071a,348f735c69e08433061e41b7518fed4c20a71b7ef810663a9c109ccdfdbb44a2,72a254a5f2a4aedd3af3d81a6ee63c3deb805b1a506f8b1e45d264b1c89dd06e,0.41160011291503906
60,Random Forest,69,2,13,4,1:1,328,328,81,81,0.5,0.861301630848956,0.8171444801670625,0.6342889603341251,0.8361581920903954,0.7708333333333334,0.9135802469135802,0.1460190532900307,,balanced,3410040530,245057234,532155413,762879727,253211c36a4e03f7beb1ba4c6fb38a30d71faa649d183e5779b5f27efb6ce6bf,348f735c69e08433061e41b7518fed4c20a71b7ef810663a9c109ccdfdbb44a2,72a254a5f2a4aedd3af3d81a6ee63c3deb805b1a506f8b1e45d264b1c89dd06e,0.4112691879272461
80,Random Forest,89,2,13,4,1:1,328,328,81,81,0.5,0.8605395518975766,0.7949422216786473,0.5898844433572945,0.8351648351648352,0.7524752475247525,0.9382716049382716,0.14696646771078573,,balanced,3410040530,245057234,532155413,762879727,62120243085934ba40e34cb6a3184f737b6f28629b754affa403879b5678f746,348f735c69e08433061e41b7518fed4c20a71b7ef810663a9c109ccdfdbb44a2,72a254a5f2a4aedd3af3d81a6ee63c3deb805b1a506f8b1e45d264b1c89dd06e,0.41451501846313477
100,Random Forest,109,2,13,4,1:1,328,328,81,81,0.5,0.864807194025301,0.815413077237362,0.630826154474724,0.8426966292134831,0.7731958762886598,0.9259259259259259,0.14546681406941492,,balanced,3410040530,245057234,532155413,762879727,092bd2ad2268d897dcb2b2a22fa3f69caaa631d11a4fbe0bc5e63d6f6a989ee2,348f735c69e08433061e41b7518fed4c20a71b7ef810663a9c109ccdfdbb44a2,72a254a5f2a4aedd3af3d81a6ee63c3deb805b1a506f8b1e45d264b1c89dd06e,0.41553211212158203
