model,primary_model,primary_ratio,repeat_index,repeat_seed,fold_index,model_comparison_protocol,feature_selection_protocol,selected_go_sha256,train_records_sha256,validation_records_sha256,n_train,n_validation,positive_prevalence,auroc,auprc,normalized_auprc,f1,precision,recall,brier,scale_pos_weight,elapsed_s
Logistic Regression,False,1:1,0,42,0,outer_training_repeated_stratified_cv,nested_fold_training_selected80,5278fff3821350ea3dc0c70b80e6e99f83336c8ad2b59b7373f297543e130dfd,59ab623a6fd2b1fed6ea59d4420d8b51c9da7bf972e93c74c6f8499ae9c52023,7b0fa24903b8cdc5a08676b2c829ec06863d7581912c5b6ebc2f0c80d27dbdbe,654,164,0.5,0.8100832837596669,0.7818668292011814,0.5637336584023629,0.7586206896551724,0.717391304347826,0.8048780487804879,0.18289294541195908,,0.013071060180664062
Logistic Regression,False,1:1,0,42,1,outer_training_repeated_stratified_cv,nested_fold_training_selected80,3398140c2e00dc38b670c41174640c34bdda9f6cd1367fd0977367652cc22e38,f66a9d46ada9f2c720c29f4a2170b56fa4e599fc6efd6d16745318b5923deb47,b2563a6c33969e4a6bb9c954023fe0e57453b8045ac09a63723a6805a51c9156,654,164,0.5,0.8096371207614514,0.8069044980488516,0.6138089960977031,0.718562874251497,0.7058823529411765,0.7317073170731707,0.1786990395915978,,0.008848905563354492
Logistic Regression,False,1:1,0,42,2,outer_training_repeated_stratified_cv,nested_fold_training_selected80,925090bcb392d41f06c980858132ef87f005a390fd68d1b0c688053eb6d7ba04,5ed471c59d6e2f54cdd65e2737a75ba57a350dad7984e2318d16214bb66d28f8,2444d14ff567b2eeca973896fa6cde602f8aa12430c74ec9b2547ad41729d674,654,164,0.5,0.8399762046400951,0.7921751376002139,0.5843502752004277,0.7757575757575758,0.7710843373493976,0.7804878048780488,0.15944511638131947,,0.008523941040039062
Logistic Regression,False,1:1,0,42,3,outer_training_repeated_stratified_cv,nested_fold_training_selected80,4d111ad9204fba96f909bb2562700bad74ca678c6f83c13fd7ea8c69b16dd807,e90922b7bb8cd3eabf44e9630180d9357da8f8ac2f311138363642020c1dcf80,08942af6ef5e95e4966e919e8cd48f98f7490caf3a5f5ed389bf63f95e6d8a8c,654,164,0.5,0.7769185008923261,0.7048612216707983,0.4097224433415967,0.7325581395348837,0.7,0.7682926829268293,0.2008682999433758,,0.008957862854003906
Logistic Regression,False,1:1,0,42,4,outer_training_repeated_stratified_cv,nested_fold_training_selected80,cd9e7bcf1f2a4a6d25455689bc11c8ee7bec0452c5c1c2aca61597c0d45759bb,5665a9f2c93203cbc2f88d1662f9840d2a40f41ad01123fa61bbf9f36c8333e9,32cfdbe9e420ac6c89283da38df44395a7e2e9a12b0d9ac84e4434065222778c,656,162,0.5,0.764365188233501,0.7197085551039639,0.43941711020792784,0.757396449704142,0.7272727272727273,0.7901234567901234,0.20540906729974004,,0.008409976959228516
Logistic Regression,False,1:1,1,7,0,outer_training_repeated_stratified_cv,nested_fold_training_selected80,2e6ca5303b34a4fe854d80284e572f74a5d6f5f2a5796bc30f898b7b639b075e,db68b2d1699bcc7a1cc9c6f756e3910799251ac31f2d641e29a239fe3181ff92,335af9bd7afcd2259d1181eaa5819120f30652df5f64c3243ff1b8197a79d2dc,654,164,0.5,0.7797441998810233,0.7099940000837246,0.4199880001674492,0.703030303030303,0.6987951807228916,0.7073170731707317,0.19088592815873875,,0.008543968200683594
Logistic Regression,False,1:1,1,7,1,outer_training_repeated_stratified_cv,nested_fold_training_selected80,f68df1df1b2c5cbd6db7041da2263a333c7c7b441ee9ca0dcccf733fd89454a2,4f2b4d0b2d694c558e9bb7a6465bed1ac6448325524d50c791021e209ccdaf5d,86aada5abf18cf3701c6e51e14a33d21e3b2ad895f3f0c45c8d5a0bd4f5fcc4a,654,164,0.5,0.737061273051755,0.6405375314480879,0.2810750628961758,0.6896551724137931,0.6521739130434783,0.7317073170731707,0.21243140419686554,,0.008443117141723633
Logistic Regression,False,1:1,1,7,2,outer_training_repeated_stratified_cv,nested_fold_training_selected80,bc7931d975347cf6576f7f626831ec012ccf984a95e6fd0587ef6df70e8d3068,949cdc431ad2125fada26ddf601bbc12103ac458adbb00518b502a27c4927d5c,5df8524acbc6019e5523bc48ded764fc33e1d60fc4db4b43aba433f43e49efd9,654,164,0.5,0.8170731707317074,0.7771717445286096,0.5543434890572192,0.7701149425287356,0.7282608695652174,0.8170731707317073,0.17896400616485694,,0.008376121520996094
Logistic Regression,False,1:1,1,7,3,outer_training_repeated_stratified_cv,nested_fold_training_selected80,a1818ebf18f9e8e948971a8bdad5f89505e8c82be5c4dcc926f14605bda9aec9,9c7ff1132650efbf5ac87f0d8960f2e63039cec602b277720f2f4a055c1463a9,774ee8a88809e1b49e5c4a3d351bd74417ebe2c9f7a902be8c531548de80fd28,654,164,0.5,0.803837001784652,0.7323939977067391,0.46478799541347815,0.7471264367816092,0.7065217391304348,0.7926829268292683,0.18477350939250015,,0.009907960891723633
Logistic Regression,False,1:1,1,7,4,outer_training_repeated_stratified_cv,nested_fold_training_selected80,93937c4f98d6d775557fb35b1a1de47f4466aa14a18df0b9fb68833c2587fb88,717d1fde29d688119ddcb0e8d6fdaddeae45b7f31dcfad4181a313b2268ad4f7,e2f3e3e1fcabf2b6e1cdf7a8755dc0d935aeaa37f0988f433f20e9e4a3703b20,656,162,0.5,0.763145861911294,0.7202431531726698,0.4404863063453397,0.7167630057803468,0.6739130434782609,0.7654320987654321,0.21081647864288142,,0.008383989334106445
Logistic Regression,False,1:1,2,13,0,outer_training_repeated_stratified_cv,nested_fold_training_selected80,9b73517e58eb8ba0bc638627177cb05554c3e37ec35c51dddb15f6948ee26efd,c32c0830de98179691d483e4bd16e96a7012503416cf7c5cb518aa73354726c5,dd03cf03ac7cd26fa9d46f8eb6dccbdb0da15e795c1a668e5846cf19a35471e5,654,164,0.5,0.7790005948839975,0.7331869504878177,0.46637390097563536,0.6923076923076923,0.7297297297297297,0.6585365853658537,0.20133128114784782,,0.009048700332641602
Logistic Regression,False,1:1,2,13,1,outer_training_repeated_stratified_cv,nested_fold_training_selected80,b684ea62f4f42114312136c66e5fc274b7cdacfddc1241c2ce12e887dcacf769,618241230c15e0051e7d5cd6e15b8cb3d5f5dcb755f877ce96d14461fc9092ff,8fddf42f5b799d421f6cf75cb21b504e783650587e7cf896b2e457fc367fd5f1,654,164,0.5,0.7407792980368828,0.6654918385075325,0.3309836770150649,0.7262569832402235,0.6701030927835051,0.7926829268292683,0.21590771980315993,,0.011662006378173828
Logistic Regression,False,1:1,2,13,2,outer_training_repeated_stratified_cv,nested_fold_training_selected80,ac8146237297375e1e17df069ef0bc4d10251551f48a864f205aa481cb0be3ef,361956c25a3092096f7dd9e26d21f52d379ce291171191a70b0fe88e35b120db,4de770fe3d9d10d0c84663725a69efe70ff007a9742e66dcd731d1a32a817de0,654,164,0.5,0.820493753718025,0.7349911204424604,0.4699822408849208,0.797752808988764,0.7395833333333334,0.8658536585365854,0.1653267086549472,,0.02205204963684082
Logistic Regression,False,1:1,2,13,3,outer_training_repeated_stratified_cv,nested_fold_training_selected80,2e9654b3bae28b7f5cdb28ee62939918e683645949003400c88cb9e84776ca80,2f5fe7fdfc0b66e83d5a7e7e149d13d4024df5883b4e4159c8f2a3c735d60b8c,aef9953502474bbf497aa3388b535c8ec4609429a2522121822c5c0c34653723,654,164,0.5,0.7952111838191552,0.7548669953644751,0.5097339907289502,0.7469879518072289,0.7380952380952381,0.7560975609756098,0.1890132305822828,,0.015928030014038086
Logistic Regression,False,1:1,2,13,4,outer_training_repeated_stratified_cv,nested_fold_training_selected80,62120243085934ba40e34cb6a3184f737b6f28629b754affa403879b5678f746,348f735c69e08433061e41b7518fed4c20a71b7ef810663a9c109ccdfdbb44a2,72a254a5f2a4aedd3af3d81a6ee63c3deb805b1a506f8b1e45d264b1c89dd06e,656,162,0.5,0.8378295991464716,0.844007097622401,0.688014195244802,0.8044692737430168,0.7346938775510204,0.8888888888888888,0.1608862266644425,,0.009701251983642578
Linear SVM,False,1:1,0,42,0,outer_training_repeated_stratified_cv,nested_fold_training_selected80,5278fff3821350ea3dc0c70b80e6e99f83336c8ad2b59b7373f297543e130dfd,59ab623a6fd2b1fed6ea59d4420d8b51c9da7bf972e93c74c6f8499ae9c52023,7b0fa24903b8cdc5a08676b2c829ec06863d7581912c5b6ebc2f0c80d27dbdbe,654,164,0.5,0.828078524687686,0.783009555312823,0.566019110625646,0.776595744680851,0.6886792452830188,0.8902439024390244,0.18617661933207266,,0.20555377006530762
Linear SVM,False,1:1,0,42,1,outer_training_repeated_stratified_cv,nested_fold_training_selected80,3398140c2e00dc38b670c41174640c34bdda9f6cd1367fd0977367652cc22e38,f66a9d46ada9f2c720c29f4a2170b56fa4e599fc6efd6d16745318b5923deb47,b2563a6c33969e4a6bb9c954023fe0e57453b8045ac09a63723a6805a51c9156,654,164,0.5,0.7914931588340274,0.7918823891801742,0.5837647783603483,0.7485380116959064,0.7191011235955056,0.7804878048780488,0.19397967002761943,,0.1777348518371582
Linear SVM,False,1:1,0,42,2,outer_training_repeated_stratified_cv,nested_fold_training_selected80,925090bcb392d41f06c980858132ef87f005a390fd68d1b0c688053eb6d7ba04,5ed471c59d6e2f54cdd65e2737a75ba57a350dad7984e2318d16214bb66d28f8,2444d14ff567b2eeca973896fa6cde602f8aa12430c74ec9b2547ad41729d674,654,164,0.5,0.8381915526472338,0.7832735578797196,0.5665471157594393,0.7777777777777778,0.7142857142857143,0.8536585365853658,0.17023811228487748,,0.13853883743286133
Linear SVM,False,1:1,0,42,3,outer_training_repeated_stratified_cv,nested_fold_training_selected80,4d111ad9204fba96f909bb2562700bad74ca678c6f83c13fd7ea8c69b16dd807,e90922b7bb8cd3eabf44e9630180d9357da8f8ac2f311138363642020c1dcf80,08942af6ef5e95e4966e919e8cd48f98f7490caf3a5f5ed389bf63f95e6d8a8c,654,164,0.5,0.7795211183819155,0.7124408963723105,0.4248817927446209,0.745945945945946,0.6699029126213593,0.8414634146341463,0.1951407978375734,,0.2105717658996582
Linear SVM,False,1:1,0,42,4,outer_training_repeated_stratified_cv,nested_fold_training_selected80,cd9e7bcf1f2a4a6d25455689bc11c8ee7bec0452c5c1c2aca61597c0d45759bb,5665a9f2c93203cbc2f88d1662f9840d2a40f41ad01123fa61bbf9f36c8333e9,32cfdbe9e420ac6c89283da38df44395a7e2e9a12b0d9ac84e4434065222778c,656,162,0.5,0.7655845145557079,0.7204159909350655,0.44083198187013095,0.7486631016042781,0.660377358490566,0.8641975308641975,0.20394949626398157,,0.12522530555725098
Linear SVM,False,1:1,1,7,0,outer_training_repeated_stratified_cv,nested_fold_training_selected80,2e6ca5303b34a4fe854d80284e572f74a5d6f5f2a5796bc30f898b7b639b075e,db68b2d1699bcc7a1cc9c6f756e3910799251ac31f2d641e29a239fe3181ff92,335af9bd7afcd2259d1181eaa5819120f30652df5f64c3243ff1b8197a79d2dc,654,164,0.5,0.7736466389054134,0.7061993615736526,0.4123987231473052,0.7727272727272727,0.723404255319149,0.8292682926829268,0.19984990518601928,,0.16466021537780762
Linear SVM,False,1:1,1,7,1,outer_training_repeated_stratified_cv,nested_fold_training_selected80,f68df1df1b2c5cbd6db7041da2263a333c7c7b441ee9ca0dcccf733fd89454a2,4f2b4d0b2d694c558e9bb7a6465bed1ac6448325524d50c791021e209ccdaf5d,86aada5abf18cf3701c6e51e14a33d21e3b2ad895f3f0c45c8d5a0bd4f5fcc4a,654,164,0.5,0.7646490184414039,0.6848808068577396,0.3697616137154791,0.7675675675675676,0.6893203883495146,0.8658536585365854,0.2019021523756928,,0.14020276069641113
Linear SVM,False,1:1,1,7,2,outer_training_repeated_stratified_cv,nested_fold_training_selected80,bc7931d975347cf6576f7f626831ec012ccf984a95e6fd0587ef6df70e8d3068,949cdc431ad2125fada26ddf601bbc12103ac458adbb00518b502a27c4927d5c,5df8524acbc6019e5523bc48ded764fc33e1d60fc4db4b43aba433f43e49efd9,654,164,0.5,0.8139500297441999,0.7753670429649011,0.5507340859298022,0.7868852459016393,0.7128712871287128,0.8780487804878049,0.18219980538375757,,0.1796579360961914
Linear SVM,False,1:1,1,7,3,outer_training_repeated_stratified_cv,nested_fold_training_selected80,a1818ebf18f9e8e948971a8bdad5f89505e8c82be5c4dcc926f14605bda9aec9,9c7ff1132650efbf5ac87f0d8960f2e63039cec602b277720f2f4a055c1463a9,774ee8a88809e1b49e5c4a3d351bd74417ebe2c9f7a902be8c531548de80fd28,654,164,0.5,0.8123140987507436,0.7536896676680406,0.5073793353360811,0.7868852459016393,0.7128712871287128,0.8780487804878049,0.18076540001599722,,0.15282821655273438
Linear SVM,False,1:1,1,7,4,outer_training_repeated_stratified_cv,nested_fold_training_selected80,93937c4f98d6d775557fb35b1a1de47f4466aa14a18df0b9fb68833c2587fb88,717d1fde29d688119ddcb0e8d6fdaddeae45b7f31dcfad4181a313b2268ad4f7,e2f3e3e1fcabf2b6e1cdf7a8755dc0d935aeaa37f0988f433f20e9e4a3703b20,656,162,0.5,0.7475232434080171,0.7148531731888107,0.4297063463776214,0.7,0.6363636363636364,0.7777777777777778,0.21529122577948576,,0.22790002822875977
Linear SVM,False,1:1,2,13,0,outer_training_repeated_stratified_cv,nested_fold_training_selected80,9b73517e58eb8ba0bc638627177cb05554c3e37ec35c51dddb15f6948ee26efd,c32c0830de98179691d483e4bd16e96a7012503416cf7c5cb518aa73354726c5,dd03cf03ac7cd26fa9d46f8eb6dccbdb0da15e795c1a668e5846cf19a35471e5,654,164,0.5,0.7656157049375372,0.7072090269869755,0.41441805397395104,0.7411764705882353,0.7159090909090909,0.7682926829268293,0.20099717767598774,,0.1361379623413086
Linear SVM,False,1:1,2,13,1,outer_training_repeated_stratified_cv,nested_fold_training_selected80,b684ea62f4f42114312136c66e5fc274b7cdacfddc1241c2ce12e887dcacf769,618241230c15e0051e7d5cd6e15b8cb3d5f5dcb755f877ce96d14461fc9092ff,8fddf42f5b799d421f6cf75cb21b504e783650587e7cf896b2e457fc367fd5f1,654,164,0.5,0.7547590719809637,0.6854955086988912,0.3709910173977824,0.7403314917127072,0.6767676767676768,0.8170731707317073,0.2050010019822431,,0.1736588478088379
Linear SVM,False,1:1,2,13,2,outer_training_repeated_stratified_cv,nested_fold_training_selected80,ac8146237297375e1e17df069ef0bc4d10251551f48a864f205aa481cb0be3ef,361956c25a3092096f7dd9e26d21f52d379ce291171191a70b0fe88e35b120db,4de770fe3d9d10d0c84663725a69efe70ff007a9742e66dcd731d1a32a817de0,654,164,0.5,0.8236168947055325,0.7408748381038328,0.4817496762076656,0.7956989247311828,0.7115384615384616,0.9024390243902439,0.18886430580459754,,0.2237701416015625
Linear SVM,False,1:1,2,13,3,outer_training_repeated_stratified_cv,nested_fold_training_selected80,2e9654b3bae28b7f5cdb28ee62939918e683645949003400c88cb9e84776ca80,2f5fe7fdfc0b66e83d5a7e7e149d13d4024df5883b4e4159c8f2a3c735d60b8c,aef9953502474bbf497aa3388b535c8ec4609429a2522121822c5c0c34653723,654,164,0.5,0.7943188578227246,0.7600567900471975,0.520113580094395,0.7540983606557377,0.6831683168316832,0.8414634146341463,0.20311768052598406,,0.1880171298980713
Linear SVM,False,1:1,2,13,4,outer_training_repeated_stratified_cv,nested_fold_training_selected80,62120243085934ba40e34cb6a3184f737b6f28629b754affa403879b5678f746,348f735c69e08433061e41b7518fed4c20a71b7ef810663a9c109ccdfdbb44a2,72a254a5f2a4aedd3af3d81a6ee63c3deb805b1a506f8b1e45d264b1c89dd06e,656,162,0.5,0.8363054412437129,0.8145387122754303,0.6290774245508606,0.8021390374331551,0.7075471698113207,0.9259259259259259,0.17531350253366118,,0.2191758155822754
RBF SVM,False,1:1,0,42,0,outer_training_repeated_stratified_cv,nested_fold_training_selected80,5278fff3821350ea3dc0c70b80e6e99f83336c8ad2b59b7373f297543e130dfd,59ab623a6fd2b1fed6ea59d4420d8b51c9da7bf972e93c74c6f8499ae9c52023,7b0fa24903b8cdc5a08676b2c829ec06863d7581912c5b6ebc2f0c80d27dbdbe,654,164,0.5,0.8428762641284949,0.8442052188302918,0.6884104376605835,0.7630057803468208,0.7252747252747253,0.8048780487804879,0.16656790286024573,,0.0711209774017334
RBF SVM,False,1:1,0,42,1,outer_training_repeated_stratified_cv,nested_fold_training_selected80,3398140c2e00dc38b670c41174640c34bdda9f6cd1367fd0977367652cc22e38,f66a9d46ada9f2c720c29f4a2170b56fa4e599fc6efd6d16745318b5923deb47,b2563a6c33969e4a6bb9c954023fe0e57453b8045ac09a63723a6805a51c9156,654,164,0.5,0.8097858417608567,0.7906874143660854,0.5813748287321707,0.7469879518072289,0.7380952380952381,0.7560975609756098,0.1771350439570972,,0.07439780235290527
RBF SVM,False,1:1,0,42,2,outer_training_repeated_stratified_cv,nested_fold_training_selected80,925090bcb392d41f06c980858132ef87f005a390fd68d1b0c688053eb6d7ba04,5ed471c59d6e2f54cdd65e2737a75ba57a350dad7984e2318d16214bb66d28f8,2444d14ff567b2eeca973896fa6cde602f8aa12430c74ec9b2547ad41729d674,654,164,0.5,0.8372992266508031,0.8154847627981241,0.6309695255962482,0.7727272727272727,0.723404255319149,0.8292682926829268,0.16932120986996013,,0.07525897026062012
RBF SVM,False,1:1,0,42,3,outer_training_repeated_stratified_cv,nested_fold_training_selected80,4d111ad9204fba96f909bb2562700bad74ca678c6f83c13fd7ea8c69b16dd807,e90922b7bb8cd3eabf44e9630180d9357da8f8ac2f311138363642020c1dcf80,08942af6ef5e95e4966e919e8cd48f98f7490caf3a5f5ed389bf63f95e6d8a8c,654,164,0.5,0.8285246876859013,0.8033820611292566,0.6067641222585132,0.7241379310344828,0.6847826086956522,0.7682926829268293,0.17287124052522448,,0.07355713844299316
RBF SVM,False,1:1,0,42,4,outer_training_repeated_stratified_cv,nested_fold_training_selected80,cd9e7bcf1f2a4a6d25455689bc11c8ee7bec0452c5c1c2aca61597c0d45759bb,5665a9f2c93203cbc2f88d1662f9840d2a40f41ad01123fa61bbf9f36c8333e9,32cfdbe9e420ac6c89283da38df44395a7e2e9a12b0d9ac84e4434065222778c,656,162,0.5,0.7843316567596403,0.7447612055275146,0.48952241105502914,0.7555555555555555,0.6868686868686869,0.8395061728395061,0.1908210919964284,,0.07087492942810059
RBF SVM,False,1:1,1,7,0,outer_training_repeated_stratified_cv,nested_fold_training_selected80,2e6ca5303b34a4fe854d80284e572f74a5d6f5f2a5796bc30f898b7b639b075e,db68b2d1699bcc7a1cc9c6f756e3910799251ac31f2d641e29a239fe3181ff92,335af9bd7afcd2259d1181eaa5819120f30652df5f64c3243ff1b8197a79d2dc,654,164,0.5,0.7922367638310529,0.7360677011798189,0.4721354023596378,0.7134502923976608,0.6853932584269663,0.7439024390243902,0.18233979389886137,,0.07055401802062988
RBF SVM,False,1:1,1,7,1,outer_training_repeated_stratified_cv,nested_fold_training_selected80,f68df1df1b2c5cbd6db7041da2263a333c7c7b441ee9ca0dcccf733fd89454a2,4f2b4d0b2d694c558e9bb7a6465bed1ac6448325524d50c791021e209ccdaf5d,86aada5abf18cf3701c6e51e14a33d21e3b2ad895f3f0c45c8d5a0bd4f5fcc4a,654,164,0.5,0.8340273646638905,0.81503649796491,0.6300729959298199,0.7529411764705882,0.7272727272727273,0.7804878048780488,0.16630038570045136,,0.07256889343261719
RBF SVM,False,1:1,1,7,2,outer_training_repeated_stratified_cv,nested_fold_training_selected80,bc7931d975347cf6576f7f626831ec012ccf984a95e6fd0587ef6df70e8d3068,949cdc431ad2125fada26ddf601bbc12103ac458adbb00518b502a27c4927d5c,5df8524acbc6019e5523bc48ded764fc33e1d60fc4db4b43aba433f43e49efd9,654,164,0.5,0.8353658536585367,0.826822634984173,0.6536452699683459,0.7486033519553073,0.6907216494845361,0.8170731707317073,0.17112088545148607,,0.07297205924987793
RBF SVM,False,1:1,1,7,3,outer_training_repeated_stratified_cv,nested_fold_training_selected80,a1818ebf18f9e8e948971a8bdad5f89505e8c82be5c4dcc926f14605bda9aec9,9c7ff1132650efbf5ac87f0d8960f2e63039cec602b277720f2f4a055c1463a9,774ee8a88809e1b49e5c4a3d351bd74417ebe2c9f7a902be8c531548de80fd28,654,164,0.5,0.8244348602022605,0.8047779036272091,0.6095558072544183,0.7283236994219653,0.6923076923076923,0.7682926829268293,0.17365173994915756,,0.07418680191040039
RBF SVM,False,1:1,1,7,4,outer_training_repeated_stratified_cv,nested_fold_training_selected80,93937c4f98d6d775557fb35b1a1de47f4466aa14a18df0b9fb68833c2587fb88,717d1fde29d688119ddcb0e8d6fdaddeae45b7f31dcfad4181a313b2268ad4f7,e2f3e3e1fcabf2b6e1cdf7a8755dc0d935aeaa37f0988f433f20e9e4a3703b20,656,162,0.5,0.7600975461057766,0.7504322685807207,0.5008645371614413,0.6936416184971098,0.6521739130434783,0.7407407407407407,0.19936125181221281,,0.07363510131835938
RBF SVM,False,1:1,2,13,0,outer_training_repeated_stratified_cv,nested_fold_training_selected80,9b73517e58eb8ba0bc638627177cb05554c3e37ec35c51dddb15f6948ee26efd,c32c0830de98179691d483e4bd16e96a7012503416cf7c5cb518aa73354726c5,dd03cf03ac7cd26fa9d46f8eb6dccbdb0da15e795c1a668e5846cf19a35471e5,654,164,0.5,0.8231707317073171,0.8166385331097451,0.6332770662194902,0.7439024390243902,0.7439024390243902,0.7439024390243902,0.1800300371915343,,0.0745079517364502
RBF SVM,False,1:1,2,13,1,outer_training_repeated_stratified_cv,nested_fold_training_selected80,b684ea62f4f42114312136c66e5fc274b7cdacfddc1241c2ce12e887dcacf769,618241230c15e0051e7d5cd6e15b8cb3d5f5dcb755f877ce96d14461fc9092ff,8fddf42f5b799d421f6cf75cb21b504e783650587e7cf896b2e457fc367fd5f1,654,164,0.5,0.7752825698988698,0.713260008502298,0.42652001700459596,0.7582417582417582,0.69,0.8414634146341463,0.19194869003812848,,0.07540416717529297
RBF SVM,False,1:1,2,13,2,outer_training_repeated_stratified_cv,nested_fold_training_selected80,ac8146237297375e1e17df069ef0bc4d10251551f48a864f205aa481cb0be3ef,361956c25a3092096f7dd9e26d21f52d379ce291171191a70b0fe88e35b120db,4de770fe3d9d10d0c84663725a69efe70ff007a9742e66dcd731d1a32a817de0,654,164,0.5,0.8338786436644854,0.8217848912402352,0.6435697824804705,0.768361581920904,0.7157894736842105,0.8292682926829268,0.17096620905788004,,0.07230281829833984
RBF SVM,False,1:1,2,13,3,outer_training_repeated_stratified_cv,nested_fold_training_selected80,2e9654b3bae28b7f5cdb28ee62939918e683645949003400c88cb9e84776ca80,2f5fe7fdfc0b66e83d5a7e7e149d13d4024df5883b4e4159c8f2a3c735d60b8c,aef9953502474bbf497aa3388b535c8ec4609429a2522121822c5c0c34653723,654,164,0.5,0.8106781677572873,0.7858204049790916,0.5716408099581831,0.7065868263473054,0.6941176470588235,0.7195121951219512,0.1807900123864041,,0.07448482513427734
RBF SVM,False,1:1,2,13,4,outer_training_repeated_stratified_cv,nested_fold_training_selected80,62120243085934ba40e34cb6a3184f737b6f28629b754affa403879b5678f746,348f735c69e08433061e41b7518fed4c20a71b7ef810663a9c109ccdfdbb44a2,72a254a5f2a4aedd3af3d81a6ee63c3deb805b1a506f8b1e45d264b1c89dd06e,656,162,0.5,0.8108520042676421,0.7743374084906121,0.5486748169812241,0.7294117647058823,0.6966292134831461,0.7654320987654321,0.1757062521731614,,0.0749359130859375
k-NN (k=7),False,1:1,0,42,0,outer_training_repeated_stratified_cv,nested_fold_training_selected80,5278fff3821350ea3dc0c70b80e6e99f83336c8ad2b59b7373f297543e130dfd,59ab623a6fd2b1fed6ea59d4420d8b51c9da7bf972e93c74c6f8499ae9c52023,7b0fa24903b8cdc5a08676b2c829ec06863d7581912c5b6ebc2f0c80d27dbdbe,654,164,0.5,0.7656900654372397,0.7055419448245478,0.4110838896490956,0.7444444444444445,0.6836734693877551,0.8170731707317073,0.20072175211548038,,0.03477883338928223
k-NN (k=7),False,1:1,0,42,1,outer_training_repeated_stratified_cv,nested_fold_training_selected80,3398140c2e00dc38b670c41174640c34bdda9f6cd1367fd0977367652cc22e38,f66a9d46ada9f2c720c29f4a2170b56fa4e599fc6efd6d16745318b5923deb47,b2563a6c33969e4a6bb9c954023fe0e57453b8045ac09a63723a6805a51c9156,654,164,0.5,0.7456870910172516,0.6791091024007644,0.3582182048015288,0.7011494252873564,0.6630434782608695,0.7439024390243902,0.20569935291189648,,0.020727157592773438
k-NN (k=7),False,1:1,0,42,2,outer_training_repeated_stratified_cv,nested_fold_training_selected80,925090bcb392d41f06c980858132ef87f005a390fd68d1b0c688053eb6d7ba04,5ed471c59d6e2f54cdd65e2737a75ba57a350dad7984e2318d16214bb66d28f8,2444d14ff567b2eeca973896fa6cde602f8aa12430c74ec9b2547ad41729d674,654,164,0.5,0.768813206424747,0.6897647968203555,0.37952959364071104,0.7513812154696132,0.6868686868686869,0.8292682926829268,0.1850423096067695,,0.04216194152832031
k-NN (k=7),False,1:1,0,42,3,outer_training_repeated_stratified_cv,nested_fold_training_selected80,4d111ad9204fba96f909bb2562700bad74ca678c6f83c13fd7ea8c69b16dd807,e90922b7bb8cd3eabf44e9630180d9357da8f8ac2f311138363642020c1dcf80,08942af6ef5e95e4966e919e8cd48f98f7490caf3a5f5ed389bf63f95e6d8a8c,654,164,0.5,0.7537923854848304,0.6927545398861097,0.3855090797722194,0.7263157894736842,0.6388888888888888,0.8414634146341463,0.20196615231458437,,0.01904892921447754
k-NN (k=7),False,1:1,0,42,4,outer_training_repeated_stratified_cv,nested_fold_training_selected80,cd9e7bcf1f2a4a6d25455689bc11c8ee7bec0452c5c1c2aca61597c0d45759bb,5665a9f2c93203cbc2f88d1662f9840d2a40f41ad01123fa61bbf9f36c8333e9,32cfdbe9e420ac6c89283da38df44395a7e2e9a12b0d9ac84e4434065222778c,656,162,0.5,0.7148300563938423,0.6343164715259982,0.2686329430519965,0.7431693989071039,0.6666666666666666,0.8395061728395061,0.22272612748803222,,0.015189886093139648
k-NN (k=7),False,1:1,1,7,0,outer_training_repeated_stratified_cv,nested_fold_training_selected80,2e6ca5303b34a4fe854d80284e572f74a5d6f5f2a5796bc30f898b7b639b075e,db68b2d1699bcc7a1cc9c6f756e3910799251ac31f2d641e29a239fe3181ff92,335af9bd7afcd2259d1181eaa5819120f30652df5f64c3243ff1b8197a79d2dc,654,164,0.5,0.7419690660321238,0.6754074323662866,0.3508148647325733,0.6976744186046512,0.6666666666666666,0.7317073170731707,0.20619711299153806,,0.015079975128173828
k-NN (k=7),False,1:1,1,7,1,outer_training_repeated_stratified_cv,nested_fold_training_selected80,f68df1df1b2c5cbd6db7041da2263a333c7c7b441ee9ca0dcccf733fd89454a2,4f2b4d0b2d694c558e9bb7a6465bed1ac6448325524d50c791021e209ccdaf5d,86aada5abf18cf3701c6e51e14a33d21e3b2ad895f3f0c45c8d5a0bd4f5fcc4a,654,164,0.5,0.7732004759071981,0.6949400237799078,0.38988004755981565,0.7657142857142857,0.7204301075268817,0.8170731707317073,0.18815331010452965,,0.012137889862060547
k-NN (k=7),False,1:1,1,7,2,outer_training_repeated_stratified_cv,nested_fold_training_selected80,bc7931d975347cf6576f7f626831ec012ccf984a95e6fd0587ef6df70e8d3068,949cdc431ad2125fada26ddf601bbc12103ac458adbb00518b502a27c4927d5c,5df8524acbc6019e5523bc48ded764fc33e1d60fc4db4b43aba433f43e49efd9,654,164,0.5,0.7917906008328375,0.734310013483405,0.46862002696680993,0.7675675675675676,0.6893203883495146,0.8658536585365854,0.18056246888999505,,0.012508869171142578
k-NN (k=7),False,1:1,1,7,3,outer_training_repeated_stratified_cv,nested_fold_training_selected80,a1818ebf18f9e8e948971a8bdad5f89505e8c82be5c4dcc926f14605bda9aec9,9c7ff1132650efbf5ac87f0d8960f2e63039cec602b277720f2f4a055c1463a9,774ee8a88809e1b49e5c4a3d351bd74417ebe2c9f7a902be8c531548de80fd28,654,164,0.5,0.7482153480071386,0.7103113860558299,0.42062277211165977,0.6936416184971098,0.6593406593406593,0.7317073170731707,0.2064459930313589,,0.018030166625976562
k-NN (k=7),False,1:1,1,7,4,outer_training_repeated_stratified_cv,nested_fold_training_selected80,93937c4f98d6d775557fb35b1a1de47f4466aa14a18df0b9fb68833c2587fb88,717d1fde29d688119ddcb0e8d6fdaddeae45b7f31dcfad4181a313b2268ad4f7,e2f3e3e1fcabf2b6e1cdf7a8755dc0d935aeaa37f0988f433f20e9e4a3703b20,656,162,0.5,0.7028654168571864,0.6467873713454586,0.2935747426909172,0.6740331491712708,0.61,0.7530864197530864,0.22776518014613253,,0.013113737106323242
k-NN (k=7),False,1:1,2,13,0,outer_training_repeated_stratified_cv,nested_fold_training_selected80,9b73517e58eb8ba0bc638627177cb05554c3e37ec35c51dddb15f6948ee26efd,c32c0830de98179691d483e4bd16e96a7012503416cf7c5cb518aa73354726c5,dd03cf03ac7cd26fa9d46f8eb6dccbdb0da15e795c1a668e5846cf19a35471e5,654,164,0.5,0.7546847114812612,0.6943895869253132,0.3887791738506263,0.7231638418079096,0.6736842105263158,0.7804878048780488,0.1989795918367347,,0.01071619987487793
k-NN (k=7),False,1:1,2,13,1,outer_training_repeated_stratified_cv,nested_fold_training_selected80,b684ea62f4f42114312136c66e5fc274b7cdacfddc1241c2ce12e887dcacf769,618241230c15e0051e7d5cd6e15b8cb3d5f5dcb755f877ce96d14461fc9092ff,8fddf42f5b799d421f6cf75cb21b504e783650587e7cf896b2e457fc367fd5f1,654,164,0.5,0.7343099345627602,0.6659272277215074,0.33185445544301473,0.7150837988826816,0.6597938144329897,0.7804878048780488,0.21241911398705826,,0.029870986938476562
k-NN (k=7),False,1:1,2,13,2,outer_training_repeated_stratified_cv,nested_fold_training_selected80,ac8146237297375e1e17df069ef0bc4d10251551f48a864f205aa481cb0be3ef,361956c25a3092096f7dd9e26d21f52d379ce291171191a70b0fe88e35b120db,4de770fe3d9d10d0c84663725a69efe70ff007a9742e66dcd731d1a32a817de0,654,164,0.5,0.8132807852468769,0.758415444597995,0.5168308891959901,0.7344632768361582,0.6842105263157895,0.7926829268292683,0.16998506719761075,,0.014759063720703125
k-NN (k=7),False,1:1,2,13,3,outer_training_repeated_stratified_cv,nested_fold_training_selected80,2e9654b3bae28b7f5cdb28ee62939918e683645949003400c88cb9e84776ca80,2f5fe7fdfc0b66e83d5a7e7e149d13d4024df5883b4e4159c8f2a3c735d60b8c,aef9953502474bbf497aa3388b535c8ec4609429a2522121822c5c0c34653723,654,164,0.5,0.7307406305770375,0.6676609132581239,0.33532182651624787,0.7142857142857143,0.65,0.7926829268292683,0.20943255350920856,,0.009361982345581055
k-NN (k=7),False,1:1,2,13,4,outer_training_repeated_stratified_cv,nested_fold_training_selected80,62120243085934ba40e34cb6a3184f737b6f28629b754affa403879b5678f746,348f735c69e08433061e41b7518fed4c20a71b7ef810663a9c109ccdfdbb44a2,72a254a5f2a4aedd3af3d81a6ee63c3deb805b1a506f8b1e45d264b1c89dd06e,656,162,0.5,0.7116293247980491,0.6479724990279425,0.29594499805588503,0.6863905325443787,0.6590909090909091,0.7160493827160493,0.21932476694381453,,0.011636972427368164
Gaussian Naive Bayes,False,1:1,0,42,0,outer_training_repeated_stratified_cv,nested_fold_training_selected80,5278fff3821350ea3dc0c70b80e6e99f83336c8ad2b59b7373f297543e130dfd,59ab623a6fd2b1fed6ea59d4420d8b51c9da7bf972e93c74c6f8499ae9c52023,7b0fa24903b8cdc5a08676b2c829ec06863d7581912c5b6ebc2f0c80d27dbdbe,654,164,0.5,0.6881320642474718,0.6287179307633601,0.25743586152672027,0.736318407960199,0.6218487394957983,0.9024390243902439,0.3230946362018585,,0.005011796951293945
Gaussian Naive Bayes,False,1:1,0,42,1,outer_training_repeated_stratified_cv,nested_fold_training_selected80,3398140c2e00dc38b670c41174640c34bdda9f6cd1367fd0977367652cc22e38,f66a9d46ada9f2c720c29f4a2170b56fa4e599fc6efd6d16745318b5923deb47,b2563a6c33969e4a6bb9c954023fe0e57453b8045ac09a63723a6805a51c9156,654,164,0.5,0.7196609161213564,0.6634217685267823,0.3268435370535645,0.743455497382199,0.6513761467889908,0.8658536585365854,0.2991795837879181,,0.007598876953125
Gaussian Naive Bayes,False,1:1,0,42,2,outer_training_repeated_stratified_cv,nested_fold_training_selected80,925090bcb392d41f06c980858132ef87f005a390fd68d1b0c688053eb6d7ba04,5ed471c59d6e2f54cdd65e2737a75ba57a350dad7984e2318d16214bb66d28f8,2444d14ff567b2eeca973896fa6cde602f8aa12430c74ec9b2547ad41729d674,654,164,0.5,0.7567668054729328,0.6836566027201331,0.36731320544026613,0.7708333333333334,0.6727272727272727,0.9024390243902439,0.2695329785346985,,0.006225109100341797
Gaussian Naive Bayes,False,1:1,0,42,3,outer_training_repeated_stratified_cv,nested_fold_training_selected80,4d111ad9204fba96f909bb2562700bad74ca678c6f83c13fd7ea8c69b16dd807,e90922b7bb8cd3eabf44e9630180d9357da8f8ac2f311138363642020c1dcf80,08942af6ef5e95e4966e919e8cd48f98f7490caf3a5f5ed389bf63f95e6d8a8c,654,164,0.5,0.7089530041641879,0.6402404047636026,0.2804808095272051,0.7487179487179487,0.6460176991150443,0.8902439024390244,0.2987719178199768,,0.00458526611328125
Gaussian Naive Bayes,False,1:1,0,42,4,outer_training_repeated_stratified_cv,nested_fold_training_selected80,cd9e7bcf1f2a4a6d25455689bc11c8ee7bec0452c5c1c2aca61597c0d45759bb,5665a9f2c93203cbc2f88d1662f9840d2a40f41ad01123fa61bbf9f36c8333e9,32cfdbe9e420ac6c89283da38df44395a7e2e9a12b0d9ac84e4434065222778c,656,162,0.5,0.6947873799725651,0.6409266851618649,0.2818533703237298,0.7058823529411765,0.5853658536585366,0.8888888888888888,0.3652706742286682,,0.004487276077270508
Gaussian Naive Bayes,False,1:1,1,7,0,outer_training_repeated_stratified_cv,nested_fold_training_selected80,2e6ca5303b34a4fe854d80284e572f74a5d6f5f2a5796bc30f898b7b639b075e,db68b2d1699bcc7a1cc9c6f756e3910799251ac31f2d641e29a239fe3181ff92,335af9bd7afcd2259d1181eaa5819120f30652df5f64c3243ff1b8197a79d2dc,654,164,0.5,0.7055324211778703,0.6435191514953131,0.28703830299062627,0.7346938775510204,0.631578947368421,0.8780487804878049,0.3097578287124634,,0.004525184631347656
Gaussian Naive Bayes,False,1:1,1,7,1,outer_training_repeated_stratified_cv,nested_fold_training_selected80,f68df1df1b2c5cbd6db7041da2263a333c7c7b441ee9ca0dcccf733fd89454a2,4f2b4d0b2d694c558e9bb7a6465bed1ac6448325524d50c791021e209ccdaf5d,86aada5abf18cf3701c6e51e14a33d21e3b2ad895f3f0c45c8d5a0bd4f5fcc4a,654,164,0.5,0.7134146341463415,0.6435054187540162,0.28701083750803247,0.7307692307692307,0.6031746031746031,0.926829268292683,0.33432117104530334,,0.00481104850769043
Gaussian Naive Bayes,False,1:1,1,7,2,outer_training_repeated_stratified_cv,nested_fold_training_selected80,bc7931d975347cf6576f7f626831ec012ccf984a95e6fd0587ef6df70e8d3068,949cdc431ad2125fada26ddf601bbc12103ac458adbb00518b502a27c4927d5c,5df8524acbc6019e5523bc48ded764fc33e1d60fc4db4b43aba433f43e49efd9,654,164,0.5,0.6937834622248662,0.6222835764390535,0.24456715287810704,0.7336683417085427,0.6239316239316239,0.8902439024390244,0.3120296895503998,,0.005021095275878906
Gaussian Naive Bayes,False,1:1,1,7,3,outer_training_repeated_stratified_cv,nested_fold_training_selected80,a1818ebf18f9e8e948971a8bdad5f89505e8c82be5c4dcc926f14605bda9aec9,9c7ff1132650efbf5ac87f0d8960f2e63039cec602b277720f2f4a055c1463a9,774ee8a88809e1b49e5c4a3d351bd74417ebe2c9f7a902be8c531548de80fd28,654,164,0.5,0.7280636525877454,0.6830663014549386,0.36613260290987726,0.7351351351351352,0.6601941747572816,0.8292682926829268,0.2814699709415436,,0.004870176315307617
Gaussian Naive Bayes,False,1:1,1,7,4,outer_training_repeated_stratified_cv,nested_fold_training_selected80,93937c4f98d6d775557fb35b1a1de47f4466aa14a18df0b9fb68833c2587fb88,717d1fde29d688119ddcb0e8d6fdaddeae45b7f31dcfad4181a313b2268ad4f7,e2f3e3e1fcabf2b6e1cdf7a8755dc0d935aeaa37f0988f433f20e9e4a3703b20,656,162,0.5,0.6572930955647005,0.602533551972416,0.20506710394483196,0.7070707070707071,0.5982905982905983,0.8641975308641975,0.35421961545944214,,0.004988908767700195
Gaussian Naive Bayes,False,1:1,2,13,0,outer_training_repeated_stratified_cv,nested_fold_training_selected80,9b73517e58eb8ba0bc638627177cb05554c3e37ec35c51dddb15f6948ee26efd,c32c0830de98179691d483e4bd16e96a7012503416cf7c5cb518aa73354726c5,dd03cf03ac7cd26fa9d46f8eb6dccbdb0da15e795c1a668e5846cf19a35471e5,654,164,0.5,0.7090273646638905,0.6374995155336511,0.2749990310673023,0.7437185929648241,0.6324786324786325,0.9024390243902439,0.31037256121635437,,0.0047528743743896484
Gaussian Naive Bayes,False,1:1,2,13,1,outer_training_repeated_stratified_cv,nested_fold_training_selected80,b684ea62f4f42114312136c66e5fc274b7cdacfddc1241c2ce12e887dcacf769,618241230c15e0051e7d5cd6e15b8cb3d5f5dcb755f877ce96d14461fc9092ff,8fddf42f5b799d421f6cf75cb21b504e783650587e7cf896b2e457fc367fd5f1,654,164,0.5,0.7225609756097561,0.663900672314643,0.327801344629286,0.7411167512690355,0.6347826086956522,0.8902439024390244,0.30684810876846313,,0.004857063293457031
Gaussian Naive Bayes,False,1:1,2,13,2,outer_training_repeated_stratified_cv,nested_fold_training_selected80,ac8146237297375e1e17df069ef0bc4d10251551f48a864f205aa481cb0be3ef,361956c25a3092096f7dd9e26d21f52d379ce291171191a70b0fe88e35b120db,4de770fe3d9d10d0c84663725a69efe70ff007a9742e66dcd731d1a32a817de0,654,164,0.5,0.7334176085663295,0.6735397503969558,0.3470795007939116,0.7384615384615385,0.6371681415929203,0.8780487804878049,0.2939504086971283,,0.004673957824707031
Gaussian Naive Bayes,False,1:1,2,13,3,outer_training_repeated_stratified_cv,nested_fold_training_selected80,2e9654b3bae28b7f5cdb28ee62939918e683645949003400c88cb9e84776ca80,2f5fe7fdfc0b66e83d5a7e7e149d13d4024df5883b4e4159c8f2a3c735d60b8c,aef9953502474bbf497aa3388b535c8ec4609429a2522121822c5c0c34653723,654,164,0.5,0.6919244497323023,0.6278565664098497,0.2557131328196993,0.723404255319149,0.6415094339622641,0.8292682926829268,0.3037191927433014,,0.004437685012817383
Gaussian Naive Bayes,False,1:1,2,13,4,outer_training_repeated_stratified_cv,nested_fold_training_selected80,62120243085934ba40e34cb6a3184f737b6f28629b754affa403879b5678f746,348f735c69e08433061e41b7518fed4c20a71b7ef810663a9c109ccdfdbb44a2,72a254a5f2a4aedd3af3d81a6ee63c3deb805b1a506f8b1e45d264b1c89dd06e,656,162,0.5,0.6727632982777016,0.6112265381913079,0.2224530763826158,0.7272727272727273,0.59375,0.9382716049382716,0.34921231865882874,,0.005671262741088867
Random Forest,True,1:1,0,42,0,outer_training_repeated_stratified_cv,nested_fold_training_selected80,5278fff3821350ea3dc0c70b80e6e99f83336c8ad2b59b7373f297543e130dfd,59ab623a6fd2b1fed6ea59d4420d8b51c9da7bf972e93c74c6f8499ae9c52023,7b0fa24903b8cdc5a08676b2c829ec06863d7581912c5b6ebc2f0c80d27dbdbe,654,164,0.5,0.8643664485425342,0.838782448056355,0.6775648961127101,0.8172043010752689,0.7307692307692307,0.926829268292683,0.15217488608981927,,0.4231269359588623
Random Forest,True,1:1,0,42,1,outer_training_repeated_stratified_cv,nested_fold_training_selected80,3398140c2e00dc38b670c41174640c34bdda9f6cd1367fd0977367652cc22e38,f66a9d46ada9f2c720c29f4a2170b56fa4e599fc6efd6d16745318b5923deb47,b2563a6c33969e4a6bb9c954023fe0e57453b8045ac09a63723a6805a51c9156,654,164,0.5,0.842207019631172,0.8207191360824242,0.6414382721648484,0.8085106382978723,0.7169811320754716,0.926829268292683,0.15333533946974098,,0.4198479652404785
Random Forest,True,1:1,0,42,2,outer_training_repeated_stratified_cv,nested_fold_training_selected80,925090bcb392d41f06c980858132ef87f005a390fd68d1b0c688053eb6d7ba04,5ed471c59d6e2f54cdd65e2737a75ba57a350dad7984e2318d16214bb66d28f8,2444d14ff567b2eeca973896fa6cde602f8aa12430c74ec9b2547ad41729d674,654,164,0.5,0.8558893515764426,0.8269989200146047,0.6539978400292095,0.8,0.7037037037037037,0.926829268292683,0.1531755052888897,,0.41899609565734863
Random Forest,True,1:1,0,42,3,outer_training_repeated_stratified_cv,nested_fold_training_selected80,4d111ad9204fba96f909bb2562700bad74ca678c6f83c13fd7ea8c69b16dd807,e90922b7bb8cd3eabf44e9630180d9357da8f8ac2f311138363642020c1dcf80,08942af6ef5e95e4966e919e8cd48f98f7490caf3a5f5ed389bf63f95e6d8a8c,654,164,0.5,0.8432480666270077,0.8112115898921369,0.6224231797842739,0.7853403141361257,0.6880733944954128,0.9146341463414634,0.1607184828163731,,0.4279298782348633
Random Forest,True,1:1,0,42,4,outer_training_repeated_stratified_cv,nested_fold_training_selected80,cd9e7bcf1f2a4a6d25455689bc11c8ee7bec0452c5c1c2aca61597c0d45759bb,5665a9f2c93203cbc2f88d1662f9840d2a40f41ad01123fa61bbf9f36c8333e9,32cfdbe9e420ac6c89283da38df44395a7e2e9a12b0d9ac84e4434065222778c,656,162,0.5,0.8340192043895749,0.7799805439668568,0.5599610879337136,0.776595744680851,0.6822429906542056,0.9012345679012346,0.1607646779949062,,0.4076688289642334
Random Forest,True,1:1,1,7,0,outer_training_repeated_stratified_cv,nested_fold_training_selected80,2e6ca5303b34a4fe854d80284e572f74a5d6f5f2a5796bc30f898b7b639b075e,db68b2d1699bcc7a1cc9c6f756e3910799251ac31f2d641e29a239fe3181ff92,335af9bd7afcd2259d1181eaa5819120f30652df5f64c3243ff1b8197a79d2dc,654,164,0.5,0.8371505056513979,0.7783542855840051,0.5567085711680102,0.8020833333333334,0.7,0.9390243902439024,0.15887309510734987,,0.4175429344177246
Random Forest,True,1:1,1,7,1,outer_training_repeated_stratified_cv,nested_fold_training_selected80,f68df1df1b2c5cbd6db7041da2263a333c7c7b441ee9ca0dcccf733fd89454a2,4f2b4d0b2d694c558e9bb7a6465bed1ac6448325524d50c791021e209ccdaf5d,86aada5abf18cf3701c6e51e14a33d21e3b2ad895f3f0c45c8d5a0bd4f5fcc4a,654,164,0.5,0.837299226650803,0.7932909453739864,0.5865818907479727,0.8085106382978723,0.7169811320754716,0.926829268292683,0.15589765893954421,,0.4151480197906494
Random Forest,True,1:1,1,7,2,outer_training_repeated_stratified_cv,nested_fold_training_selected80,bc7931d975347cf6576f7f626831ec012ccf984a95e6fd0587ef6df70e8d3068,949cdc431ad2125fada26ddf601bbc12103ac458adbb00518b502a27c4927d5c,5df8524acbc6019e5523bc48ded764fc33e1d60fc4db4b43aba433f43e49efd9,654,164,0.5,0.8573765615704938,0.832894422860039,0.665788845720078,0.8128342245989305,0.7238095238095238,0.926829268292683,0.1515902942471624,,0.41120409965515137
Random Forest,True,1:1,1,7,3,outer_training_repeated_stratified_cv,nested_fold_training_selected80,a1818ebf18f9e8e948971a8bdad5f89505e8c82be5c4dcc926f14605bda9aec9,9c7ff1132650efbf5ac87f0d8960f2e63039cec602b277720f2f4a055c1463a9,774ee8a88809e1b49e5c4a3d351bd74417ebe2c9f7a902be8c531548de80fd28,654,164,0.5,0.8227245687091018,0.7898562930695994,0.5797125861391987,0.7675675675675676,0.6893203883495146,0.8658536585365854,0.16303436315815217,,0.40562891960144043
Random Forest,True,1:1,1,7,4,outer_training_repeated_stratified_cv,nested_fold_training_selected80,93937c4f98d6d775557fb35b1a1de47f4466aa14a18df0b9fb68833c2587fb88,717d1fde29d688119ddcb0e8d6fdaddeae45b7f31dcfad4181a313b2268ad4f7,e2f3e3e1fcabf2b6e1cdf7a8755dc0d935aeaa37f0988f433f20e9e4a3703b20,656,162,0.5,0.8399634202103338,0.7826051474043508,0.5652102948087017,0.8297872340425532,0.7289719626168224,0.9629629629629629,0.15954350499516654,,0.41335511207580566
Random Forest,True,1:1,2,13,0,outer_training_repeated_stratified_cv,nested_fold_training_selected80,9b73517e58eb8ba0bc638627177cb05554c3e37ec35c51dddb15f6948ee26efd,c32c0830de98179691d483e4bd16e96a7012503416cf7c5cb518aa73354726c5,dd03cf03ac7cd26fa9d46f8eb6dccbdb0da15e795c1a668e5846cf19a35471e5,654,164,0.5,0.8450327186198692,0.8253335971056242,0.6506671942112483,0.8,0.7184466019417476,0.9024390243902439,0.15640115597207258,,0.40935611724853516
Random Forest,True,1:1,2,13,1,outer_training_repeated_stratified_cv,nested_fold_training_selected80,b684ea62f4f42114312136c66e5fc274b7cdacfddc1241c2ce12e887dcacf769,618241230c15e0051e7d5cd6e15b8cb3d5f5dcb755f877ce96d14461fc9092ff,8fddf42f5b799d421f6cf75cb21b504e783650587e7cf896b2e457fc367fd5f1,654,164,0.5,0.8148423557406306,0.7640173332249602,0.5280346664499205,0.7717391304347826,0.696078431372549,0.8658536585365854,0.16791663281150676,,0.41802191734313965
Random Forest,True,1:1,2,13,2,outer_training_repeated_stratified_cv,nested_fold_training_selected80,ac8146237297375e1e17df069ef0bc4d10251551f48a864f205aa481cb0be3ef,361956c25a3092096f7dd9e26d21f52d379ce291171191a70b0fe88e35b120db,4de770fe3d9d10d0c84663725a69efe70ff007a9742e66dcd731d1a32a817de0,654,164,0.5,0.8567816775728733,0.7951993060530805,0.5903986121061611,0.806282722513089,0.7064220183486238,0.9390243902439024,0.15333888500107598,,0.4314239025115967
Random Forest,True,1:1,2,13,3,outer_training_repeated_stratified_cv,nested_fold_training_selected80,2e9654b3bae28b7f5cdb28ee62939918e683645949003400c88cb9e84776ca80,2f5fe7fdfc0b66e83d5a7e7e149d13d4024df5883b4e4159c8f2a3c735d60b8c,aef9953502474bbf497aa3388b535c8ec4609429a2522121822c5c0c34653723,654,164,0.5,0.8526174895895301,0.7818058824678378,0.5636117649356756,0.8235294117647058,0.7333333333333333,0.9390243902439024,0.15731087934768842,,0.4285612106323242
Random Forest,True,1:1,2,13,4,outer_training_repeated_stratified_cv,nested_fold_training_selected80,62120243085934ba40e34cb6a3184f737b6f28629b754affa403879b5678f746,348f735c69e08433061e41b7518fed4c20a71b7ef810663a9c109ccdfdbb44a2,72a254a5f2a4aedd3af3d81a6ee63c3deb805b1a506f8b1e45d264b1c89dd06e,656,162,0.5,0.8605395518975766,0.7949422216786473,0.5898844433572945,0.8351648351648352,0.7524752475247525,0.9382716049382716,0.14696646771078573,,0.4149971008300781
Extra Trees,False,1:1,0,42,0,outer_training_repeated_stratified_cv,nested_fold_training_selected80,5278fff3821350ea3dc0c70b80e6e99f83336c8ad2b59b7373f297543e130dfd,59ab623a6fd2b1fed6ea59d4420d8b51c9da7bf972e93c74c6f8499ae9c52023,7b0fa24903b8cdc5a08676b2c829ec06863d7581912c5b6ebc2f0c80d27dbdbe,654,164,0.5,0.8538072575847709,0.8397311201908367,0.6794622403816735,0.7839195979899497,0.6666666666666666,0.9512195121951219,0.16794080555028765,,0.3391737937927246
Extra Trees,False,1:1,0,42,1,outer_training_repeated_stratified_cv,nested_fold_training_selected80,3398140c2e00dc38b670c41174640c34bdda9f6cd1367fd0977367652cc22e38,f66a9d46ada9f2c720c29f4a2170b56fa4e599fc6efd6d16745318b5923deb47,b2563a6c33969e4a6bb9c954023fe0e57453b8045ac09a63723a6805a51c9156,654,164,0.5,0.8481558596073766,0.8268834604346182,0.6537669208692365,0.8042328042328042,0.7102803738317757,0.926829268292683,0.16481036188417542,,0.3005819320678711
Extra Trees,False,1:1,0,42,2,outer_training_repeated_stratified_cv,nested_fold_training_selected80,925090bcb392d41f06c980858132ef87f005a390fd68d1b0c688053eb6d7ba04,5ed471c59d6e2f54cdd65e2737a75ba57a350dad7984e2318d16214bb66d28f8,2444d14ff567b2eeca973896fa6cde602f8aa12430c74ec9b2547ad41729d674,654,164,0.5,0.8532123735871504,0.8247803636176549,0.6495607272353099,0.7875647668393783,0.6846846846846847,0.926829268292683,0.16417888971180483,,0.2996940612792969
Extra Trees,False,1:1,0,42,3,outer_training_repeated_stratified_cv,nested_fold_training_selected80,4d111ad9204fba96f909bb2562700bad74ca678c6f83c13fd7ea8c69b16dd807,e90922b7bb8cd3eabf44e9630180d9357da8f8ac2f311138363642020c1dcf80,08942af6ef5e95e4966e919e8cd48f98f7490caf3a5f5ed389bf63f95e6d8a8c,654,164,0.5,0.8132064247471743,0.7782854560218664,0.5565709120437328,0.7692307692307693,0.6637168141592921,0.9146341463414634,0.17586562144295187,,0.2997159957885742
Extra Trees,False,1:1,0,42,4,outer_training_repeated_stratified_cv,nested_fold_training_selected80,cd9e7bcf1f2a4a6d25455689bc11c8ee7bec0452c5c1c2aca61597c0d45759bb,5665a9f2c93203cbc2f88d1662f9840d2a40f41ad01123fa61bbf9f36c8333e9,32cfdbe9e420ac6c89283da38df44395a7e2e9a12b0d9ac84e4434065222778c,656,162,0.5,0.8282274043590916,0.7767428031038982,0.5534856062077964,0.7684210526315789,0.6697247706422018,0.9012345679012346,0.173513490377285,,0.2916722297668457
Extra Trees,False,1:1,1,7,0,outer_training_repeated_stratified_cv,nested_fold_training_selected80,2e6ca5303b34a4fe854d80284e572f74a5d6f5f2a5796bc30f898b7b639b075e,db68b2d1699bcc7a1cc9c6f756e3910799251ac31f2d641e29a239fe3181ff92,335af9bd7afcd2259d1181eaa5819120f30652df5f64c3243ff1b8197a79d2dc,654,164,0.5,0.8023497917906008,0.7382261032854714,0.4764522065709429,0.7894736842105263,0.6944444444444444,0.9146341463414634,0.17669189901184074,,0.28289794921875
Extra Trees,False,1:1,1,7,1,outer_training_repeated_stratified_cv,nested_fold_training_selected80,f68df1df1b2c5cbd6db7041da2263a333c7c7b441ee9ca0dcccf733fd89454a2,4f2b4d0b2d694c558e9bb7a6465bed1ac6448325524d50c791021e209ccdaf5d,86aada5abf18cf3701c6e51e14a33d21e3b2ad895f3f0c45c8d5a0bd4f5fcc4a,654,164,0.5,0.8233194527067222,0.7896839926222725,0.579367985244545,0.8082901554404145,0.7027027027027027,0.9512195121951219,0.17058477067190742,,0.29927802085876465
Extra Trees,False,1:1,1,7,2,outer_training_repeated_stratified_cv,nested_fold_training_selected80,bc7931d975347cf6576f7f626831ec012ccf984a95e6fd0587ef6df70e8d3068,949cdc431ad2125fada26ddf601bbc12103ac458adbb00518b502a27c4927d5c,5df8524acbc6019e5523bc48ded764fc33e1d60fc4db4b43aba433f43e49efd9,654,164,0.5,0.8381915526472338,0.8157413113001535,0.631482622600307,0.7777777777777778,0.6637931034482759,0.9390243902439024,0.16679382313710756,,0.3092930316925049
Extra Trees,False,1:1,1,7,3,outer_training_repeated_stratified_cv,nested_fold_training_selected80,a1818ebf18f9e8e948971a8bdad5f89505e8c82be5c4dcc926f14605bda9aec9,9c7ff1132650efbf5ac87f0d8960f2e63039cec602b277720f2f4a055c1463a9,774ee8a88809e1b49e5c4a3d351bd74417ebe2c9f7a902be8c531548de80fd28,654,164,0.5,0.8182629387269482,0.7484022028901942,0.4968044057803884,0.7894736842105263,0.6944444444444444,0.9146341463414634,0.16997206482305247,,0.2962660789489746
Extra Trees,False,1:1,1,7,4,outer_training_repeated_stratified_cv,nested_fold_training_selected80,93937c4f98d6d775557fb35b1a1de47f4466aa14a18df0b9fb68833c2587fb88,717d1fde29d688119ddcb0e8d6fdaddeae45b7f31dcfad4181a313b2268ad4f7,e2f3e3e1fcabf2b6e1cdf7a8755dc0d935aeaa37f0988f433f20e9e4a3703b20,656,162,0.5,0.8221307727480567,0.7762055336602817,0.5524110673205633,0.7684210526315789,0.6697247706422018,0.9012345679012346,0.1795825974391962,,0.2988779544830322
Extra Trees,False,1:1,2,13,0,outer_training_repeated_stratified_cv,nested_fold_training_selected80,9b73517e58eb8ba0bc638627177cb05554c3e37ec35c51dddb15f6948ee26efd,c32c0830de98179691d483e4bd16e96a7012503416cf7c5cb518aa73354726c5,dd03cf03ac7cd26fa9d46f8eb6dccbdb0da15e795c1a668e5846cf19a35471e5,654,164,0.5,0.8196014277215943,0.7912479022387153,0.5824958044774307,0.7731958762886598,0.6696428571428571,0.9146341463414634,0.1698029475976417,,0.2987992763519287
Extra Trees,False,1:1,2,13,1,outer_training_repeated_stratified_cv,nested_fold_training_selected80,b684ea62f4f42114312136c66e5fc274b7cdacfddc1241c2ce12e887dcacf769,618241230c15e0051e7d5cd6e15b8cb3d5f5dcb755f877ce96d14461fc9092ff,8fddf42f5b799d421f6cf75cb21b504e783650587e7cf896b2e457fc367fd5f1,654,164,0.5,0.7975907198096372,0.7332422854721461,0.4664845709442922,0.7419354838709677,0.6634615384615384,0.8414634146341463,0.179962149404126,,0.30330801010131836
Extra Trees,False,1:1,2,13,2,outer_training_repeated_stratified_cv,nested_fold_training_selected80,ac8146237297375e1e17df069ef0bc4d10251551f48a864f205aa481cb0be3ef,361956c25a3092096f7dd9e26d21f52d379ce291171191a70b0fe88e35b120db,4de770fe3d9d10d0c84663725a69efe70ff007a9742e66dcd731d1a32a817de0,654,164,0.5,0.860202260559191,0.8058019124392751,0.6116038248785503,0.806282722513089,0.7064220183486238,0.9390243902439024,0.16388304792483813,,0.30397486686706543
Extra Trees,False,1:1,2,13,3,outer_training_repeated_stratified_cv,nested_fold_training_selected80,2e9654b3bae28b7f5cdb28ee62939918e683645949003400c88cb9e84776ca80,2f5fe7fdfc0b66e83d5a7e7e149d13d4024df5883b4e4159c8f2a3c735d60b8c,aef9953502474bbf497aa3388b535c8ec4609429a2522121822c5c0c34653723,654,164,0.5,0.8323914336704343,0.7696801635629754,0.5393603271259508,0.78125,0.6818181818181818,0.9146341463414634,0.17625376570882575,,0.302731990814209
Extra Trees,False,1:1,2,13,4,outer_training_repeated_stratified_cv,nested_fold_training_selected80,62120243085934ba40e34cb6a3184f737b6f28629b754affa403879b5678f746,348f735c69e08433061e41b7518fed4c20a71b7ef810663a9c109ccdfdbb44a2,72a254a5f2a4aedd3af3d81a6ee63c3deb805b1a506f8b1e45d264b1c89dd06e,656,162,0.5,0.8643499466544734,0.840221754681973,0.680443509363946,0.8186528497409327,0.7053571428571429,0.9753086419753086,0.16523187898525624,,0.3009941577911377
Gradient Boosting,False,1:1,0,42,0,outer_training_repeated_stratified_cv,nested_fold_training_selected80,5278fff3821350ea3dc0c70b80e6e99f83336c8ad2b59b7373f297543e130dfd,59ab623a6fd2b1fed6ea59d4420d8b51c9da7bf972e93c74c6f8499ae9c52023,7b0fa24903b8cdc5a08676b2c829ec06863d7581912c5b6ebc2f0c80d27dbdbe,654,164,0.5,0.8652587745389649,0.8418736073153925,0.683747214630785,0.8176795580110497,0.7474747474747475,0.9024390243902439,0.1488528028893847,,0.650233268737793
Gradient Boosting,False,1:1,0,42,1,outer_training_repeated_stratified_cv,nested_fold_training_selected80,3398140c2e00dc38b670c41174640c34bdda9f6cd1367fd0977367652cc22e38,f66a9d46ada9f2c720c29f4a2170b56fa4e599fc6efd6d16745318b5923deb47,b2563a6c33969e4a6bb9c954023fe0e57453b8045ac09a63723a6805a51c9156,654,164,0.5,0.8124628197501487,0.8024256944862582,0.6048513889725164,0.7597765363128491,0.7010309278350515,0.8292682926829268,0.18271365462802813,,0.6973669528961182
Gradient Boosting,False,1:1,0,42,2,outer_training_repeated_stratified_cv,nested_fold_training_selected80,925090bcb392d41f06c980858132ef87f005a390fd68d1b0c688053eb6d7ba04,5ed471c59d6e2f54cdd65e2737a75ba57a350dad7984e2318d16214bb66d28f8,2444d14ff567b2eeca973896fa6cde602f8aa12430c74ec9b2547ad41729d674,654,164,0.5,0.8355145746579418,0.8107561121054949,0.6215122242109898,0.8128342245989305,0.7238095238095238,0.926829268292683,0.1596685068162285,,0.7055039405822754
Gradient Boosting,False,1:1,0,42,3,outer_training_repeated_stratified_cv,nested_fold_training_selected80,4d111ad9204fba96f909bb2562700bad74ca678c6f83c13fd7ea8c69b16dd807,e90922b7bb8cd3eabf44e9630180d9357da8f8ac2f311138363642020c1dcf80,08942af6ef5e95e4966e919e8cd48f98f7490caf3a5f5ed389bf63f95e6d8a8c,654,164,0.5,0.8594586555621653,0.8232790985075672,0.6465581970151344,0.7719298245614035,0.7415730337078652,0.8048780487804879,0.15101584396480655,,0.7260239124298096
Gradient Boosting,False,1:1,0,42,4,outer_training_repeated_stratified_cv,nested_fold_training_selected80,cd9e7bcf1f2a4a6d25455689bc11c8ee7bec0452c5c1c2aca61597c0d45759bb,5665a9f2c93203cbc2f88d1662f9840d2a40f41ad01123fa61bbf9f36c8333e9,32cfdbe9e420ac6c89283da38df44395a7e2e9a12b0d9ac84e4434065222778c,656,162,0.5,0.8306660570035056,0.7871375018920104,0.5742750037840207,0.8022598870056498,0.7395833333333334,0.8765432098765432,0.17219921012062947,,0.6411299705505371
Gradient Boosting,False,1:1,1,7,0,outer_training_repeated_stratified_cv,nested_fold_training_selected80,2e6ca5303b34a4fe854d80284e572f74a5d6f5f2a5796bc30f898b7b639b075e,db68b2d1699bcc7a1cc9c6f756e3910799251ac31f2d641e29a239fe3181ff92,335af9bd7afcd2259d1181eaa5819120f30652df5f64c3243ff1b8197a79d2dc,654,164,0.5,0.8270374776918501,0.7955245973045364,0.5910491946090728,0.7759562841530054,0.7029702970297029,0.8658536585365854,0.16720179479252417,,0.6706821918487549
Gradient Boosting,False,1:1,1,7,1,outer_training_repeated_stratified_cv,nested_fold_training_selected80,f68df1df1b2c5cbd6db7041da2263a333c7c7b441ee9ca0dcccf733fd89454a2,4f2b4d0b2d694c558e9bb7a6465bed1ac6448325524d50c791021e209ccdaf5d,86aada5abf18cf3701c6e51e14a33d21e3b2ad895f3f0c45c8d5a0bd4f5fcc4a,654,164,0.5,0.8337299226650803,0.7744229373419709,0.5488458746839417,0.7745664739884393,0.7362637362637363,0.8170731707317073,0.1596461082266378,,0.654306173324585
Gradient Boosting,False,1:1,1,7,2,outer_training_repeated_stratified_cv,nested_fold_training_selected80,bc7931d975347cf6576f7f626831ec012ccf984a95e6fd0587ef6df70e8d3068,949cdc431ad2125fada26ddf601bbc12103ac458adbb00518b502a27c4927d5c,5df8524acbc6019e5523bc48ded764fc33e1d60fc4db4b43aba433f43e49efd9,654,164,0.5,0.8582688875669244,0.8329306750009966,0.6658613500019932,0.8045977011494253,0.7608695652173914,0.8536585365853658,0.15581488007443187,,0.6690969467163086
Gradient Boosting,False,1:1,1,7,3,outer_training_repeated_stratified_cv,nested_fold_training_selected80,a1818ebf18f9e8e948971a8bdad5f89505e8c82be5c4dcc926f14605bda9aec9,9c7ff1132650efbf5ac87f0d8960f2e63039cec602b277720f2f4a055c1463a9,774ee8a88809e1b49e5c4a3d351bd74417ebe2c9f7a902be8c531548de80fd28,654,164,0.5,0.8246579417013682,0.7477114070232396,0.49542281404647914,0.7727272727272727,0.723404255319149,0.8292682926829268,0.1678460413611025,,0.6294870376586914
Gradient Boosting,False,1:1,1,7,4,outer_training_repeated_stratified_cv,nested_fold_training_selected80,93937c4f98d6d775557fb35b1a1de47f4466aa14a18df0b9fb68833c2587fb88,717d1fde29d688119ddcb0e8d6fdaddeae45b7f31dcfad4181a313b2268ad4f7,e2f3e3e1fcabf2b6e1cdf7a8755dc0d935aeaa37f0988f433f20e9e4a3703b20,656,162,0.5,0.8190824569425392,0.7568547323480345,0.5137094646960689,0.7931034482758621,0.7419354838709677,0.8518518518518519,0.16981642177429165,,0.6672961711883545
Gradient Boosting,False,1:1,2,13,0,outer_training_repeated_stratified_cv,nested_fold_training_selected80,9b73517e58eb8ba0bc638627177cb05554c3e37ec35c51dddb15f6948ee26efd,c32c0830de98179691d483e4bd16e96a7012503416cf7c5cb518aa73354726c5,dd03cf03ac7cd26fa9d46f8eb6dccbdb0da15e795c1a668e5846cf19a35471e5,654,164,0.5,0.8393813206424747,0.8000565921450068,0.6001131842900136,0.7764705882352941,0.75,0.8048780487804879,0.16489409670456226,,0.6436071395874023
Gradient Boosting,False,1:1,2,13,1,outer_training_repeated_stratified_cv,nested_fold_training_selected80,b684ea62f4f42114312136c66e5fc274b7cdacfddc1241c2ce12e887dcacf769,618241230c15e0051e7d5cd6e15b8cb3d5f5dcb755f877ce96d14461fc9092ff,8fddf42f5b799d421f6cf75cb21b504e783650587e7cf896b2e457fc367fd5f1,654,164,0.5,0.7965496728138013,0.7239758383352664,0.4479516766705327,0.7701149425287356,0.7282608695652174,0.8170731707317073,0.1896655685202832,,0.6640121936798096
Gradient Boosting,False,1:1,2,13,2,outer_training_repeated_stratified_cv,nested_fold_training_selected80,ac8146237297375e1e17df069ef0bc4d10251551f48a864f205aa481cb0be3ef,361956c25a3092096f7dd9e26d21f52d379ce291171191a70b0fe88e35b120db,4de770fe3d9d10d0c84663725a69efe70ff007a9742e66dcd731d1a32a817de0,654,164,0.5,0.837299226650803,0.7532838597820757,0.5065677195641514,0.7934782608695652,0.7156862745098039,0.8902439024390244,0.15807228874479876,,0.7146129608154297
Gradient Boosting,False,1:1,2,13,3,outer_training_repeated_stratified_cv,nested_fold_training_selected80,2e9654b3bae28b7f5cdb28ee62939918e683645949003400c88cb9e84776ca80,2f5fe7fdfc0b66e83d5a7e7e149d13d4024df5883b4e4159c8f2a3c735d60b8c,aef9953502474bbf497aa3388b535c8ec4609429a2522121822c5c0c34653723,654,164,0.5,0.8633254015466983,0.8092138243846353,0.6184276487692706,0.7909604519774012,0.7368421052631579,0.8536585365853658,0.14564819132476398,,0.698307991027832
Gradient Boosting,False,1:1,2,13,4,outer_training_repeated_stratified_cv,nested_fold_training_selected80,62120243085934ba40e34cb6a3184f737b6f28629b754affa403879b5678f746,348f735c69e08433061e41b7518fed4c20a71b7ef810663a9c109ccdfdbb44a2,72a254a5f2a4aedd3af3d81a6ee63c3deb805b1a506f8b1e45d264b1c89dd06e,656,162,0.5,0.879286694101509,0.8146934909819834,0.6293869819639668,0.8072289156626506,0.788235294117647,0.8271604938271605,0.13415819593846326,,0.6560051441192627
XGBoost,False,1:1,0,42,0,outer_training_repeated_stratified_cv,nested_fold_training_selected80,5278fff3821350ea3dc0c70b80e6e99f83336c8ad2b59b7373f297543e130dfd,59ab623a6fd2b1fed6ea59d4420d8b51c9da7bf972e93c74c6f8499ae9c52023,7b0fa24903b8cdc5a08676b2c829ec06863d7581912c5b6ebc2f0c80d27dbdbe,654,164,0.5,0.8497917906008329,0.794699114286595,0.58939822857319,0.8066298342541437,0.7373737373737373,0.8902439024390244,0.1502724140882492,1.0,0.8576855659484863
XGBoost,False,1:1,0,42,1,outer_training_repeated_stratified_cv,nested_fold_training_selected80,3398140c2e00dc38b670c41174640c34bdda9f6cd1367fd0977367652cc22e38,f66a9d46ada9f2c720c29f4a2170b56fa4e599fc6efd6d16745318b5923deb47,b2563a6c33969e4a6bb9c954023fe0e57453b8045ac09a63723a6805a51c9156,654,164,0.5,0.8432480666270077,0.7966617146943509,0.5933234293887018,0.7816091954022989,0.7391304347826086,0.8292682926829268,0.16107876598834991,1.0,0.8417580127716064
XGBoost,False,1:1,0,42,2,outer_training_repeated_stratified_cv,nested_fold_training_selected80,925090bcb392d41f06c980858132ef87f005a390fd68d1b0c688053eb6d7ba04,5ed471c59d6e2f54cdd65e2737a75ba57a350dad7984e2318d16214bb66d28f8,2444d14ff567b2eeca973896fa6cde602f8aa12430c74ec9b2547ad41729d674,654,164,0.5,0.849940511600238,0.8114953829658723,0.6229907659317446,0.819672131147541,0.7425742574257426,0.9146341463414634,0.15155020356178284,1.0,0.8445899486541748
XGBoost,False,1:1,0,42,3,outer_training_repeated_stratified_cv,nested_fold_training_selected80,4d111ad9204fba96f909bb2562700bad74ca678c6f83c13fd7ea8c69b16dd807,e90922b7bb8cd3eabf44e9630180d9357da8f8ac2f311138363642020c1dcf80,08942af6ef5e95e4966e919e8cd48f98f7490caf3a5f5ed389bf63f95e6d8a8c,654,164,0.5,0.853955978584176,0.8366261912719253,0.6732523825438506,0.7701149425287356,0.7282608695652174,0.8170731707317073,0.15879757702350616,1.0,0.848222017288208
XGBoost,False,1:1,0,42,4,outer_training_repeated_stratified_cv,nested_fold_training_selected80,cd9e7bcf1f2a4a6d25455689bc11c8ee7bec0452c5c1c2aca61597c0d45759bb,5665a9f2c93203cbc2f88d1662f9840d2a40f41ad01123fa61bbf9f36c8333e9,32cfdbe9e420ac6c89283da38df44395a7e2e9a12b0d9ac84e4434065222778c,656,162,0.5,0.8231976832799878,0.7817386315240138,0.5634772630480276,0.8022598870056498,0.7395833333333334,0.8765432098765432,0.17311550676822662,1.0,0.8713500499725342
XGBoost,False,1:1,1,7,0,outer_training_repeated_stratified_cv,nested_fold_training_selected80,2e6ca5303b34a4fe854d80284e572f74a5d6f5f2a5796bc30f898b7b639b075e,db68b2d1699bcc7a1cc9c6f756e3910799251ac31f2d641e29a239fe3181ff92,335af9bd7afcd2259d1181eaa5819120f30652df5f64c3243ff1b8197a79d2dc,654,164,0.5,0.8488994646044021,0.788159483519639,0.5763189670392781,0.8,0.7184466019417476,0.9024390243902439,0.1550174206495285,1.0,0.8393559455871582
XGBoost,False,1:1,1,7,1,outer_training_repeated_stratified_cv,nested_fold_training_selected80,f68df1df1b2c5cbd6db7041da2263a333c7c7b441ee9ca0dcccf733fd89454a2,4f2b4d0b2d694c558e9bb7a6465bed1ac6448325524d50c791021e209ccdaf5d,86aada5abf18cf3701c6e51e14a33d21e3b2ad895f3f0c45c8d5a0bd4f5fcc4a,654,164,0.5,0.8236168947055325,0.7596719348114382,0.5193438696228765,0.7719298245614035,0.7415730337078652,0.8048780487804879,0.16425365209579468,1.0,0.8345279693603516
XGBoost,False,1:1,1,7,2,outer_training_repeated_stratified_cv,nested_fold_training_selected80,bc7931d975347cf6576f7f626831ec012ccf984a95e6fd0587ef6df70e8d3068,949cdc431ad2125fada26ddf601bbc12103ac458adbb00518b502a27c4927d5c,5df8524acbc6019e5523bc48ded764fc33e1d60fc4db4b43aba433f43e49efd9,654,164,0.5,0.8606484235574063,0.8218845825048442,0.6437691650096884,0.7906976744186046,0.7555555555555555,0.8292682926829268,0.14953500032424927,1.0,0.838181734085083
XGBoost,False,1:1,1,7,3,outer_training_repeated_stratified_cv,nested_fold_training_selected80,a1818ebf18f9e8e948971a8bdad5f89505e8c82be5c4dcc926f14605bda9aec9,9c7ff1132650efbf5ac87f0d8960f2e63039cec602b277720f2f4a055c1463a9,774ee8a88809e1b49e5c4a3d351bd74417ebe2c9f7a902be8c531548de80fd28,654,164,0.5,0.8004164187983344,0.7296690241007833,0.45933804820156654,0.7586206896551724,0.717391304347826,0.8048780487804879,0.1855061650276184,1.0,0.8402819633483887
XGBoost,False,1:1,1,7,4,outer_training_repeated_stratified_cv,nested_fold_training_selected80,93937c4f98d6d775557fb35b1a1de47f4466aa14a18df0b9fb68833c2587fb88,717d1fde29d688119ddcb0e8d6fdaddeae45b7f31dcfad4181a313b2268ad4f7,e2f3e3e1fcabf2b6e1cdf7a8755dc0d935aeaa37f0988f433f20e9e4a3703b20,656,162,0.5,0.8507849413199208,0.781469846509355,0.56293969301871,0.7906976744186046,0.7472527472527473,0.8395061728395061,0.15381500124931335,1.0,0.8466432094573975
XGBoost,False,1:1,2,13,0,outer_training_repeated_stratified_cv,nested_fold_training_selected80,9b73517e58eb8ba0bc638627177cb05554c3e37ec35c51dddb15f6948ee26efd,c32c0830de98179691d483e4bd16e96a7012503416cf7c5cb518aa73354726c5,dd03cf03ac7cd26fa9d46f8eb6dccbdb0da15e795c1a668e5846cf19a35471e5,654,164,0.5,0.8441403926234384,0.7776780861009436,0.5553561722018872,0.7928994082840237,0.7701149425287356,0.8170731707317073,0.15678247809410095,1.0,0.84316086769104
XGBoost,False,1:1,2,13,1,outer_training_repeated_stratified_cv,nested_fold_training_selected80,b684ea62f4f42114312136c66e5fc274b7cdacfddc1241c2ce12e887dcacf769,618241230c15e0051e7d5cd6e15b8cb3d5f5dcb755f877ce96d14461fc9092ff,8fddf42f5b799d421f6cf75cb21b504e783650587e7cf896b2e457fc367fd5f1,654,164,0.5,0.8383402736466389,0.7642542026319447,0.5285084052638893,0.7719298245614035,0.7415730337078652,0.8048780487804879,0.16432680189609528,1.0,0.8371880054473877
XGBoost,False,1:1,2,13,2,outer_training_repeated_stratified_cv,nested_fold_training_selected80,ac8146237297375e1e17df069ef0bc4d10251551f48a864f205aa481cb0be3ef,361956c25a3092096f7dd9e26d21f52d379ce291171191a70b0fe88e35b120db,4de770fe3d9d10d0c84663725a69efe70ff007a9742e66dcd731d1a32a817de0,654,164,0.5,0.8367043426531826,0.7891175807545375,0.5782351615090751,0.7931034482758621,0.75,0.8414634146341463,0.16542544960975647,1.0,0.83404541015625
XGBoost,False,1:1,2,13,3,outer_training_repeated_stratified_cv,nested_fold_training_selected80,2e9654b3bae28b7f5cdb28ee62939918e683645949003400c88cb9e84776ca80,2f5fe7fdfc0b66e83d5a7e7e149d13d4024df5883b4e4159c8f2a3c735d60b8c,aef9953502474bbf497aa3388b535c8ec4609429a2522121822c5c0c34653723,654,164,0.5,0.8618381915526473,0.8063807304600987,0.6127614609201975,0.8089887640449438,0.75,0.8780487804878049,0.14399586617946625,1.0,0.8433020114898682
XGBoost,False,1:1,2,13,4,outer_training_repeated_stratified_cv,nested_fold_training_selected80,62120243085934ba40e34cb6a3184f737b6f28629b754affa403879b5678f746,348f735c69e08433061e41b7518fed4c20a71b7ef810663a9c109ccdfdbb44a2,72a254a5f2a4aedd3af3d81a6ee63c3deb805b1a506f8b1e45d264b1c89dd06e,656,162,0.5,0.8741045572321292,0.805165849880957,0.6103316997619139,0.7951807228915663,0.7764705882352941,0.8148148148148148,0.1372957080602646,1.0,0.8419368267059326
MLP,False,1:1,0,42,0,outer_training_repeated_stratified_cv,nested_fold_training_selected80,5278fff3821350ea3dc0c70b80e6e99f83336c8ad2b59b7373f297543e130dfd,59ab623a6fd2b1fed6ea59d4420d8b51c9da7bf972e93c74c6f8499ae9c52023,7b0fa24903b8cdc5a08676b2c829ec06863d7581912c5b6ebc2f0c80d27dbdbe,654,164,0.5,0.7763236168947056,0.7472886641109395,0.49457732822187905,0.7386363636363636,0.6914893617021277,0.7926829268292683,0.19525043666362762,,0.0277860164642334
MLP,False,1:1,0,42,1,outer_training_repeated_stratified_cv,nested_fold_training_selected80,3398140c2e00dc38b670c41174640c34bdda9f6cd1367fd0977367652cc22e38,f66a9d46ada9f2c720c29f4a2170b56fa4e599fc6efd6d16745318b5923deb47,b2563a6c33969e4a6bb9c954023fe0e57453b8045ac09a63723a6805a51c9156,654,164,0.5,0.7532718619869125,0.6969603896931815,0.39392077938636305,0.75,0.635593220338983,0.9146341463414634,0.21089689433574677,,0.036502838134765625
MLP,False,1:1,0,42,2,outer_training_repeated_stratified_cv,nested_fold_training_selected80,925090bcb392d41f06c980858132ef87f005a390fd68d1b0c688053eb6d7ba04,5ed471c59d6e2f54cdd65e2737a75ba57a350dad7984e2318d16214bb66d28f8,2444d14ff567b2eeca973896fa6cde602f8aa12430c74ec9b2547ad41729d674,654,164,0.5,0.780785246876859,0.7459083315475015,0.49181666309500294,0.7441860465116279,0.7111111111111111,0.7804878048780488,0.18767599761486053,,0.03608393669128418
MLP,False,1:1,0,42,3,outer_training_repeated_stratified_cv,nested_fold_training_selected80,4d111ad9204fba96f909bb2562700bad74ca678c6f83c13fd7ea8c69b16dd807,e90922b7bb8cd3eabf44e9630180d9357da8f8ac2f311138363642020c1dcf80,08942af6ef5e95e4966e919e8cd48f98f7490caf3a5f5ed389bf63f95e6d8a8c,654,164,0.5,0.7440511600237953,0.6644372180791482,0.3288744361582965,0.7717391304347826,0.696078431372549,0.8658536585365854,0.1998869776725769,,0.05023074150085449
MLP,False,1:1,0,42,4,outer_training_repeated_stratified_cv,nested_fold_training_selected80,cd9e7bcf1f2a4a6d25455689bc11c8ee7bec0452c5c1c2aca61597c0d45759bb,5665a9f2c93203cbc2f88d1662f9840d2a40f41ad01123fa61bbf9f36c8333e9,32cfdbe9e420ac6c89283da38df44395a7e2e9a12b0d9ac84e4434065222778c,656,162,0.5,0.7724432251181222,0.7392496148674601,0.4784992297349202,0.6709677419354839,0.7027027027027027,0.6419753086419753,0.19584926962852478,,0.02718210220336914
MLP,False,1:1,1,7,0,outer_training_repeated_stratified_cv,nested_fold_training_selected80,2e6ca5303b34a4fe854d80284e572f74a5d6f5f2a5796bc30f898b7b639b075e,db68b2d1699bcc7a1cc9c6f756e3910799251ac31f2d641e29a239fe3181ff92,335af9bd7afcd2259d1181eaa5819120f30652df5f64c3243ff1b8197a79d2dc,654,164,0.5,0.7291790600832837,0.6595947713966117,0.3191895427932234,0.7329842931937173,0.6422018348623854,0.8536585365853658,0.2094721496105194,,0.03638291358947754
MLP,False,1:1,1,7,1,outer_training_repeated_stratified_cv,nested_fold_training_selected80,f68df1df1b2c5cbd6db7041da2263a333c7c7b441ee9ca0dcccf733fd89454a2,4f2b4d0b2d694c558e9bb7a6465bed1ac6448325524d50c791021e209ccdaf5d,86aada5abf18cf3701c6e51e14a33d21e3b2ad895f3f0c45c8d5a0bd4f5fcc4a,654,164,0.5,0.7578822129684711,0.7036630737319309,0.40732614746386187,0.7419354838709677,0.6634615384615384,0.8414634146341463,0.1961912363767624,,0.025189876556396484
MLP,False,1:1,1,7,2,outer_training_repeated_stratified_cv,nested_fold_training_selected80,bc7931d975347cf6576f7f626831ec012ccf984a95e6fd0587ef6df70e8d3068,949cdc431ad2125fada26ddf601bbc12103ac458adbb00518b502a27c4927d5c,5df8524acbc6019e5523bc48ded764fc33e1d60fc4db4b43aba433f43e49efd9,654,164,0.5,0.7636823319452707,0.697733543019994,0.39546708603998804,0.75,0.6545454545454545,0.8780487804878049,0.18909043073654175,,0.0335240364074707
MLP,False,1:1,1,7,3,outer_training_repeated_stratified_cv,nested_fold_training_selected80,a1818ebf18f9e8e948971a8bdad5f89505e8c82be5c4dcc926f14605bda9aec9,9c7ff1132650efbf5ac87f0d8960f2e63039cec602b277720f2f4a055c1463a9,774ee8a88809e1b49e5c4a3d351bd74417ebe2c9f7a902be8c531548de80fd28,654,164,0.5,0.761451516954194,0.6885545095349082,0.3771090190698163,0.7650273224043715,0.693069306930693,0.8536585365853658,0.19811539351940155,,0.028234004974365234
MLP,False,1:1,1,7,4,outer_training_repeated_stratified_cv,nested_fold_training_selected80,93937c4f98d6d775557fb35b1a1de47f4466aa14a18df0b9fb68833c2587fb88,717d1fde29d688119ddcb0e8d6fdaddeae45b7f31dcfad4181a313b2268ad4f7,e2f3e3e1fcabf2b6e1cdf7a8755dc0d935aeaa37f0988f433f20e9e4a3703b20,656,162,0.5,0.6189605243103184,0.5928142046636528,0.1856284093273055,0.6349206349206349,0.5555555555555556,0.7407407407407407,0.24731214344501495,,0.017453908920288086
MLP,False,1:1,2,13,0,outer_training_repeated_stratified_cv,nested_fold_training_selected80,9b73517e58eb8ba0bc638627177cb05554c3e37ec35c51dddb15f6948ee26efd,c32c0830de98179691d483e4bd16e96a7012503416cf7c5cb518aa73354726c5,dd03cf03ac7cd26fa9d46f8eb6dccbdb0da15e795c1a668e5846cf19a35471e5,654,164,0.5,0.7572873289708506,0.7287670518774663,0.45753410375493253,0.6344827586206897,0.7301587301587301,0.5609756097560976,0.20962263643741608,,0.022626161575317383
MLP,False,1:1,2,13,1,outer_training_repeated_stratified_cv,nested_fold_training_selected80,b684ea62f4f42114312136c66e5fc274b7cdacfddc1241c2ce12e887dcacf769,618241230c15e0051e7d5cd6e15b8cb3d5f5dcb755f877ce96d14461fc9092ff,8fddf42f5b799d421f6cf75cb21b504e783650587e7cf896b2e457fc367fd5f1,654,164,0.5,0.7232302201070792,0.6885625761586611,0.37712515231732224,0.6829268292682927,0.6829268292682927,0.6829268292682927,0.2159077674150467,,0.021079063415527344
MLP,False,1:1,2,13,2,outer_training_repeated_stratified_cv,nested_fold_training_selected80,ac8146237297375e1e17df069ef0bc4d10251551f48a864f205aa481cb0be3ef,361956c25a3092096f7dd9e26d21f52d379ce291171191a70b0fe88e35b120db,4de770fe3d9d10d0c84663725a69efe70ff007a9742e66dcd731d1a32a817de0,654,164,0.5,0.812908982748364,0.7567395229241118,0.5134790458482237,0.7734806629834254,0.7070707070707071,0.8536585365853658,0.178758904337883,,0.02472090721130371
MLP,False,1:1,2,13,3,outer_training_repeated_stratified_cv,nested_fold_training_selected80,2e9654b3bae28b7f5cdb28ee62939918e683645949003400c88cb9e84776ca80,2f5fe7fdfc0b66e83d5a7e7e149d13d4024df5883b4e4159c8f2a3c735d60b8c,aef9953502474bbf497aa3388b535c8ec4609429a2522121822c5c0c34653723,654,164,0.5,0.7519333729922665,0.7318061323848519,0.46361226476970385,0.7023809523809523,0.686046511627907,0.7195121951219512,0.20532073080539703,,0.018716096878051758
MLP,False,1:1,2,13,4,outer_training_repeated_stratified_cv,nested_fold_training_selected80,62120243085934ba40e34cb6a3184f737b6f28629b754affa403879b5678f746,348f735c69e08433061e41b7518fed4c20a71b7ef810663a9c109ccdfdbb44a2,72a254a5f2a4aedd3af3d81a6ee63c3deb805b1a506f8b1e45d264b1c89dd06e,656,162,0.5,0.8110044200579181,0.8122961876365904,0.6245923752731808,0.7634408602150538,0.6761904761904762,0.8765432098765432,0.18794113397598267,,0.024840354919433594
AdaBoost,False,1:1,0,42,0,outer_training_repeated_stratified_cv,nested_fold_training_selected80,5278fff3821350ea3dc0c70b80e6e99f83336c8ad2b59b7373f297543e130dfd,59ab623a6fd2b1fed6ea59d4420d8b51c9da7bf972e93c74c6f8499ae9c52023,7b0fa24903b8cdc5a08676b2c829ec06863d7581912c5b6ebc2f0c80d27dbdbe,654,164,0.5,0.8316478286734087,0.7961113075243048,0.5922226150486096,0.7719298245614035,0.7415730337078652,0.8048780487804879,0.2123900949178129,,0.2345561981201172
AdaBoost,False,1:1,0,42,1,outer_training_repeated_stratified_cv,nested_fold_training_selected80,3398140c2e00dc38b670c41174640c34bdda9f6cd1367fd0977367652cc22e38,f66a9d46ada9f2c720c29f4a2170b56fa4e599fc6efd6d16745318b5923deb47,b2563a6c33969e4a6bb9c954023fe0e57453b8045ac09a63723a6805a51c9156,654,164,0.5,0.8568560380725758,0.8418489488925431,0.6836978977850863,0.7909604519774012,0.7368421052631579,0.8536585365853658,0.2127449941459065,,0.24477124214172363
AdaBoost,False,1:1,0,42,2,outer_training_repeated_stratified_cv,nested_fold_training_selected80,925090bcb392d41f06c980858132ef87f005a390fd68d1b0c688053eb6d7ba04,5ed471c59d6e2f54cdd65e2737a75ba57a350dad7984e2318d16214bb66d28f8,2444d14ff567b2eeca973896fa6cde602f8aa12430c74ec9b2547ad41729d674,654,164,0.5,0.8549970255800119,0.8297733772566274,0.6595467545132547,0.8260869565217391,0.7450980392156863,0.926829268292683,0.2068900148039453,,0.24856090545654297
AdaBoost,False,1:1,0,42,3,outer_training_repeated_stratified_cv,nested_fold_training_selected80,4d111ad9204fba96f909bb2562700bad74ca678c6f83c13fd7ea8c69b16dd807,e90922b7bb8cd3eabf44e9630180d9357da8f8ac2f311138363642020c1dcf80,08942af6ef5e95e4966e919e8cd48f98f7490caf3a5f5ed389bf63f95e6d8a8c,654,164,0.5,0.8088935157644259,0.7710981251136729,0.5421962502273459,0.7455621301775148,0.7241379310344828,0.7682926829268293,0.2137119966601148,,0.2506229877471924
AdaBoost,False,1:1,0,42,4,outer_training_repeated_stratified_cv,nested_fold_training_selected80,cd9e7bcf1f2a4a6d25455689bc11c8ee7bec0452c5c1c2aca61597c0d45759bb,5665a9f2c93203cbc2f88d1662f9840d2a40f41ad01123fa61bbf9f36c8333e9,32cfdbe9e420ac6c89283da38df44395a7e2e9a12b0d9ac84e4434065222778c,656,162,0.5,0.8109282121627801,0.7383311397388199,0.47666227947763984,0.7954545454545454,0.7368421052631579,0.8641975308641975,0.21075208168549917,,0.2322251796722412
AdaBoost,False,1:1,1,7,0,outer_training_repeated_stratified_cv,nested_fold_training_selected80,2e6ca5303b34a4fe854d80284e572f74a5d6f5f2a5796bc30f898b7b639b075e,db68b2d1699bcc7a1cc9c6f756e3910799251ac31f2d641e29a239fe3181ff92,335af9bd7afcd2259d1181eaa5819120f30652df5f64c3243ff1b8197a79d2dc,654,164,0.5,0.7918649613325401,0.7190819540526575,0.438163908105315,0.7624309392265194,0.696969696969697,0.8414634146341463,0.21925681202779299,,0.2353038787841797
AdaBoost,False,1:1,1,7,1,outer_training_repeated_stratified_cv,nested_fold_training_selected80,f68df1df1b2c5cbd6db7041da2263a333c7c7b441ee9ca0dcccf733fd89454a2,4f2b4d0b2d694c558e9bb7a6465bed1ac6448325524d50c791021e209ccdaf5d,86aada5abf18cf3701c6e51e14a33d21e3b2ad895f3f0c45c8d5a0bd4f5fcc4a,654,164,0.5,0.8071832242712671,0.7110494675148764,0.4220989350297528,0.7386363636363636,0.6914893617021277,0.7926829268292683,0.2171778089694366,,0.23302698135375977
AdaBoost,False,1:1,1,7,2,outer_training_repeated_stratified_cv,nested_fold_training_selected80,bc7931d975347cf6576f7f626831ec012ccf984a95e6fd0587ef6df70e8d3068,949cdc431ad2125fada26ddf601bbc12103ac458adbb00518b502a27c4927d5c,5df8524acbc6019e5523bc48ded764fc33e1d60fc4db4b43aba433f43e49efd9,654,164,0.5,0.8507584770969661,0.8244933234218601,0.6489866468437202,0.8022598870056498,0.7473684210526316,0.8658536585365854,0.2104810071274918,,0.23502612113952637
AdaBoost,False,1:1,1,7,3,outer_training_repeated_stratified_cv,nested_fold_training_selected80,a1818ebf18f9e8e948971a8bdad5f89505e8c82be5c4dcc926f14605bda9aec9,9c7ff1132650efbf5ac87f0d8960f2e63039cec602b277720f2f4a055c1463a9,774ee8a88809e1b49e5c4a3d351bd74417ebe2c9f7a902be8c531548de80fd28,654,164,0.5,0.798111243307555,0.7203036924697497,0.44060738493949936,0.7544910179640718,0.7411764705882353,0.7682926829268293,0.21336003016296878,,0.22911810874938965
AdaBoost,False,1:1,1,7,4,outer_training_repeated_stratified_cv,nested_fold_training_selected80,93937c4f98d6d775557fb35b1a1de47f4466aa14a18df0b9fb68833c2587fb88,717d1fde29d688119ddcb0e8d6fdaddeae45b7f31dcfad4181a313b2268ad4f7,e2f3e3e1fcabf2b6e1cdf7a8755dc0d935aeaa37f0988f433f20e9e4a3703b20,656,162,0.5,0.8099375095259869,0.736555442554214,0.473110885108428,0.7912087912087912,0.7128712871287128,0.8888888888888888,0.2164545451522408,,0.23626399040222168
AdaBoost,False,1:1,2,13,0,outer_training_repeated_stratified_cv,nested_fold_training_selected80,9b73517e58eb8ba0bc638627177cb05554c3e37ec35c51dddb15f6948ee26efd,c32c0830de98179691d483e4bd16e96a7012503416cf7c5cb518aa73354726c5,dd03cf03ac7cd26fa9d46f8eb6dccbdb0da15e795c1a668e5846cf19a35471e5,654,164,0.5,0.8507584770969661,0.7973376024129881,0.5946752048259762,0.7764705882352941,0.75,0.8048780487804879,0.206564326353443,,0.23023486137390137
AdaBoost,False,1:1,2,13,1,outer_training_repeated_stratified_cv,nested_fold_training_selected80,b684ea62f4f42114312136c66e5fc274b7cdacfddc1241c2ce12e887dcacf769,618241230c15e0051e7d5cd6e15b8cb3d5f5dcb755f877ce96d14461fc9092ff,8fddf42f5b799d421f6cf75cb21b504e783650587e7cf896b2e457fc367fd5f1,654,164,0.5,0.8150654372397382,0.7182972834995388,0.4365945669990776,0.8070175438596491,0.7752808988764045,0.8414634146341463,0.2166768131678564,,0.23724913597106934
AdaBoost,False,1:1,2,13,2,outer_training_repeated_stratified_cv,nested_fold_training_selected80,ac8146237297375e1e17df069ef0bc4d10251551f48a864f205aa481cb0be3ef,361956c25a3092096f7dd9e26d21f52d379ce291171191a70b0fe88e35b120db,4de770fe3d9d10d0c84663725a69efe70ff007a9742e66dcd731d1a32a817de0,654,164,0.5,0.8129089827483641,0.7575793990879411,0.5151587981758823,0.7796610169491526,0.7263157894736842,0.8414634146341463,0.21227374693114545,,0.24756884574890137
AdaBoost,False,1:1,2,13,3,outer_training_repeated_stratified_cv,nested_fold_training_selected80,2e9654b3bae28b7f5cdb28ee62939918e683645949003400c88cb9e84776ca80,2f5fe7fdfc0b66e83d5a7e7e149d13d4024df5883b4e4159c8f2a3c735d60b8c,aef9953502474bbf497aa3388b535c8ec4609429a2522121822c5c0c34653723,654,164,0.5,0.8413890541344438,0.7875438842850117,0.5750877685700233,0.8070175438596491,0.7752808988764045,0.8414634146341463,0.21575150104791782,,0.2439119815826416
AdaBoost,False,1:1,2,13,4,outer_training_repeated_stratified_cv,nested_fold_training_selected80,62120243085934ba40e34cb6a3184f737b6f28629b754affa403879b5678f746,348f735c69e08433061e41b7518fed4c20a71b7ef810663a9c109ccdfdbb44a2,72a254a5f2a4aedd3af3d81a6ee63c3deb805b1a506f8b1e45d264b1c89dd06e,656,162,0.5,0.8444596860234721,0.8067728170161323,0.6135456340322647,0.7810650887573964,0.75,0.8148148148148148,0.21029003303274513,,0.2336592674255371
LightGBM,False,1:1,0,42,0,outer_training_repeated_stratified_cv,nested_fold_training_selected80,5278fff3821350ea3dc0c70b80e6e99f83336c8ad2b59b7373f297543e130dfd,59ab623a6fd2b1fed6ea59d4420d8b51c9da7bf972e93c74c6f8499ae9c52023,7b0fa24903b8cdc5a08676b2c829ec06863d7581912c5b6ebc2f0c80d27dbdbe,654,164,0.5,0.8447352766210589,0.8010225968387451,0.6020451936774902,0.8135593220338984,0.7578947368421053,0.8780487804878049,0.15724698126594983,1.0,1.0153100490570068
LightGBM,False,1:1,0,42,1,outer_training_repeated_stratified_cv,nested_fold_training_selected80,3398140c2e00dc38b670c41174640c34bdda9f6cd1367fd0977367652cc22e38,f66a9d46ada9f2c720c29f4a2170b56fa4e599fc6efd6d16745318b5923deb47,b2563a6c33969e4a6bb9c954023fe0e57453b8045ac09a63723a6805a51c9156,654,164,0.5,0.8432480666270078,0.8024423129852137,0.6048846259704275,0.7777777777777778,0.7142857142857143,0.8536585365853658,0.16602295537843614,1.0,1.0732288360595703
LightGBM,False,1:1,0,42,2,outer_training_repeated_stratified_cv,nested_fold_training_selected80,925090bcb392d41f06c980858132ef87f005a390fd68d1b0c688053eb6d7ba04,5ed471c59d6e2f54cdd65e2737a75ba57a350dad7984e2318d16214bb66d28f8,2444d14ff567b2eeca973896fa6cde602f8aa12430c74ec9b2547ad41729d674,654,164,0.5,0.8515764425936942,0.826468489307447,0.652936978614894,0.8128342245989305,0.7238095238095238,0.926829268292683,0.1577420218280099,1.0,1.0707261562347412
LightGBM,False,1:1,0,42,3,outer_training_repeated_stratified_cv,nested_fold_training_selected80,4d111ad9204fba96f909bb2562700bad74ca678c6f83c13fd7ea8c69b16dd807,e90922b7bb8cd3eabf44e9630180d9357da8f8ac2f311138363642020c1dcf80,08942af6ef5e95e4966e919e8cd48f98f7490caf3a5f5ed389bf63f95e6d8a8c,654,164,0.5,0.8451814396192743,0.8232058816899659,0.6464117633799318,0.7529411764705882,0.7272727272727273,0.7804878048780488,0.16820501159189255,1.0,1.0553789138793945
LightGBM,False,1:1,0,42,4,outer_training_repeated_stratified_cv,nested_fold_training_selected80,cd9e7bcf1f2a4a6d25455689bc11c8ee7bec0452c5c1c2aca61597c0d45759bb,5665a9f2c93203cbc2f88d1662f9840d2a40f41ad01123fa61bbf9f36c8333e9,32cfdbe9e420ac6c89283da38df44395a7e2e9a12b0d9ac84e4434065222778c,656,162,0.5,0.8335619570187471,0.7808665471904552,0.5617330943809105,0.7816091954022989,0.7311827956989247,0.8395061728395061,0.1672455827212896,1.0,1.132187843322754
LightGBM,False,1:1,1,7,0,outer_training_repeated_stratified_cv,nested_fold_training_selected80,2e6ca5303b34a4fe854d80284e572f74a5d6f5f2a5796bc30f898b7b639b075e,db68b2d1699bcc7a1cc9c6f756e3910799251ac31f2d641e29a239fe3181ff92,335af9bd7afcd2259d1181eaa5819120f30652df5f64c3243ff1b8197a79d2dc,654,164,0.5,0.8309042236763831,0.7606531567862718,0.5213063135725435,0.7978142076502732,0.7227722772277227,0.8902439024390244,0.1640181643262627,1.0,1.0337460041046143
LightGBM,False,1:1,1,7,1,outer_training_repeated_stratified_cv,nested_fold_training_selected80,f68df1df1b2c5cbd6db7041da2263a333c7c7b441ee9ca0dcccf733fd89454a2,4f2b4d0b2d694c558e9bb7a6465bed1ac6448325524d50c791021e209ccdaf5d,86aada5abf18cf3701c6e51e14a33d21e3b2ad895f3f0c45c8d5a0bd4f5fcc4a,654,164,0.5,0.7998215348007138,0.7298732482459368,0.4597464964918736,0.7380952380952381,0.7209302325581395,0.7560975609756098,0.18642444323823293,1.0,1.0600640773773193
LightGBM,False,1:1,1,7,2,outer_training_repeated_stratified_cv,nested_fold_training_selected80,bc7931d975347cf6576f7f626831ec012ccf984a95e6fd0587ef6df70e8d3068,949cdc431ad2125fada26ddf601bbc12103ac458adbb00518b502a27c4927d5c,5df8524acbc6019e5523bc48ded764fc33e1d60fc4db4b43aba433f43e49efd9,654,164,0.5,0.8514277215942891,0.8238885062620787,0.6477770125241573,0.7821229050279329,0.7216494845360825,0.8536585365853658,0.16279558885987253,1.0,1.1000251770019531
LightGBM,False,1:1,1,7,3,outer_training_repeated_stratified_cv,nested_fold_training_selected80,a1818ebf18f9e8e948971a8bdad5f89505e8c82be5c4dcc926f14605bda9aec9,9c7ff1132650efbf5ac87f0d8960f2e63039cec602b277720f2f4a055c1463a9,774ee8a88809e1b49e5c4a3d351bd74417ebe2c9f7a902be8c531548de80fd28,654,164,0.5,0.797441998810232,0.7135069063305477,0.4270138126610954,0.757396449704142,0.735632183908046,0.7804878048780488,0.18328949947813464,1.0,1.061182975769043
LightGBM,False,1:1,1,7,4,outer_training_repeated_stratified_cv,nested_fold_training_selected80,93937c4f98d6d775557fb35b1a1de47f4466aa14a18df0b9fb68833c2587fb88,717d1fde29d688119ddcb0e8d6fdaddeae45b7f31dcfad4181a313b2268ad4f7,e2f3e3e1fcabf2b6e1cdf7a8755dc0d935aeaa37f0988f433f20e9e4a3703b20,656,162,0.5,0.8321902149062643,0.7493330449613134,0.49866608992262673,0.8114285714285714,0.7553191489361702,0.8765432098765432,0.15911416490969713,1.0,1.0738260746002197
LightGBM,False,1:1,2,13,0,outer_training_repeated_stratified_cv,nested_fold_training_selected80,9b73517e58eb8ba0bc638627177cb05554c3e37ec35c51dddb15f6948ee26efd,c32c0830de98179691d483e4bd16e96a7012503416cf7c5cb518aa73354726c5,dd03cf03ac7cd26fa9d46f8eb6dccbdb0da15e795c1a668e5846cf19a35471e5,654,164,0.5,0.8298631766805473,0.7709559471366584,0.5419118942733168,0.8114285714285714,0.7634408602150538,0.8658536585365854,0.16351307719936578,1.0,1.1632089614868164
LightGBM,False,1:1,2,13,1,outer_training_repeated_stratified_cv,nested_fold_training_selected80,b684ea62f4f42114312136c66e5fc274b7cdacfddc1241c2ce12e887dcacf769,618241230c15e0051e7d5cd6e15b8cb3d5f5dcb755f877ce96d14461fc9092ff,8fddf42f5b799d421f6cf75cb21b504e783650587e7cf896b2e457fc367fd5f1,654,164,0.5,0.8274836406900654,0.7507549744360991,0.5015099488721981,0.783625730994152,0.7528089887640449,0.8170731707317073,0.17289003246262385,1.0,1.0117850303649902
LightGBM,False,1:1,2,13,2,outer_training_repeated_stratified_cv,nested_fold_training_selected80,ac8146237297375e1e17df069ef0bc4d10251551f48a864f205aa481cb0be3ef,361956c25a3092096f7dd9e26d21f52d379ce291171191a70b0fe88e35b120db,4de770fe3d9d10d0c84663725a69efe70ff007a9742e66dcd731d1a32a817de0,654,164,0.5,0.8233194527067222,0.7539006523323493,0.5078013046646985,0.7955801104972375,0.7272727272727273,0.8780487804878049,0.17346784898025513,1.0,1.3145208358764648
LightGBM,False,1:1,2,13,3,outer_training_repeated_stratified_cv,nested_fold_training_selected80,2e9654b3bae28b7f5cdb28ee62939918e683645949003400c88cb9e84776ca80,2f5fe7fdfc0b66e83d5a7e7e149d13d4024df5883b4e4159c8f2a3c735d60b8c,aef9953502474bbf497aa3388b535c8ec4609429a2522121822c5c0c34653723,654,164,0.5,0.842207019631172,0.7990959007674643,0.5981918015349286,0.7845303867403315,0.7171717171717171,0.8658536585365854,0.1589775750270468,1.0,1.0618722438812256
LightGBM,False,1:1,2,13,4,outer_training_repeated_stratified_cv,nested_fold_training_selected80,62120243085934ba40e34cb6a3184f737b6f28629b754affa403879b5678f746,348f735c69e08433061e41b7518fed4c20a71b7ef810663a9c109ccdfdbb44a2,72a254a5f2a4aedd3af3d81a6ee63c3deb805b1a506f8b1e45d264b1c89dd06e,656,162,0.5,0.8722755677488188,0.8034158608565628,0.6068317217131256,0.8121212121212121,0.7976190476190477,0.8271604938271605,0.1392852023356984,1.0,1.0199968814849854
CatBoost,False,1:1,0,42,0,outer_training_repeated_stratified_cv,nested_fold_training_selected80,5278fff3821350ea3dc0c70b80e6e99f83336c8ad2b59b7373f297543e130dfd,59ab623a6fd2b1fed6ea59d4420d8b51c9da7bf972e93c74c6f8499ae9c52023,7b0fa24903b8cdc5a08676b2c829ec06863d7581912c5b6ebc2f0c80d27dbdbe,654,164,0.5,0.8643664485425342,0.8439936800293448,0.6879873600586897,0.8131868131868132,0.74,0.9024390243902439,0.14577713454630167,1.0,0.42478370666503906
CatBoost,False,1:1,0,42,1,outer_training_repeated_stratified_cv,nested_fold_training_selected80,3398140c2e00dc38b670c41174640c34bdda9f6cd1367fd0977367652cc22e38,f66a9d46ada9f2c720c29f4a2170b56fa4e599fc6efd6d16745318b5923deb47,b2563a6c33969e4a6bb9c954023fe0e57453b8045ac09a63723a6805a51c9156,654,164,0.5,0.8444378346222486,0.8260408362503865,0.652081672500773,0.7759562841530054,0.7029702970297029,0.8658536585365854,0.15789080825222024,1.0,0.38149595260620117
CatBoost,False,1:1,0,42,2,outer_training_repeated_stratified_cv,nested_fold_training_selected80,925090bcb392d41f06c980858132ef87f005a390fd68d1b0c688053eb6d7ba04,5ed471c59d6e2f54cdd65e2737a75ba57a350dad7984e2318d16214bb66d28f8,2444d14ff567b2eeca973896fa6cde602f8aa12430c74ec9b2547ad41729d674,654,164,0.5,0.8447352766210589,0.8141373098790899,0.6282746197581799,0.8042328042328042,0.7102803738317757,0.926829268292683,0.152113919542272,1.0,0.36963391304016113
CatBoost,False,1:1,0,42,3,outer_training_repeated_stratified_cv,nested_fold_training_selected80,4d111ad9204fba96f909bb2562700bad74ca678c6f83c13fd7ea8c69b16dd807,e90922b7bb8cd3eabf44e9630180d9357da8f8ac2f311138363642020c1dcf80,08942af6ef5e95e4966e919e8cd48f98f7490caf3a5f5ed389bf63f95e6d8a8c,654,164,0.5,0.842207019631172,0.8000469226960137,0.6000938453920275,0.7796610169491526,0.7263157894736842,0.8414634146341463,0.16012064469571882,1.0,0.3593440055847168
CatBoost,False,1:1,0,42,4,outer_training_repeated_stratified_cv,nested_fold_training_selected80,cd9e7bcf1f2a4a6d25455689bc11c8ee7bec0452c5c1c2aca61597c0d45759bb,5665a9f2c93203cbc2f88d1662f9840d2a40f41ad01123fa61bbf9f36c8333e9,32cfdbe9e420ac6c89283da38df44395a7e2e9a12b0d9ac84e4434065222778c,656,162,0.5,0.8167962200884011,0.7608504382078634,0.5217008764157267,0.7888888888888889,0.7171717171717171,0.8765432098765432,0.17042655236939316,1.0,0.36105990409851074
CatBoost,False,1:1,1,7,0,outer_training_repeated_stratified_cv,nested_fold_training_selected80,2e6ca5303b34a4fe854d80284e572f74a5d6f5f2a5796bc30f898b7b639b075e,db68b2d1699bcc7a1cc9c6f756e3910799251ac31f2d641e29a239fe3181ff92,335af9bd7afcd2259d1181eaa5819120f30652df5f64c3243ff1b8197a79d2dc,654,164,0.5,0.8200475907198097,0.7637318146146411,0.5274636292292822,0.776595744680851,0.6886792452830188,0.8902439024390244,0.1643671538469365,1.0,0.363602876663208
CatBoost,False,1:1,1,7,1,outer_training_repeated_stratified_cv,nested_fold_training_selected80,f68df1df1b2c5cbd6db7041da2263a333c7c7b441ee9ca0dcccf733fd89454a2,4f2b4d0b2d694c558e9bb7a6465bed1ac6448325524d50c791021e209ccdaf5d,86aada5abf18cf3701c6e51e14a33d21e3b2ad895f3f0c45c8d5a0bd4f5fcc4a,654,164,0.5,0.8130577037477692,0.7338875204328026,0.4677750408656052,0.7796610169491526,0.7263157894736842,0.8414634146341463,0.16528830320201515,1.0,0.3662450313568115
CatBoost,False,1:1,1,7,2,outer_training_repeated_stratified_cv,nested_fold_training_selected80,bc7931d975347cf6576f7f626831ec012ccf984a95e6fd0587ef6df70e8d3068,949cdc431ad2125fada26ddf601bbc12103ac458adbb00518b502a27c4927d5c,5df8524acbc6019e5523bc48ded764fc33e1d60fc4db4b43aba433f43e49efd9,654,164,0.5,0.864069006543724,0.8407031377498846,0.6814062754997692,0.8,0.7346938775510204,0.8780487804878049,0.14777344824328162,1.0,0.3992180824279785
CatBoost,False,1:1,1,7,3,outer_training_repeated_stratified_cv,nested_fold_training_selected80,a1818ebf18f9e8e948971a8bdad5f89505e8c82be5c4dcc926f14605bda9aec9,9c7ff1132650efbf5ac87f0d8960f2e63039cec602b277720f2f4a055c1463a9,774ee8a88809e1b49e5c4a3d351bd74417ebe2c9f7a902be8c531548de80fd28,654,164,0.5,0.8142474717430102,0.7497344929915449,0.49946898598308986,0.7666666666666667,0.7040816326530612,0.8414634146341463,0.16531620587843246,1.0,0.35140395164489746
CatBoost,False,1:1,1,7,4,outer_training_repeated_stratified_cv,nested_fold_training_selected80,93937c4f98d6d775557fb35b1a1de47f4466aa14a18df0b9fb68833c2587fb88,717d1fde29d688119ddcb0e8d6fdaddeae45b7f31dcfad4181a313b2268ad4f7,e2f3e3e1fcabf2b6e1cdf7a8755dc0d935aeaa37f0988f433f20e9e4a3703b20,656,162,0.5,0.8364578570339887,0.7816583810157243,0.5633167620314485,0.7891891891891892,0.7019230769230769,0.9012345679012346,0.16163057227667305,1.0,0.36879515647888184
CatBoost,False,1:1,2,13,0,outer_training_repeated_stratified_cv,nested_fold_training_selected80,9b73517e58eb8ba0bc638627177cb05554c3e37ec35c51dddb15f6948ee26efd,c32c0830de98179691d483e4bd16e96a7012503416cf7c5cb518aa73354726c5,dd03cf03ac7cd26fa9d46f8eb6dccbdb0da15e795c1a668e5846cf19a35471e5,654,164,0.5,0.8347709696609162,0.7800957240104581,0.5601914480209162,0.7630057803468208,0.7252747252747253,0.8048780487804879,0.163915707901362,1.0,0.34477686882019043
CatBoost,False,1:1,2,13,1,outer_training_repeated_stratified_cv,nested_fold_training_selected80,b684ea62f4f42114312136c66e5fc274b7cdacfddc1241c2ce12e887dcacf769,618241230c15e0051e7d5cd6e15b8cb3d5f5dcb755f877ce96d14461fc9092ff,8fddf42f5b799d421f6cf75cb21b504e783650587e7cf896b2e457fc367fd5f1,654,164,0.5,0.8087447947650208,0.7247998613991379,0.44959972279827576,0.7790697674418605,0.7444444444444445,0.8170731707317073,0.17530133227056613,1.0,0.3768727779388428
CatBoost,False,1:1,2,13,2,outer_training_repeated_stratified_cv,nested_fold_training_selected80,ac8146237297375e1e17df069ef0bc4d10251551f48a864f205aa481cb0be3ef,361956c25a3092096f7dd9e26d21f52d379ce291171191a70b0fe88e35b120db,4de770fe3d9d10d0c84663725a69efe70ff007a9742e66dcd731d1a32a817de0,654,164,0.5,0.8426531826293873,0.7793642811849433,0.5587285623698865,0.7717391304347826,0.696078431372549,0.8658536585365854,0.15904739288303632,1.0,0.3660910129547119
CatBoost,False,1:1,2,13,3,outer_training_repeated_stratified_cv,nested_fold_training_selected80,2e9654b3bae28b7f5cdb28ee62939918e683645949003400c88cb9e84776ca80,2f5fe7fdfc0b66e83d5a7e7e149d13d4024df5883b4e4159c8f2a3c735d60b8c,aef9953502474bbf497aa3388b535c8ec4609429a2522121822c5c0c34653723,654,164,0.5,0.8662998215348008,0.8248270884862821,0.6496541769725641,0.8152173913043478,0.7352941176470589,0.9146341463414634,0.14447959701818436,1.0,0.35774803161621094
CatBoost,False,1:1,2,13,4,outer_training_repeated_stratified_cv,nested_fold_training_selected80,62120243085934ba40e34cb6a3184f737b6f28629b754affa403879b5678f746,348f735c69e08433061e41b7518fed4c20a71b7ef810663a9c109ccdfdbb44a2,72a254a5f2a4aedd3af3d81a6ee63c3deb805b1a506f8b1e45d264b1c89dd06e,656,162,0.5,0.8905654625819235,0.8640679163839642,0.7281358327679284,0.8160919540229885,0.7634408602150538,0.8765432098765432,0.13113541482543375,1.0,0.36684513092041016
