ratio,ratio_value,repeat_index,repeat_seed,fold_index,n_train_positive,n_train_negative,n_validation_positive,n_validation_negative,positive_prevalence,random_auprc_baseline,auroc,raw_auprc,normalized_auprc,f1,precision,recall,brier,scale_pos_weight,train_negative_seed,validation_negative_seed,feature_selection_seed,model_seed,selected_go_sha256,train_records_sha256,validation_records_sha256,elapsed_s
1:1,1,0,42,0,327,327,82,82,0.5,0.5,0.8597560975609756,0.7873042872943209,0.5746085745886418,0.8295454545454546,0.776595744680851,0.8902439024390244,0.14143817126750946,1.0,1973658644,3715151037,233149161,2399526814,b9f1edb670a53afef5f4c085e90bf5e13a41156251f6667b1a65871f2c4c47e0,59ab623a6fd2b1fed6ea59d4420d8b51c9da7bf972e93c74c6f8499ae9c52023,7b0fa24903b8cdc5a08676b2c829ec06863d7581912c5b6ebc2f0c80d27dbdbe,0.8275728225708008
1:1,1,0,42,1,327,327,82,82,0.5,0.5,0.8459250446162998,0.812367533160766,0.6247350663215321,0.768361581920904,0.7157894736842105,0.8292682926829268,0.16257768869400024,1.0,2786658438,2191900349,3517737438,2371526345,c59d36017adea2f05186de3822c3dd8c95d35f359f7ff35c586a14db623a3103,f66a9d46ada9f2c720c29f4a2170b56fa4e599fc6efd6d16745318b5923deb47,b2563a6c33969e4a6bb9c954023fe0e57453b8045ac09a63723a6805a51c9156,0.8220839500427246
1:1,1,0,42,2,327,327,82,82,0.5,0.5,0.8523200475907199,0.8311933768685125,0.6623867537370249,0.8172043010752689,0.7307692307692307,0.926829268292683,0.15150931477546692,1.0,1888399133,2010463502,629780227,48921201,091c82241439a2f22ad7066be22112027623cd7401cf37ff3920d078a7a913e2,5ed471c59d6e2f54cdd65e2737a75ba57a350dad7984e2318d16214bb66d28f8,2444d14ff567b2eeca973896fa6cde602f8aa12430c74ec9b2547ad41729d674,0.8372092247009277
1:1,1,0,42,3,327,327,82,82,0.5,0.5,0.8505353955978584,0.8241226974403657,0.6482453948807314,0.7602339181286549,0.7303370786516854,0.7926829268292683,0.15671171247959137,1.0,1161336969,599905126,3703496083,230894654,971bb2c8d0b3b7495acb94f62ea8741d4ff4e6e52c17cfe1f97b50e8801a1513,e90922b7bb8cd3eabf44e9630180d9357da8f8ac2f311138363642020c1dcf80,08942af6ef5e95e4966e919e8cd48f98f7490caf3a5f5ed389bf63f95e6d8a8c,0.8073139190673828
1:1,1,0,42,4,328,328,81,81,0.5,0.5,0.8280749885688157,0.8014319183856023,0.6028638367712047,0.7821229050279329,0.7142857142857143,0.8641975308641975,0.17385415732860565,1.0,1001834057,624141303,515383750,972393367,78610b63b09a3b3be6828cac4d903ead2c4bc5386d421ebf8e60227a9040ab96,5665a9f2c93203cbc2f88d1662f9840d2a40f41ad01123fa61bbf9f36c8333e9,32cfdbe9e420ac6c89283da38df44395a7e2e9a12b0d9ac84e4434065222778c,0.8110339641571045
1:1,1,1,7,0,327,327,82,82,0.5,0.5,0.847412254610351,0.7728350805077909,0.5456701610155819,0.7956989247311828,0.7115384615384616,0.9024390243902439,0.15802019834518433,1.0,2521657055,4094230609,264134123,842399429,74e66c11e57d405efbe19a02f13985423c60121aaf1960175664824578d0255d,db68b2d1699bcc7a1cc9c6f756e3910799251ac31f2d641e29a239fe3181ff92,335af9bd7afcd2259d1181eaa5819120f30652df5f64c3243ff1b8197a79d2dc,0.8097598552703857
1:1,1,1,7,1,327,327,82,82,0.5,0.5,0.7980368828078526,0.7126362648162403,0.42527252963248063,0.7701149425287356,0.7282608695652174,0.8170731707317073,0.17563192546367645,1.0,3885368634,2431578943,1619142612,2845288631,850c47286a5ff6cd122bd73c64fe0c130b4f93517aa2f9a4ab0225caa37355f8,4f2b4d0b2d694c558e9bb7a6465bed1ac6448325524d50c791021e209ccdaf5d,86aada5abf18cf3701c6e51e14a33d21e3b2ad895f3f0c45c8d5a0bd4f5fcc4a,0.8058819770812988
1:1,1,1,7,2,327,327,82,82,0.5,0.5,0.861540749553837,0.8173018833586566,0.6346037667173132,0.7821229050279329,0.7216494845360825,0.8536585365853658,0.1516919881105423,1.0,1974496636,1223099430,3474831427,1753096405,a58cdcfd42f13eceb650b4e384e38c15ac3d252fa7a9cf51166f33733bec7373,949cdc431ad2125fada26ddf601bbc12103ac458adbb00518b502a27c4927d5c,5df8524acbc6019e5523bc48ded764fc33e1d60fc4db4b43aba433f43e49efd9,0.8157241344451904
1:1,1,1,7,3,327,327,82,82,0.5,0.5,0.7853955978584176,0.7134482920928756,0.42689658418575127,0.7514450867052023,0.7142857142857143,0.7926829268292683,0.1892576962709427,1.0,2308674788,3336517605,3055848280,3336201630,0787429d108adbb8f716a931370780c2b496f9b4a512b716c8c31ecf6b7c002f,9c7ff1132650efbf5ac87f0d8960f2e63039cec602b277720f2f4a055c1463a9,774ee8a88809e1b49e5c4a3d351bd74417ebe2c9f7a902be8c531548de80fd28,0.8035416603088379
1:1,1,1,7,4,328,328,81,81,0.5,0.5,0.8527663465935071,0.7969252152859925,0.5938504305719849,0.7810650887573964,0.75,0.8148148148148148,0.15254904329776764,1.0,26843640,2371250898,2203746204,3425021368,fd5a87140a37ffe54b3e77a354b4bd55b27678e3392d3612bcc974fcd938aac7,717d1fde29d688119ddcb0e8d6fdaddeae45b7f31dcfad4181a313b2268ad4f7,e2f3e3e1fcabf2b6e1cdf7a8755dc0d935aeaa37f0988f433f20e9e4a3703b20,0.8070220947265625
1:1,1,2,13,0,327,327,82,82,0.5,0.5,0.8210886377156454,0.7398343833087969,0.47966876661759383,0.7719298245614035,0.7415730337078652,0.8048780487804879,0.17007383704185486,1.0,4197323642,3493101560,3288021756,261167866,b1e29c5fe8af2195e9abc0f61c3f3c4d213fca3f89d1193c4a6653fb53126347,c32c0830de98179691d483e4bd16e96a7012503416cf7c5cb518aa73354726c5,dd03cf03ac7cd26fa9d46f8eb6dccbdb0da15e795c1a668e5846cf19a35471e5,0.807368278503418
1:1,1,2,13,1,327,327,82,82,0.5,0.5,0.8353658536585367,0.7540274860734621,0.5080549721469243,0.7804878048780488,0.7804878048780488,0.7804878048780488,0.16560745239257812,1.0,3966191544,1903504230,667876274,3411050692,e3474974719a7c03379f3842f5f95d0ed2107cdd8a6ad009ba26fbebf9498feb,618241230c15e0051e7d5cd6e15b8cb3d5f5dcb755f877ce96d14461fc9092ff,8fddf42f5b799d421f6cf75cb21b504e783650587e7cf896b2e457fc367fd5f1,0.8123507499694824
1:1,1,2,13,2,327,327,82,82,0.5,0.5,0.8306067816775728,0.7800079661636126,0.5600159323272251,0.7909604519774012,0.7368421052631579,0.8536585365853658,0.17128019034862518,1.0,1319135375,2081672424,66402786,1633975599,9a349209c7d3b9bd40965068b2a613107212665860e7bbb02addbf0f67e5d1fd,361956c25a3092096f7dd9e26d21f52d379ce291171191a70b0fe88e35b120db,4de770fe3d9d10d0c84663725a69efe70ff007a9742e66dcd731d1a32a817de0,0.811784029006958
1:1,1,2,13,3,327,327,82,82,0.5,0.5,0.8316478286734087,0.7746149498489083,0.5492298996978167,0.8089887640449438,0.75,0.8780487804878049,0.15794503688812256,1.0,2293279620,3028097891,2933952375,4053831653,d3ae34fbcfb73c5a1be0c96ad00e7eec3433eb478aea0c91dd2163d7870a83ad,2f5fe7fdfc0b66e83d5a7e7e149d13d4024df5883b4e4159c8f2a3c735d60b8c,aef9953502474bbf497aa3388b535c8ec4609429a2522121822c5c0c34653723,0.8510711193084717
1:1,1,2,13,4,328,328,81,81,0.5,0.5,0.86374028349337,0.7871169452873462,0.5742338905746924,0.7926829268292683,0.7831325301204819,0.8024691358024691,0.14427079260349274,1.0,3410040530,245057234,532155413,762879727,253211c36a4e03f7beb1ba4c6fb38a30d71faa649d183e5779b5f27efb6ce6bf,348f735c69e08433061e41b7518fed4c20a71b7ef810663a9c109ccdfdbb44a2,72a254a5f2a4aedd3af3d81a6ee63c3deb805b1a506f8b1e45d264b1c89dd06e,0.808356761932373
1:2,2,0,42,0,327,654,82,164,0.3333333333333333,0.3333333333333333,0.802498512790006,0.5642807333687356,0.34642110005310345,0.6338797814207651,0.5742574257425742,0.7073170731707317,0.18452508747577667,2.0,3843021437,3211266498,2459361335,3355846983,d9214563678cb5e54ce62b12cfc54ec1503c2965a1513312082445248a61742f,14a1419c9beba3adf9979d9e073bc3d02a43b8b8aed82603efedfd2d561cea8a,34c214e5565db6004185cbbe7ae8a82e1416680ab9c0aaac43d0bd35c647c290,0.822490930557251
1:2,2,0,42,1,327,654,82,164,0.3333333333333333,0.3333333333333333,0.8193783462224866,0.6488700932652394,0.47330513989785905,0.6483516483516484,0.59,0.7195121951219512,0.16848568618297577,2.0,456126881,1334802877,2691260395,3979337658,0ca849bad165f1b5c6b8afbb743b11a439ac6e620b77b77ea61a27b2b18482d3,fcf4182b76cc18ac1710600cd6ee0b4714cd51d1f66f8d17e132a3571a8b1b5c,d03a0590117acb83851d2086042ebce12860fec74cc358dc366bb243cca030a5,0.8098487854003906
1:2,2,0,42,2,327,654,82,164,0.3333333333333333,0.3333333333333333,0.8351427721594289,0.6685408450939165,0.5028112676408748,0.6666666666666666,0.5887850467289719,0.7682926829268293,0.1699068695306778,2.0,1291134095,1412271313,2888025053,3547496849,48d11c3dbf7b88490f0de32b433f7f040c959d17824ff4751328f77bcde4e121,7a4ef7146831ab24b2d57e40c24d83bdd7b59fed334d027ecb1dd1e01f816193,101954328cdf763ef3d297959f63c192c6ae5f57464001ae5ead38c154fe00c4,0.8260610103607178
1:2,2,0,42,3,327,654,82,164,0.3333333333333333,0.3333333333333333,0.8361838191552647,0.6475963739504408,0.4713945609256612,0.6701570680628273,0.5871559633027523,0.7804878048780488,0.17103774845600128,2.0,1207792847,3523332312,3397132120,446498548,2839dd4f66245e43dae2964caf1eada9c7db1a499c7bb0e2be6c28937d8b3de9,db5b32db657fc81f16db46fa1524fc96eacc2332a5d7aeb1e19ac152c8e455da,8944114aeb4bde2e4a725fb85df4c3cc3ba26a0fd9c5d16c595fac01f4d2ca8e,0.8270571231842041
1:2,2,0,42,4,328,656,81,162,0.3333333333333333,0.3333333333333333,0.8424782807498857,0.6643415292276739,0.4965122938415108,0.717948717948718,0.6140350877192983,0.8641975308641975,0.1625218391418457,2.0,2534655002,1971048663,3509249309,635353153,927e27a3cc3101a34be177e900aac466e61a50485f979b7e3c311ffa3a2ad918,74ab1b09014f8fcd9ff954263ba05ba07a710a6e452c2a1352e1ba108e4ebd48,8e82d64fa386426958051a44e8b201e0467d8e9aa9a8dace193cd1a6943eced2,0.8590903282165527
1:2,2,1,7,0,327,654,82,164,0.3333333333333333,0.3333333333333333,0.855145746579417,0.6805063431452597,0.5207595147178895,0.7083333333333334,0.6181818181818182,0.8292682926829268,0.15463127195835114,2.0,984737381,3756613304,4266086141,3309269257,1aaba6dfe7091e423e4a3efb843a3d798a7797a6cf6d40d9710805b66f61cb9b,3561811e78f152cd3e25a44d59a104be1bf2e8979aaae4e8b56fa63d7c6fd3b5,5d21d602a9a958f96a6a8db434e5f0bbe4b0bcf0c888fbe764ac6493d21158d2,0.8187820911407471
1:2,2,1,7,1,327,654,82,164,0.3333333333333333,0.3333333333333333,0.8256989886972042,0.6331508253886939,0.4497262380830409,0.6701570680628273,0.5871559633027523,0.7804878048780488,0.17302313446998596,2.0,803650727,4165663402,2268018935,4078462980,4e7399b3d8f6d567ac05a31220d04c0e15ea37612b2057236854e3571ba92053,d26fc49350253374a4236bf109d7d95e370e4eaaa85cc24a002de49385d3bc19,6a9393af9fe818712d44c555c1a5b992eaf273d234597dd63948d21a54e0a65d,0.8281810283660889
1:2,2,1,7,2,327,654,82,164,0.3333333333333333,0.3333333333333333,0.8336555621653777,0.6325993432065321,0.44889901480979816,0.6733668341708543,0.5726495726495726,0.8170731707317073,0.17256884276866913,2.0,1297179026,1927414149,501671558,2080185891,60727718e13b1503a90f55abefdb1d28c63b43371a41360cc18eb01be4f5e95a,223ccdba19f76bcb78579e1f1ee66094f9007a1e56be195bdcc0c9626db52eea,5ca67b925ba7cd8777a04dcc1cd39caac0752d562bc52e425db5cb82daac26f9,0.8204128742218018
1:2,2,1,7,3,327,654,82,164,0.3333333333333333,0.3333333333333333,0.8168500892325996,0.6119253405059004,0.4178880107588506,0.6594594594594595,0.5922330097087378,0.7439024390243902,0.18500925600528717,2.0,158219701,2184918912,2998632408,3676711567,d184a84a0620593320dd7d389fbfec53510633945af97f68f0e071d9235fd8db,d945be6fbe2be78b2ba8d00732f4df3b053aaa11b23e36b675af1a4350f92539,0bdb6407ebb3b86e83b3d0ee0844a26ba08f6796fd704ba45320864df430b2b8,0.8201782703399658
1:2,2,1,7,4,328,656,81,162,0.3333333333333333,0.3333333333333333,0.8344002438652645,0.6799947385413276,0.5199921078119915,0.6593406593406593,0.594059405940594,0.7407407407407407,0.16424396634101868,2.0,1998645208,3406563514,1067208240,2116107462,7ec0a71b7c3927ef09b67b17fa84c9cfb015ed7e5f196f0f7b6c10d41ec9f12d,b66445c958af80cb422082a60634c9f86791be1e078719e8f5d2a83111d9acbe,6cf8cd05c8199b3db6acaa8f32636f76a9504d0235863eb2dac7bfd68c7e5e79,0.81722092628479
1:2,2,2,13,0,327,654,82,164,0.3333333333333333,0.3333333333333333,0.8092653182629388,0.5852044653873872,0.37780669808108086,0.6229508196721312,0.5643564356435643,0.6951219512195121,0.18505610525608063,2.0,2658756559,2178638259,4188311781,2385020629,c882943ed9446fbb9e84cabb6939b75c491e8e1dd20bd2bea8c222c422d7710a,29ab7e613566f07fb802c45bb65849724ac710730bfe0ca503582d1cf7b71261,d385a4483b29d4aa83ebce272e751fca7b74b79f0a25cbce9782c206be65f26c,0.8569967746734619
1:2,2,2,13,1,327,654,82,164,0.3333333333333333,0.3333333333333333,0.8297888161808448,0.6250629420579569,0.4375944130869353,0.6770833333333334,0.5909090909090909,0.7926829268292683,0.16826310753822327,2.0,2460697459,1311766183,809859313,2071354186,4a6695f972cc39082335d02ed4863508fd96fccd3d7812d83b0b6afdee4d4ade,f1f1e6e86fb7d309416fbac8d3f74106200ea66617233b7a13bd3842e8385eae,b9761f93f96f605c238a7645994eefdb06fcdf864d8f242b32d0e600d54dc84d,0.8215668201446533
1:2,2,2,13,2,327,654,82,164,0.3333333333333333,0.3333333333333333,0.8085960737656157,0.5994033362034094,0.39910500430511403,0.6294416243654822,0.5391304347826087,0.7560975609756098,0.19389455020427704,2.0,1892204932,2446100996,802906846,2886427279,499cbea8512e6f7dc6497ca841366759a736f36fbfdac34068d4fd8dfb57502d,49709e9617106117f674818d06fe0d30220b09bf169538c9a776d4dff3c8fce8,4bff4141c27c7e40cfb0e2e4228529fad8cff747f18a811c5a61dca827611087,0.8217222690582275
1:2,2,2,13,3,327,654,82,164,0.3333333333333333,0.3333333333333333,0.8183372992266508,0.6423290066107826,0.46349350991617394,0.6321243523316062,0.5495495495495496,0.7439024390243902,0.1830141395330429,2.0,1929101983,3494227047,4158422852,1228809269,6b562c7d0f3cf7a81289a21e9814837a1f48996fc908674d2b02e32a6f5a9c33,9fa92515c0a11d656ed9e4a91f8331f2f44578798c7035a9b6d319c548ab86fa,29b2b3293baae257104c50bfa6a0fe9ee24098c64d0ba5b77dcada5d81839e27,0.8196659088134766
1:2,2,2,13,4,328,656,81,162,0.3333333333333333,0.3333333333333333,0.8099375095259869,0.5849133115226612,0.37736996728399186,0.5802469135802469,0.5802469135802469,0.5802469135802469,0.18340446054935455,2.0,4121214247,3818754143,3886831063,546075536,5a3453cac76caa0f3f8830dc5691db4fcefd4a7c1ce525516b621e16720baef8,8ad6b73cfcb747c8508ce04b1c02388a0f393676618e9df4abc38ad68f6dda4a,0027291af842b0e38f29ca8d7d9c56ef9811bc5ce8b68b16ceed2b3b80b88e03,0.8279721736907959
1:3,3,0,42,0,327,981,82,246,0.25,0.25,0.8381419789807654,0.5134606117861369,0.3512808157148492,0.6288659793814433,0.5446428571428571,0.7439024390243902,0.16117170453071594,3.0,426843286,4058590906,1733943549,26589065,6b42d9649bfe454445b8c151fd7f8286349e1c50eb6a32b028994f692093d440,7015a343308e83ce814989bdc7975bf6cdb4e8076984dbeb6b20b171e3981951,5bbb6300c79f6654503b3f917d328592a887c8fe775abb71bb2078fea85c2d0f,0.921177864074707
1:3,3,0,42,1,327,981,82,246,0.25,0.25,0.8316974023398771,0.556972837021361,0.40929711602848134,0.572972972972973,0.5145631067961165,0.6463414634146342,0.15705081820487976,3.0,719309173,1798047786,698785405,3486480270,0f8c74ba498dee5b25aafdb25cf230fed4408a3002c65e073ed86020edc3f967,c34c8a0a154eae443ba3b6f66b3fef82e14b874489a8069df084556bd5580fad,a74a3ea280b442ec362d7a4e1f5c07ef75fb4ff32293926cfbb895681cb5e418,0.8855650424957275
1:3,3,0,42,2,327,981,82,246,0.25,0.25,0.8763137021614118,0.6721353379893538,0.5628471173191384,0.6349206349206349,0.5607476635514018,0.7317073170731707,0.13292807340621948,3.0,1022590526,3078250195,1874861043,3949076301,a105f7bab76f6d3034551208d1d85f24f6e28845a8be9b47735fd8aee8d92ae7,b491022b98f77a58493423338c33549226777690e3c9bb6da69ab4146f147dcb,a8632669489bc7468a4fd4718c5e4779310e13ec17b905bc6921cd3371527469,0.846890926361084
1:3,3,0,42,3,327,981,82,246,0.25,0.25,0.839430894308943,0.5868011754972636,0.4490682339963515,0.6185567010309279,0.5357142857142857,0.7317073170731707,0.15309765934944153,3.0,1541165544,2155875762,1459954808,1609935897,b52314cb6f8be0206d1f0e3ae67e276b892881b4fbb606b8d28f696ee91e0a55,65777f9438fae6a554d191670002b24a176d06bd98ac471d4d6d29f2d7a1a21b,52e8d09f4c65cbde2040a7075029ee032d258a38341a27bdef028db6454014e7,0.8383829593658447
1:3,3,0,42,4,328,984,81,243,0.25,0.25,0.8262459990855052,0.5921239582936733,0.4561652777248977,0.5645933014354066,0.4609375,0.7283950617283951,0.18355557322502136,3.0,837548399,1579652887,3128883074,521036994,81f13d59cba8e60951004869eec79fdc9e25a57940efa1be7e0a24c2708303e3,18efa3f103e62c3d76c7321e80da5f1eff1ebdb0dfbc872c2fc8b4f13da728d7,e639617e353dab55d93c0c201387f142ae2e1cdfb26101a36f425facbf6baa9d,0.8417677879333496
1:3,3,1,7,0,327,981,82,246,0.25,0.25,0.8623339282173309,0.5847125507931267,0.44628340105750225,0.63,0.5338983050847458,0.7682926829268293,0.1471906453371048,3.0,4129009545,3084822376,2598768255,901200719,9c59194dd7ac6ed97ffbecb38eaf509e6d15cc8f6968d268b66707759240e902,59f6a494437098303b545e9d812fd3f5429a9dd5773eec277e6e7fda774cc861,19b6ba4099671926d3a4e91a9333cd06b690f490b320e02c842c40082d87d408,0.8330562114715576
1:3,3,1,7,1,327,981,82,246,0.25,0.25,0.806513979773944,0.512118341619737,0.34949112215964934,0.5483870967741935,0.49038461538461536,0.6219512195121951,0.16998955607414246,3.0,1162269072,3679408178,2521514323,1078692102,a7a482ad8dc4fabc29530a13c10608f1e5294daca1aab274f0308cfb2c340caf,4aa3c5d4be9bd028262f09f7d263df1f68afb3f793a9340398bc4a5d2f06ffc4,73d1214b1a4706b987b158a0d80a14d352c48a0a36c989c8e371675aab5a57bd,0.8362512588500977
1:3,3,1,7,2,327,981,82,246,0.25,0.25,0.8295161610152687,0.5425190688595424,0.3900254251460565,0.5797101449275363,0.48,0.7317073170731707,0.16827604174613953,3.0,153071978,3196202444,1154809180,2969113721,a4bb17f58ec91a27c39f1466f95d889680d6c7deb2afec71b71683b684a555d1,42179b887a8251055d9f555d21b8d23a28807422d5b5a008afde77a0ea96cfca,da8bbc27e66e489d9635a9fab46358a00f23cf8cae0f61575dbd6162cab6e970,0.8430609703063965
1:3,3,1,7,3,327,981,82,246,0.25,0.25,0.8449831449534009,0.6019109676798184,0.46921462357309124,0.5882352941176471,0.5238095238095238,0.6707317073170732,0.1580830067396164,3.0,3805947204,2501685002,3745541801,4192204068,47b2a404805533f09b37fdc9a8f4c22d30a0354eb3f741187c13d649541e8fd1,f3ca30cfe3380b3943a843564313b8aa4d78af82333912174ca64a731ad90253,dbafcd3aa652cec20ac38e89d0be64e310aae37c9d9ab9d2202d610f2d856682,0.8328578472137451
1:3,3,1,7,4,328,984,81,243,0.25,0.25,0.836864299141391,0.5521674657041062,0.40288995427214164,0.5846153846153846,0.5,0.7037037037037037,0.1600535809993744,3.0,3195821444,2491950744,784868851,1263494735,9fceeb8d7c618aef2c2b0f1e16091fa14b5799447f3a74401ce4f148d3c1a58b,8c2fb3657988e197ffd79fa56d8b02e0a16e12ec23933d12d829dc8b9c8c4358,3973ef95a1e7e77b20045a9bef6fa2dc1feaabb909de5330dada90239862b3fa,0.8451049327850342
1:3,3,2,13,0,327,981,82,246,0.25,0.25,0.8694725361887765,0.6135096872363508,0.4846795829818011,0.6559139784946236,0.5865384615384616,0.7439024390243902,0.13595853745937347,3.0,2978825407,963540472,1593892049,56018860,a2dfb347bcaa2d6bc76668b5867f63a1bf31071ec2489a54081adb9e0613094b,f0e327e97c42212dca22d8768c0ff4e4514ae04284347623a6401e2593e2d16b,b6aed0d4a7da05e3ab48b016ecde64da2ede54e6c8e573d8d72f519d38d51d18,0.838921070098877
1:3,3,2,13,1,327,981,82,246,0.25,0.25,0.8519730319254413,0.5796259874012701,0.43950131653502683,0.6270270270270271,0.5631067961165048,0.7073170731707317,0.14474835991859436,3.0,958268311,1374890642,1234092339,376203308,56bd2e92dfb876d29d70c316e090d9b187644b09860e36b4d6d30e88a46745db,25fb405df767944582e390395493e4c39da9bcf2475a7b901ce29d6e9a6e62f9,b80dd0324fa002c0c5ec5185a8c70e130509bf28ec78e9cb5e971ade118623b1,0.8374330997467041
1:3,3,2,13,2,327,981,82,246,0.25,0.25,0.8125123934166172,0.5103254919379985,0.3471006559173313,0.5825242718446602,0.4838709677419355,0.7317073170731707,0.18260906636714935,3.0,3786843214,730111806,4155832376,58871740,71c28539d26b14f6de6fa086730b465e456af138bd16d70d7ac5918dbd627850,df1c5675ba596ee8bd524a8ec1472c9b2f7263977f91f83fd940184efdd53265,17d089b3bbd126fdfb64428a78b33f237a3daf572efc27277a78c0a89629e999,0.8384320735931396
1:3,3,2,13,3,327,981,82,246,0.25,0.25,0.849940511600238,0.6028966876233205,0.470528916831094,0.5913978494623656,0.5288461538461539,0.6707317073170732,0.14475315809249878,3.0,320819499,1492377245,3584647915,200313322,f5f37c8fc82d4a7ba5fa5baec42f2cecf887786e122a2debe3f80e938607e8fc,c89c56537d67a2550732624ab922a634a76f4c75aff39bb799d136bd88dd4af1,0147c37b2816c89f1fb45f6853049c86ec8e795e4264f63e7a31209aeb24a195,0.848578929901123
1:3,3,2,13,4,328,984,81,243,0.25,0.25,0.8460092465579434,0.5583198895120645,0.41109318601608597,0.6120218579234973,0.5490196078431373,0.691358024691358,0.14741921424865723,3.0,3826044452,3396187321,489864888,3312096944,cfbae508d49353c4c1566d2c02586ebfed88ca4ffccb680f92875b90a2049d1a,55690499842561de473e7eca06ea22212e9ef2655b514aa1c587e05b08bd82a0,71d4efb396c8a70c7150ad7ad3e1ebdd97c78eb816ae855ccf247ea188bcb42d,0.8382978439331055
1:4,4,0,42,0,327,1308,82,328,0.2,0.2,0.8605740630577038,0.5077184644948594,0.38464808061857414,0.6039603960396039,0.5083333333333333,0.7439024390243902,0.14218421280384064,4.0,420896965,274940601,3059387520,1091522948,6ed30eeee61a16c79280fd1643450a41d2339b4900464d5f15d839039e9d52a9,7365d3a5f0bbc7f1bcbd9649eb1ec71c9b7bd6e7f52f2235ea29f7cc26d65ca8,eac40fd7498341368097e28d8fabedf6c48f6a13449b2aad76585abffa531388,0.8521180152893066
1:4,4,0,42,1,327,1308,82,328,0.2,0.2,0.8337299226650803,0.49911176942653784,0.37388971178317226,0.5376344086021505,0.4807692307692308,0.6097560975609756,0.14191588759422302,4.0,112853450,1906050182,2639398481,931109348,c22f47ec811305278ecd147ce4c108532cd60fddb8bc9891eb81d2986cf7a2df,8765d689d0ab1effe9c608e664bf003c3382892d40abe36baf8f3db1a9d28720,19f176707965f72de581aab9e842fae19d5efa6ada9ce219f0d6747ebcd12471,0.8249459266662598
1:4,4,0,42,2,327,1308,82,328,0.2,0.2,0.854476502082094,0.5791401966903076,0.4739252458628844,0.5714285714285714,0.5046728971962616,0.6585365853658537,0.13495801389217377,4.0,2399257510,1272201273,3162911178,2958847988,31e44dfa04ba99d597ee4052b2eae64145c11ca1ca2c04203f3b4ef8dc0f6980,41620021c78c0d193781dc5098e10c05e8b926d1b94bf4bf9a5377452e6a7d6d,5dc40898bedc88c8c951bf1c76c89b23d1a182fb3273d7dc8fa187aacae2dd93,0.8410751819610596
1:4,4,0,42,3,327,1308,82,328,0.2,0.2,0.8397159428911362,0.48363391408123985,0.3545423926015498,0.5742574257425742,0.48333333333333334,0.7073170731707317,0.14569741487503052,4.0,11564909,740375017,1618978559,380994269,83eef98f68acf5628f5bd469f79937a2157392ebd3deebef82b71e5ff0eb8421,7ecdd8eff83761c68c95bf4a54180eca4e103026d1abd4f3cd6cd22eaa5d15cf,f5bf33163cb9f2428767f2781e6c673ffade5fc9dccb4b2aac4e299dfc8c4c4a,0.8492999076843262
1:4,4,0,42,4,328,1312,81,324,0.2,0.2,0.8344002438652645,0.5015685409894984,0.376960676236873,0.5581395348837209,0.44776119402985076,0.7407407407407407,0.15971359610557556,4.0,1986933049,1345388185,809246370,1225012800,4a7608cd6d61e24f7c0f986320dcd33d752fd90c623827ebe2ce6f6c070f21f0,fb3aee326e605c59b556302d09fc0bca38f36e244af23e150054bf5f0e4b3713,1287d10930e55a9a39de130bb63aab2dd78a346dc0df457ebbe23ecca95a412c,0.845149040222168
1:4,4,1,7,0,327,1308,82,328,0.2,0.2,0.8612433075550268,0.516919550210834,0.3961494377635425,0.5893719806763285,0.488,0.7439024390243902,0.14225813746452332,4.0,1468846442,601673352,346085279,19711159,18118974563c95d138b3cf4123141538ccdf5d2a17d2e21ef41de3dc9d7afb8e,7ca03482235f2708b355dcde71659a5c6628400f41ccd3b431805e94cf2057c0,c6e7e157cb49324401b6e4213c3fa6c65cc0d59a7441bc76fe7706bd7249855f,0.8487129211425781
1:4,4,1,7,1,327,1308,82,328,0.2,0.2,0.8471891731112433,0.500299644628141,0.37537455578517626,0.5435897435897435,0.4690265486725664,0.6463414634146342,0.1406775712966919,4.0,223527115,1179373019,3284808835,3611339459,20b8c1dfc0ce1e77f325eceb36c06bf9e572d844f4c63f383359ca96bb7ce8bd,728767a70b82eea78518c6117f5be18c5649a36a84a4ab4ab17747c4cfb60457,d336e381ed0d2d313c2d3ee85ba7e4fad3fcf7a92a0e98ce6cfb5a52b7bfdc53,0.8448789119720459
1:4,4,1,7,2,327,1308,82,328,0.2,0.2,0.8700550267697799,0.6031627526265311,0.5039534407831638,0.5628140703517588,0.47863247863247865,0.6829268292682927,0.1281510442495346,4.0,232768092,3005685016,1217569596,3828856261,70dd7eeae18c42241f596c08a34c2d52cfcfe483a8c0f40fdcab03f7393121cf,ff5efdb46d659f24b14ab199d772be13b0241d8ee21c339af524a2d25c181de2,81f68edd28ce49bb1b1afcc50e21d64983efdeda0cb7342b42c3c18456922a12,0.8428888320922852
1:4,4,1,7,3,327,1308,82,328,0.2,0.2,0.8568188578227246,0.530402776753642,0.4130034709420525,0.5502645502645502,0.48598130841121495,0.6341463414634146,0.13262265920639038,4.0,3607034384,601612040,1973229862,1524919692,f8567a9263ebcad75338e3f1e3e870df03aa7e6fdb71b0b341a5c75d662361a4,2c6c8033415b5e4944ff4a52ca121f84b3ce3acf73a5745eb6e859ea29435fee,4854e3c1717512c3691a069dbdc560970e7c143c5378ec58cb2e3338cf106952,0.8396909236907959
1:4,4,1,7,4,328,1312,81,324,0.2,0.2,0.8238454503886603,0.4876129523612744,0.35951619045159294,0.5130890052356021,0.44545454545454544,0.6049382716049383,0.149599090218544,4.0,145173418,530742158,2519413643,921691333,8f2276fd7c1a8ed9fa9d57accc5fc891e3b81db3c6dbb5e7c2b3c40b7b26040d,d8ca110ab884c1208ffb5f223af5fe30e61e8d9b8ab81a557526fafc2c7d0b5e,4388327acc1bee83c4b637182b828501b881250cfd84f8f7e39cfde1a10360a0,0.8477699756622314
1:4,4,2,13,0,327,1308,82,328,0.2,0.2,0.8396787626412849,0.46056892501244445,0.3257111562655555,0.580952380952381,0.4765625,0.7439024390243902,0.1505056619644165,4.0,1043441618,1306626211,2925613700,1318353368,3101565aa7241b2bdd85c367b65a9e1d3bcdcdb3694178f9854cd192b6c4e650,659220b558c8628bf7b9df187ef0cb5c95798d277b46b1d4c95221d7620a0ce1,f9f5b8c036900a68176da942554f5922cf397db800b398405d25c30ebaecab71,0.853583812713623
1:4,4,2,13,1,327,1308,82,328,0.2,0.2,0.8545136823319452,0.5181628722465226,0.39770359030815317,0.5658536585365853,0.4715447154471545,0.7073170731707317,0.14033976197242737,4.0,3967921469,3769031787,1729197224,3864957032,34e6450a226b30089ec2bc36172e5eef8dbc6a24661171e4b9bbd935b217dd4c,d3c3914303e55025b4a20d5ccf1bd003b7757c7f2103db551b70350dafd75975,9e5b4b30954d5efe2cdd036738567d5e52bdf756f6dfea465a0a7afe0ed670ec,0.8479957580566406
1:4,4,2,13,2,327,1308,82,328,0.2,0.2,0.8229476502082095,0.43202031343075203,0.29002539178844,0.5462555066079295,0.42758620689655175,0.7560975609756098,0.17137302458286285,4.0,1627942445,1148463717,1413192634,490994377,d7b9e74fbe74b6e3cf13c6be60b3bb445b786664453333af3d5a9b359a4034d4,04bd33ac02cd2d0d6e5b35d26cb1cd3e64572b526c0f7bd609b7ab93cabec4bd,594f7e86a0954f9cb3ebc60b3f0421982da1be011caa3fee66ddd6c7fbbb4065,0.8506481647491455
1:4,4,2,13,3,327,1308,82,328,0.2,0.2,0.8381915526472338,0.5026964333536492,0.37837054169206147,0.5365853658536586,0.44715447154471544,0.6707317073170732,0.1495170295238495,4.0,1721745415,4145664941,2862952090,1569536596,5b9fa775d502a7a64579dea2a6cc8a121f2240d593e945a8d90a8d8fd10dfb99,a23c08811a5601c08837cd705a5d84176e402af965faae83a9cbf68c161cf956,76ac2671832316dbbfa6c5d51d6dc18b10ef00a513ce900f190838f6802010c2,0.8457798957824707
1:4,4,2,13,4,328,1312,81,324,0.2,0.2,0.8318472793781435,0.44177345601628,0.30221682002034994,0.5185185185185185,0.4537037037037037,0.6049382716049383,0.14620864391326904,4.0,720975774,2510367330,1225854434,657464507,68c4d2bc865679d673af996dcd77d99e93f72edcaa13d7993d992758e397c90e,1b15f987692811d213c3682d1cb9dba830b554c44d159b75bc5372f3a84971c6,21338d0553cf061f9068a84ae8a362a9d121d7cfbd28df1f28358d20df9265f0,0.8880267143249512
1:5,5,0,42,0,327,1635,82,410,0.16666666666666666,0.16666666666666666,0.8393218322427126,0.4322988047659072,0.31875856571908867,0.4666666666666667,0.3828125,0.5975609756097561,0.1418691873550415,5.0,2271557382,2389766151,261709997,169927654,24b7aab27f2357ddbc731543c53e9e7f830378cffcf3c0b93affc9ce30161978,dc68fd01949dcae50ef7c93d41dbd62f0d6f74436de1b26a4527dd10f05d27e2,f3622092f9d0d3a9edffe52d3865708ac8480bd719ff66e7a34380be294b4499,0.8551177978515625
1:5,5,0,42,1,327,1635,82,410,0.16666666666666666,0.16666666666666666,0.8504759071980963,0.4514900992868829,0.3417881191442595,0.4945054945054945,0.45,0.5487804878048781,0.1256498098373413,5.0,3738214866,2146813999,3667628742,388819993,5a3b8fc724fa9b70aa6889b69c537b7b21dc28105c5761c93287ef4f81463f17,183ac5be29277a796fe7ed7bf75e69dce5b8b683e10948f7582bba1e6b087614,def38b1f4ed2685c27c34d76eec0f096fec6d2010c2286e2b2a51c56d2a34f91,0.8525550365447998
1:5,5,0,42,2,327,1635,82,410,0.16666666666666666,0.16666666666666666,0.8548185603807258,0.4942421260591909,0.393090551271029,0.5112107623318386,0.40425531914893614,0.6951219512195121,0.13577856123447418,5.0,3201539320,2938065712,2626962892,896720211,d06362fc88295e04583ef8d536af21914162d3f73b0f4ece37cb6991980b8668,b3655332e73b032151d8b6eda3eb0dc24c024aa7e8d535b3410acbddec82aeaf,47dd588e588e8d8602b7597cd87ec4582e6e347ac1a9248fe3aa3304c84d1231,0.8585407733917236
1:5,5,0,42,3,327,1635,82,410,0.16666666666666666,0.16666666666666666,0.8406603212373587,0.42115052552780413,0.3053806306333649,0.49765258215962443,0.40458015267175573,0.6463414634146342,0.14037233591079712,5.0,1863807677,3148633390,607250093,4174982221,effe8fe0af3dfc76c1a42eb3dcde74d3d2deee3953b7d396af83c9f468519809,d564326ae4035de3c1bcdda86202e8460eb203fe459efb05f95458ba7aa4089b,5b46b6dc541ac6dacd2399c0e0a6c2b73d3c0cfc395195ff324a9b738128ecf6,0.858555793762207
1:5,5,0,42,4,328,1640,81,405,0.16666666666666666,0.16666666666666666,0.8547477518670934,0.5111254963991998,0.41335059567903976,0.5333333333333333,0.4166666666666667,0.7407407407407407,0.14360947906970978,5.0,779737286,1850981907,2098763973,2405003699,5e045be25ea65fa5aee53042c00bd0dd2ae533feaf649d147a401bdead77cdd4,fc09cf144d0467626a5ea1ebb457e48f8bd9a0e24a5c9c8b77912ba9b95d51ee,8350cb6a8dc32a54c1cd1777955d9968631ab092b7f656b6da40601f81eb1440,0.8574919700622559
1:5,5,1,7,0,327,1635,82,410,0.16666666666666666,0.16666666666666666,0.842385484830458,0.4064220356790275,0.28770644281483304,0.48623853211009177,0.3897058823529412,0.6463414634146342,0.14752550423145294,5.0,839727729,2210902643,4196815406,636261195,07982b1805131e5e1e1e627ca4b2096588c6d477da9c6a4313011172c48208da,f655294a6e0f7b06b7561e10da72a08a200fb67627a434183a6401ef992b700f,36479a8afade6de98b92b9c1c1b26959b12fd5ba1ebb8715ef96dc82ca4eaf89,0.858940839767456
1:5,5,1,7,1,327,1635,82,410,0.16666666666666666,0.16666666666666666,0.8521415823914337,0.4585555478592246,0.35026665743106955,0.5294117647058824,0.4426229508196721,0.6585365853658537,0.13113704323768616,5.0,755564212,2925265904,4082817047,2565762360,1a8d74a304d805a15105c7d3e8a76cdde1fde8ecd0407220e040f77008b26d9c,122ce90d1926d2ec7d32d27aae06fa4bcca81a1016f380f7d1389bc44450e8f2,50b41c017faed242943785a49bc7ee5b5ad6cb9f769de871485514021420f8a5,0.8534250259399414
1:5,5,1,7,2,327,1635,82,410,0.16666666666666666,0.16666666666666666,0.8450327186198692,0.42308687503399645,0.30770425004079577,0.5350877192982456,0.4178082191780822,0.7439024390243902,0.14400714635849,5.0,2693813015,445548691,899560606,1872123236,f03d49741e7111188d1e5f25fb1cd492056b5651f1e0cdcda08d0004a7e3e429,bbc57ae1d385f6c25c9740d5feb6fe3cd1af74e29f33b3bd51a6892d37b02fba,eed9a003c7abd08ed2e72ce8efd8c7615b5305901f232a16bfc87fc4bc183851,0.8535537719726562
1:5,5,1,7,3,327,1635,82,410,0.16666666666666666,0.16666666666666666,0.8453599048185605,0.5151458936198205,0.4181750723437847,0.47959183673469385,0.41228070175438597,0.573170731707317,0.1321173757314682,5.0,4164593714,3594304725,2261386821,2069478687,8707179b2c8eb80e8ad7314d31bc8df47c2e2831f7f9a6c191d8798d1f8c0c62,ad4128f326b518bba788b1f0e851b73144007a02ad07eab2ff44a9661435e092,39248de0338448def135455447e794d1bd09107d95b3edcb895afd0dc89ef1a9,0.8795349597930908
1:5,5,1,7,4,328,1640,81,405,0.16666666666666666,0.16666666666666666,0.8458161865569273,0.44103940904386096,0.3292472908526332,0.4928909952606635,0.4,0.6419753086419753,0.13592924177646637,5.0,1666402677,366618036,640907163,1814039416,27853df7e8747fedd317868b013989a8e37f059986072ce7c8cb965499bc1b75,bd8fd2683bb9938059fc204bf6b2064a7befabad9308cee1863fe86f6992441f,c572a480791af75a86b33b1905e653824eac71f6f2ab81d3ee2817606f50f1e9,0.8304171562194824
1:5,5,2,13,0,327,1635,82,410,0.16666666666666666,0.16666666666666666,0.8401844140392624,0.45354754240253176,0.3442570508830381,0.5420560747663551,0.4393939393939394,0.7073170731707317,0.13765232264995575,5.0,3751251218,4218452593,554376902,1802093742,14781f41d3289c27d6809c22a0f5c77114e066764740de5854594eb3dee44f6c,e9bb6e57d315df8e3c29cbaccf87e15322a4efe16f22486e11c9802f3dbb937f,c5180aa294d1d3bfcf159a45d32ffe28db1d10ca2e4fc780302e65a9c8a5e768,0.8576149940490723
1:5,5,2,13,1,327,1635,82,410,0.16666666666666666,0.16666666666666666,0.8381320642474718,0.4244798644790582,0.30937583737486984,0.5096153846153846,0.42063492063492064,0.6463414634146342,0.13858796656131744,5.0,3585049756,2301391794,3299575904,3317063852,5e703a218b3e9cb7ab8a93f372b72856f405bf57268ac85bce81090715f5364d,99565fa1b7ecac50d8a797f792c98cb47cd1a777d26104e2f7ad4fc7bf1416b8,e1c23153c6feb17bd7fee3027f2ab9933ca8d944e89c14c8227951d635fbad45,0.8585789203643799
1:5,5,2,13,2,327,1635,82,410,0.16666666666666666,0.16666666666666666,0.8400356930398571,0.43495616491170586,0.3219473978940471,0.5395348837209303,0.43609022556390975,0.7073170731707317,0.13576684892177582,5.0,2041887770,3242858617,2545445916,2227149362,43d6be014d9c55d7835cfd6a979854a8a4343edc2f2d3c72e614bb4b16b473fa,06f0547a379492971fb3e32ad22e0f423645679de5cc997173dbea273ed25eaf,e637f90db5521edad6ca421be6768f245c710455e713aa20ca02079751e86bb1,0.837531328201294
1:5,5,2,13,3,327,1635,82,410,0.16666666666666666,0.16666666666666666,0.8382807852468768,0.4936762947653841,0.3924115537184609,0.5024154589371981,0.416,0.6341463414634146,0.13528180122375488,5.0,691567113,636187022,2795621797,232370989,452680071b1fbb60344958a14b52bbbfbb6c1f96c8e3a0442f8e1f3c0d54acb2,68e4b53159d3ad4397b72280f8baa64936ca24ab8556c6a2bd46e5b5f5308822,90758c9eb8201cfb3b70f3bcc995076d0c924e765ea868c989657c45978d33a1,0.8633537292480469
1:5,5,2,13,4,328,1640,81,405,0.16666666666666666,0.16666666666666666,0.8315195854290505,0.4216071695584643,0.3059286034701571,0.4607329842931937,0.4,0.5432098765432098,0.13803784549236298,5.0,752415690,447257278,525790726,3693043811,4acc4b7553bf1de05659c86526b3577f9d9b2e7cd080c059295913c8f689b678,2e9b0e521782b6107ef73bf21da2c349567f6954c322ef55a510c8c829017258,90a1fe8f46a4aee7ec5764996b845c8b2adb5a390eb6881396a9d2ffd21de0d0,0.9003210067749023
