model,config_id,config_index,parameters_json,parameters_sha256,status,error,n_folds,outer_test_used,selection_metric,mean_auroc,sd_auroc,mean_auprc,sd_auprc,mean_normalized_auprc,sd_normalized_auprc,mean_f1,sd_f1,mean_precision,sd_precision,mean_recall,sd_recall,mean_brier,sd_brier,mean_elapsed_s,sd_elapsed_s
Random Forest,random_forest_01,1,"{""max_depth"":8,""max_features"":""sqrt"",""n_estimators"":300}",cbb0ab02c8f148fca1bababd79ebfe29c823e1aa8da608a94c36b9c86b27d7bb,ok,,15,False,mean_auroc,0.8388965127007263,0.014350809518913854,0.7924955166706356,0.02299400664531328,0.5849910333412711,0.04598801329062656,0.7932180843641212,0.024894318353963198,0.7057133187287692,0.026618543322586896,0.9063033222924823,0.03410098047045873,0.159310498292891,0.005815524004415563,0.22377096386626363,0.004683697373370629
Random Forest,random_forest_02,2,"{""max_depth"":8,""max_features"":0.5,""n_estimators"":300}",a3d6533d7687da604e0db012d3b4dfa2ef88bfb5ce688d80a6feb0fe6b9404a9,ok,,15,False,mean_auroc,0.8428557538834668,0.015661809720123362,0.7943585718611259,0.019883946837632675,0.5887171437222519,0.039767893675265356,0.801860630888592,0.023508062307475475,0.7248471512071506,0.027569068868296187,0.8981632038542606,0.03275664372285705,0.15420839357988445,0.007809429310221389,0.4610845609335229,0.019328266662260223
Random Forest,random_forest_03,3,"{""max_depth"":10,""max_features"":""sqrt"",""n_estimators"":300}",c0bb7d0b9e7faf9801fe2c6e2cd49541ab48729b14a041226992370c5e2ca242,ok,,15,False,mean_auroc,0.8436321208707084,0.014821348895429116,0.8003215027131247,0.022746428226698003,0.6006430054262495,0.045492856453396006,0.8006243388869172,0.02417102553061544,0.716390062539153,0.024998961281203998,0.9079293385526449,0.032582145528694435,0.15649242812110323,0.005620988124364387,0.2396244999409343,0.00601438838922967
Random Forest,random_forest_04,4,"{""max_depth"":10,""max_features"":0.5,""n_estimators"":300}",dd0abca8e748bfa63a537c4836c4bf3defcd7da330aef7178924e1790c857305,ok,,15,False,mean_auroc,0.8422247833394281,0.01713393143713684,0.7932196332295323,0.02404637925781936,0.5864392664590643,0.04809275851563872,0.803525413783073,0.020261167438984377,0.7309633236881504,0.024310810540110233,0.8932650807989562,0.03458744352286357,0.15481273749319704,0.007948810130211693,0.4978324749933866,0.020589068881206936
Random Forest,random_forest_05,5,"{""max_depth"":null,""max_features"":""sqrt"",""n_estimators"":300}",4d0e3f89b530aca66d641dc6b55f886e64621ad37b8308e71369c99396d7a370,ok,,15,False,mean_auroc,0.8452808302492785,0.018360688434274706,0.8026937659424785,0.024665492654176654,0.6053875318849571,0.04933098530835331,0.7957743079871802,0.02829142327596657,0.720773415894075,0.029124360521960883,0.8891799658737328,0.039720841069405044,0.15509611557206107,0.006655848396818834,0.2657138303969987,0.00606131800196498
Random Forest,random_forest_06,6,"{""max_depth"":null,""max_features"":0.5,""n_estimators"":300}",3dc84baebdcb3f0294578f249e7884e211145577cf295e5152caccf2a5291927,ok,,15,False,mean_auroc,0.8451517535991268,0.01888757669835171,0.7979461636732013,0.024677005997098187,0.5958923273464029,0.04935401199419638,0.7989076834320439,0.019903354583480852,0.7310373207126292,0.026515237955203913,0.8818227441533675,0.030831417788153,0.15406427799524913,0.008407844534829928,0.5450623110091934,0.0218028395046787
Random Forest,random_forest_07,7,"{""max_depth"":8,""max_features"":""sqrt"",""n_estimators"":500}",4d65e0eeeff718053e0e70ae15134e9793b9f47c49f0cd779e6ac3680109623f,ok,,15,False,mean_auroc,0.8400726092141647,0.014162346339905414,0.7958759687372734,0.022797893085658567,0.5917519374745467,0.04559578617131713,0.7963685814881862,0.021413694358652705,0.7085997189532829,0.0235231957114026,0.9095553548128075,0.02838888839268321,0.15871093970707745,0.005370109419947802,0.37185407758612804,0.00784771594180295
Random Forest,random_forest_08,8,"{""max_depth"":8,""max_features"":0.5,""n_estimators"":500}",5bb9a4a1076ff468ac0755ff94237a6004bdf63dcdde6b5fe632540080947888,ok,,15,False,mean_auroc,0.8443138966781729,0.016710394061252024,0.7974553393053984,0.020346255028183418,0.5949106786107968,0.040692510056366836,0.8035624245761138,0.025522664982042198,0.7261132608844637,0.03158832588306612,0.9005921911070963,0.031856682151107575,0.15394044039310179,0.007968482114641507,0.7724216693857063,0.03053204847047489
Random Forest,random_forest_09,9,"{""max_depth"":10,""max_features"":""sqrt"",""n_estimators"":500}",3c76bf9bb24ccf665f4b010499c144083fa3a5560a47c6a3d922e88c9f31053a,ok,,15,False,mean_auroc,0.8439610932627778,0.01331174878470996,0.7996968700633794,0.021395632741005425,0.5993937401267591,0.04279126548201086,0.7999696043848517,0.021464778080779363,0.7147596930148666,0.02380742109629807,0.9087523838201347,0.02641428931039979,0.15632488370979936,0.005174882099064309,0.3988122749996061,0.009067420720502616
Random Forest,random_forest_10,10,"{""max_depth"":10,""max_features"":0.5,""n_estimators"":500}",da198a04e12b319809f13a27a5010f87b4f01c2ed508111a3300a4eb971783c7,ok,,15,False,mean_auroc,0.8430161758095438,0.016898794813985943,0.7970953345887125,0.02250109470259074,0.594190669177425,0.04500218940518148,0.8047690280842783,0.02235170460864611,0.7308823563888251,0.0273748006589628,0.8965371875940983,0.03467569920354648,0.1543751938184176,0.008085281616858658,0.8328102777401606,0.03368292333920107
Random Forest,random_forest_11,11,"{""max_depth"":null,""max_features"":""sqrt"",""n_estimators"":500}",ad8f08bb0b6ee683fb748c48f947db7f6af2d726fc3dcc98a687a7efa2a2af6e,ok,,15,False,mean_auroc,0.8462956427187701,0.018311307063266266,0.8054120377792326,0.023537125851291654,0.6108240755584651,0.04707425170258331,0.7968719785784569,0.023631773065263602,0.7207958633963609,0.02585504741767592,0.8916390645387935,0.03179919852843729,0.1547661291378099,0.006573595568482151,0.44214014159903553,0.008787591174664332
Random Forest,random_forest_12,12,"{""max_depth"":null,""max_features"":0.5,""n_estimators"":500}",dfa44aa18cb167a3af684759c076b89089d510e0ee7f1852203048d83996885f,ok,,15,False,mean_auroc,0.8452547498614492,0.01899330377514305,0.8004936147854734,0.025092150021298918,0.6009872295709465,0.050184300042597836,0.8003528295612238,0.022234331452909224,0.7335064888370039,0.02764227631309011,0.8818327812907758,0.03437743530018496,0.1537840135702098,0.008614611155565425,0.9060688693309202,0.03538495571353083
Extra Trees,extra_trees_01,1,"{""max_depth"":8,""max_features"":""sqrt"",""n_estimators"":300}",cbb0ab02c8f148fca1bababd79ebfe29c823e1aa8da608a94c36b9c86b27d7bb,ok,,15,False,mean_auroc,0.8254264566913236,0.0197183150939183,0.7814826853600875,0.03529383067819494,0.5629653707201747,0.07058766135638989,0.7750457789718569,0.021725107659010173,0.6786857654402242,0.015331638216809263,0.9038843721770552,0.03847667413734153,0.17569630796124128,0.005249999003147,0.1390922388721568,0.0016807913836843027
Extra Trees,extra_trees_02,2,"{""max_depth"":8,""max_features"":0.5,""n_estimators"":300}",a3d6533d7687da604e0db012d3b4dfa2ef88bfb5ce688d80a6feb0fe6b9404a9,ok,,15,False,mean_auroc,0.8447991035666654,0.0153635618763642,0.7994829726989987,0.02876581143547747,0.5989659453979977,0.05753162287095494,0.7927898683870366,0.01890354427291393,0.6957969364212669,0.01743759662715706,0.9217705510388436,0.03122509269659335,0.1587192992349897,0.005136954925804539,0.22466815546698246,0.002945024931331177
Extra Trees,extra_trees_03,3,"{""max_depth"":10,""max_features"":""sqrt"",""n_estimators"":300}",c0bb7d0b9e7faf9801fe2c6e2cd49541ab48729b14a041226992370c5e2ca242,ok,,15,False,mean_auroc,0.8320682188052434,0.0200263436719622,0.7869916463761901,0.03566052786274551,0.5739832927523804,0.07132105572549102,0.7849786871544051,0.01830360518690691,0.6847814229949131,0.014679127528514434,0.920164609053498,0.03379060856760303,0.16955618791769791,0.00579434029880728,0.1495059279918981,0.002324415562196747
Extra Trees,extra_trees_04,4,"{""max_depth"":10,""max_features"":0.5,""n_estimators"":300}",dd0abca8e748bfa63a537c4836c4bf3defcd7da330aef7178924e1790c857305,ok,,15,False,mean_auroc,0.8493675787405268,0.015211268697284881,0.8043967462268917,0.032482357465763334,0.6087934924537837,0.06496471493152667,0.796764200464269,0.018701747629049498,0.7037609923997583,0.018756825704397524,0.9185084813811102,0.026359310478570305,0.15563743448646233,0.004953022595078544,0.25489145827014,0.004356748686606323
Extra Trees,extra_trees_05,5,"{""max_depth"":null,""max_features"":""sqrt"",""n_estimators"":300}",4d0e3f89b530aca66d641dc6b55f886e64621ad37b8308e71369c99396d7a370,ok,,15,False,mean_auroc,0.8491256228291593,0.02167779792084082,0.8120810221745884,0.04219440563401282,0.6241620443491771,0.08438881126802564,0.7958553023517112,0.019024359612039313,0.7138505522026571,0.01769971219203322,0.8997289972899729,0.031161570880511524,0.15503164815372433,0.008305722749163214,0.225947452604305,0.003327654921056384
Extra Trees,extra_trees_06,6,"{""max_depth"":null,""max_features"":0.5,""n_estimators"":300}",3dc84baebdcb3f0294578f249e7884e211145577cf295e5152caccf2a5291927,ok,,15,False,mean_auroc,0.851057916851822,0.021494004790769787,0.8105488889412489,0.03969280897450114,0.6210977778824974,0.07938561794900229,0.7958817931325562,0.0247459968280905,0.7186679789790269,0.020350069138438374,0.8924420355314665,0.04056379570520607,0.15242939498366176,0.008735743415955302,0.3581025915996482,0.014282119561635076
Extra Trees,extra_trees_07,7,"{""max_depth"":8,""max_features"":""sqrt"",""n_estimators"":500}",4d65e0eeeff718053e0e70ae15134e9793b9f47c49f0cd779e6ac3680109623f,ok,,15,False,mean_auroc,0.8252274230672759,0.020407179678526247,0.7815353891330287,0.0352823592824999,0.5630707782660577,0.0705647185649998,0.7769662285994607,0.019779860379143685,0.6801986843380222,0.01613665629679779,0.906323396567299,0.03304670903728983,0.17574669166261528,0.00538922572023748,0.23313000006213164,0.0037851823365873164
Extra Trees,extra_trees_08,8,"{""max_depth"":8,""max_features"":0.5,""n_estimators"":500}",5bb9a4a1076ff468ac0755ff94237a6004bdf63dcdde6b5fe632540080947888,ok,,15,False,mean_auroc,0.8458185968601745,0.015127554653957783,0.8010875752312987,0.02807381466941285,0.6021751504625978,0.0561476293388257,0.7918100579633828,0.017557666341836278,0.6948672748692888,0.017697723442188923,0.9209274314965371,0.031291983489022804,0.15849255492741354,0.005086369193844768,0.3764204667299055,0.006202473642822122
Extra Trees,extra_trees_09,9,"{""max_depth"":10,""max_features"":""sqrt"",""n_estimators"":500}",3c76bf9bb24ccf665f4b010499c144083fa3a5560a47c6a3d922e88c9f31053a,ok,,15,False,mean_auroc,0.8320412460763057,0.020052715549685733,0.788771079751696,0.035230274147399133,0.5775421595033917,0.07046054829479825,0.7835760084173888,0.01948673158919068,0.6843703789131271,0.015401341818533665,0.9169125765331728,0.033277434566686664,0.16960502016613097,0.005899683260225667,0.24794431106420234,0.0041438434951196704
Extra Trees,extra_trees_10,10,"{""max_depth"":10,""max_features"":0.5,""n_estimators"":500}",da198a04e12b319809f13a27a5010f87b4f01c2ed508111a3300a4eb971783c7,ok,,15,False,mean_auroc,0.8487310652546006,0.014575729129960236,0.8051517280779217,0.02961926505738449,0.610303456155843,0.059238530114768984,0.7968780467557157,0.018997943952824295,0.704394962097254,0.018073621610686687,0.917695473251029,0.027458503399269835,0.15564426683725655,0.004919671157780326,0.424297444402085,0.007922785926714039
Extra Trees,extra_trees_11,11,"{""max_depth"":null,""max_features"":""sqrt"",""n_estimators"":500}",ad8f08bb0b6ee683fb748c48f947db7f6af2d726fc3dcc98a687a7efa2a2af6e,ok,,15,False,mean_auroc,0.8496878989750788,0.02083621787016512,0.8140621598601565,0.039061782039101704,0.6281243197203128,0.07812356407820341,0.7962844525489092,0.0229035387977723,0.71465868373064,0.018034677671955462,0.8997390344273815,0.03988294696450837,0.15460058177255848,0.008269408069611345,0.3771541112024958,0.00553056705718608
Extra Trees,extra_trees_12,12,"{""max_depth"":null,""max_features"":0.5,""n_estimators"":500}",dfa44aa18cb167a3af684759c076b89089d510e0ee7f1852203048d83996885f,ok,,15,False,mean_auroc,0.8511518914775394,0.02109115122080072,0.8126869502890414,0.040411631054629325,0.6253739005780825,0.08082326210925865,0.7947188818833608,0.026236508956652835,0.7189736398935646,0.023039639500626544,0.8891598915989161,0.04173435216790562,0.15239849194017865,0.00872002150159243,0.5932977222022601,0.014823512578951974
Gradient Boosting,gradient_boosting_01,1,"{""learning_rate"":0.03,""max_depth"":3,""n_estimators"":200}",dedb806b4a5a709472bcb615667271295db069e0700b0b886725130a5d06acf8,ok,,15,False,mean_auroc,0.8408946692040887,0.02011988635666361,0.791892383507531,0.036434573336935575,0.5837847670150624,0.07286914667387116,0.7920866147209722,0.01812349998958521,0.7323463044149392,0.02169506110627918,0.8639064538793536,0.0373784774029503,0.15496483471398584,0.009753830273175713,0.2957853028085083,0.013878985647731927
Gradient Boosting,gradient_boosting_02,2,"{""learning_rate"":0.05,""max_depth"":3,""n_estimators"":200}",4569f1740026f766c6015be124c643095046ebab9aa15d358c605d5632183086,ok,,15,False,mean_auroc,0.8369247123722422,0.021819176052740124,0.7834621422960352,0.03482059628696255,0.5669242845920702,0.0696411925739251,0.7897680821595511,0.020685850133600674,0.7364026223483184,0.027133540164186343,0.853297199638663,0.040721790720064974,0.1582242393575159,0.011623676624677788,0.29640219159579523,0.014909663709816912
Gradient Boosting,gradient_boosting_03,3,"{""learning_rate"":0.03,""max_depth"":4,""n_estimators"":200}",d6ebedff82de2f6c24e74a9f98511f24977cfa9e461ed5475a611b85813b5ad4,ok,,15,False,mean_auroc,0.8387753809843181,0.0223061010292416,0.784800696236385,0.04096687265631235,0.5696013924727701,0.0819337453126247,0.7915251970079803,0.018657662371521617,0.7314590455189137,0.023860985476179306,0.8638863796045367,0.03751174106835397,0.15582350775480022,0.010886325878799487,0.3890318137981618,0.0185065684178687
Gradient Boosting,gradient_boosting_04,4,"{""learning_rate"":0.05,""max_depth"":4,""n_estimators"":200}",2d60991c49c9bff57d2331d9e6568511c050d892aef21bae8de75a7fe2619307,ok,,15,False,mean_auroc,0.8381463809954102,0.022047952822748167,0.7853990283437216,0.038971836011432136,0.5707980566874434,0.07794367202286426,0.7879942984798529,0.021277626894302248,0.7326407478824062,0.022585936170430865,0.8532771253638463,0.03429236558818323,0.1586596740242477,0.01252981100569682,0.3878551332706896,0.01880669004829468
Gradient Boosting,gradient_boosting_05,5,"{""learning_rate"":0.03,""max_depth"":3,""n_estimators"":300}",21efb7a421d90bc81f25e12721e95720dcfcec9fc97b3ac49e9a29b7eb0756a8,ok,,15,False,mean_auroc,0.8390396907582445,0.020596544816355894,0.7882306170612909,0.03737575227295229,0.5764612341225821,0.07475150454590458,0.7890780562055769,0.021310743122085904,0.7323810042602257,0.020188738728533565,0.8565492321589883,0.040613435500924146,0.15614457021350842,0.010902578729215823,0.4468392720717626,0.020955334206266607
Gradient Boosting,gradient_boosting_06,6,"{""learning_rate"":0.05,""max_depth"":3,""n_estimators"":300}",01fa0f7c1c998c3dcae10bbc9621b0e44e7ad5e1a5a01f1aa1cba49acdbfc915,ok,,15,False,mean_auroc,0.8340505489099187,0.020888550881920702,0.7797609728654763,0.03554035458812071,0.5595219457309527,0.07108070917624142,0.7866315184066613,0.023456696656806577,0.7357344169431889,0.02675832876566443,0.8467730603231959,0.042736861017705234,0.16064485989037663,0.011828289958157498,0.44677940553907924,0.020481589215645742
Gradient Boosting,gradient_boosting_07,7,"{""learning_rate"":0.03,""max_depth"":4,""n_estimators"":300}",1a6792f55fcf3e1aaa0ddd8fe85bd3737c02e3cbc800f2f5aab15f495afc1035,ok,,15,False,mean_auroc,0.8377483137473148,0.02262916986849771,0.7851533250484048,0.0389629563903047,0.5703066500968095,0.0779259127806094,0.7881276463713698,0.023260650501195076,0.7336615331497517,0.026062191951503916,0.8532570510890295,0.045594636737199296,0.15798725884771525,0.01199947976769792,0.5847316918079741,0.026178248409608938
Gradient Boosting,gradient_boosting_08,8,"{""learning_rate"":0.05,""max_depth"":4,""n_estimators"":300}",f55d85dd7fbcc62ac4507fd5b5c58517b8622c1706b5f2bcf5f4352788932446,ok,,15,False,mean_auroc,0.8364069308776105,0.021801114113738237,0.7821125279178504,0.03876114379600167,0.5642250558357008,0.07752228759200334,0.7862854126472579,0.018041290260937926,0.7327874511385492,0.0205407419690177,0.8491920104386228,0.0329900458536366,0.16250833749892696,0.013467772555598272,0.5904664138681255,0.032628566171364795
Gradient Boosting,gradient_boosting_09,9,"{""learning_rate"":0.03,""max_depth"":3,""n_estimators"":500}",a214318751f9b090bb43d21b64cb6179664c19130100e04f717d6f526aee91fc,ok,,15,False,mean_auroc,0.8366174175977766,0.02194238223653339,0.7874020906933761,0.03674939244616728,0.5748041813867523,0.07349878489233456,0.7844866194067577,0.024266239655075288,0.7305402307857316,0.022585404843424858,0.8484291879955836,0.04410068171763981,0.15983258248278812,0.012893538758515906,0.742242822117017,0.036489928301522354
Gradient Boosting,gradient_boosting_10,10,"{""learning_rate"":0.05,""max_depth"":3,""n_estimators"":500}",0a2099d856937a1d65e74e799c5063cf6d14b0002660429dab2027ac456ba8cc,ok,,15,False,mean_auroc,0.8314230841406187,0.021192019099876773,0.7798756327916438,0.033960670173978205,0.5597512655832877,0.06792134034795641,0.7850117331602017,0.0259840314281733,0.7345472597115672,0.029026984445690813,0.844334035932952,0.041604856449121534,0.16698903062030115,0.01431100759710802,0.7411731971272578,0.033865341844993534
Gradient Boosting,gradient_boosting_11,11,"{""learning_rate"":0.03,""max_depth"":4,""n_estimators"":500}",587f634d0a2c17a5c3efe9331bff3242271393eeae20bf65e69d8c5a691b6c56,ok,,15,False,mean_auroc,0.8365127288341145,0.023267193017837067,0.7853285567509549,0.039298321299847803,0.5706571135019101,0.07859664259969561,0.7872301550074602,0.02404371930451644,0.7341192653736185,0.024532090307784422,0.8500250928435211,0.04291671844166763,0.16300498030086763,0.014276600894805574,0.9736694775909807,0.04861321637045548
Gradient Boosting,gradient_boosting_12,12,"{""learning_rate"":0.05,""max_depth"":4,""n_estimators"":500}",c1b610d460cd152beeaf2c10309a24486b64314f543058041c7c3618fb55add8,ok,,15,False,mean_auroc,0.8333047905071709,0.023259296228081733,0.7811178883316466,0.039315361663078786,0.5622357766632933,0.07863072332615757,0.7805928882974743,0.02116258629144949,0.7310881353501498,0.02503611430473898,0.8385927933353408,0.037410085029991165,0.17080154285205262,0.016655367327555435,0.970720702871525,0.04724922164019348
XGBoost,xgboost_01,1,"{""learning_rate"":0.03,""max_depth"":3,""n_estimators"":300}",21efb7a421d90bc81f25e12721e95720dcfcec9fc97b3ac49e9a29b7eb0756a8,ok,,15,False,mean_auroc,0.8400103493434592,0.018259761925520916,0.7871213561094643,0.033989713531744625,0.5742427122189284,0.06797942706348925,0.7921437652583438,0.01910744113255577,0.7319046521743888,0.020331495128149527,0.864719462009435,0.040899847375032564,0.1549344539642334,0.008893929756116914,0.05549262759353345,0.0026054851827466783
XGBoost,xgboost_02,2,"{""learning_rate"":0.05,""max_depth"":3,""n_estimators"":300}",01fa0f7c1c998c3dcae10bbc9621b0e44e7ad5e1a5a01f1aa1cba49acdbfc915,ok,,15,False,mean_auroc,0.8387110886008434,0.022891926370684604,0.7858652441274201,0.0374095135307819,0.5717304882548403,0.0748190270615638,0.7876689451048462,0.022538413577925298,0.7373012810287564,0.01887586654699484,0.8467931345980125,0.04485058498487238,0.15772955020268759,0.011651909654764753,0.05451301960662628,0.002474100383122102
XGBoost,xgboost_03,3,"{""learning_rate"":0.03,""max_depth"":5,""n_estimators"":300}",50edf41c308924618e3892ebd1802c3549f38a738d74e4d835472446751b1281,ok,,15,False,mean_auroc,0.8403396285013961,0.02084921598129424,0.7846841043510288,0.03482199834156074,0.5693682087020573,0.06964399668312146,0.7949047299784563,0.02084321232719973,0.7409029776602415,0.02135066048841288,0.8590083308240489,0.04319979076590216,0.15671697457631428,0.010860076642862166,0.09128514166998987,0.005161045291754068
XGBoost,xgboost_04,4,"{""learning_rate"":0.05,""max_depth"":5,""n_estimators"":300}",cc6cb9fc2c9538349437206b099518782c04a9427c50380dc17985649bf1ec14,ok,,15,False,mean_auroc,0.8381072131898565,0.0230499328142911,0.7836094894596983,0.03704483406707608,0.5672189789193969,0.07408966813415216,0.788306387672794,0.02020919723412017,0.7430369552932345,0.027236136532339708,0.8410318177255848,0.03683938949635875,0.1610743353764216,0.013669402418969323,0.08653859720410158,0.004703076549986272
XGBoost,xgboost_05,5,"{""learning_rate"":0.03,""max_depth"":7,""n_estimators"":300}",9a119446d77a1cf1afb7ae194a4a104ed0f1e37d447a129d353fde01357ac688,ok,,15,False,mean_auroc,0.8386593585063289,0.02067739154588368,0.7839377160407637,0.03295615209732763,0.5678754320815274,0.06591230419465526,0.7939865620762545,0.024144105815011502,0.7404034037001535,0.02414714145083049,0.8581451370069256,0.050854969936189855,0.15818937222162882,0.011858106771497519,0.1170232166070491,0.0064755985786792815
XGBoost,xgboost_06,6,"{""learning_rate"":0.05,""max_depth"":7,""n_estimators"":300}",a8aed1694832e22bd395079500342833d98f8683ba6180677a3564ed319cc19b,ok,,15,False,mean_auroc,0.8376871600471277,0.02392681679440562,0.7856978707052567,0.0345497693075643,0.5713957414105136,0.0690995386151286,0.7866511687877046,0.018407297430416733,0.739229683011627,0.023960525065938626,0.8426678711231558,0.04388890509507263,0.16276256442070008,0.013897830745149293,0.10716335266285265,0.005265844071246864
XGBoost,xgboost_07,7,"{""learning_rate"":0.03,""max_depth"":3,""n_estimators"":500}",a214318751f9b090bb43d21b64cb6179664c19130100e04f717d6f526aee91fc,ok,,15,False,mean_auroc,0.8381107855766123,0.02046406348025021,0.7852310468849362,0.03772638267393553,0.5704620937698726,0.07545276534787106,0.7864708956708764,0.012620299740971416,0.7337546541770393,0.018306643182491478,0.8484091137207667,0.029461952615661535,0.15760416984558107,0.010326309354652308,0.08826380826455231,0.004053498649860955
XGBoost,xgboost_08,8,"{""learning_rate"":0.05,""max_depth"":3,""n_estimators"":500}",0a2099d856937a1d65e74e799c5063cf6d14b0002660429dab2027ac456ba8cc,ok,,15,False,mean_auroc,0.8356854326681713,0.02421990993907247,0.7799116370031146,0.040004603067837825,0.5598232740062289,0.08000920613567565,0.7799383057119651,0.02276354872251779,0.7364589089121272,0.02305680432952625,0.8304426377597108,0.044105774846481094,0.16282006601492563,0.01373871299785879,0.08688397227087989,0.0036806494657726867
XGBoost,xgboost_09,9,"{""learning_rate"":0.03,""max_depth"":5,""n_estimators"":500}",77ac2e276454f25987439f5378548300d895cabd00ff3c03e73d0f6c58b89ad5,ok,,15,False,mean_auroc,0.8376141860384779,0.02278813635046294,0.7803445519928833,0.03702302428102894,0.5606891039857665,0.07404604856205788,0.7855309920493155,0.021150124216357088,0.7390364830644481,0.024508355389439043,0.8402288467329119,0.04496402627484833,0.16149461368719736,0.012909433771690989,0.14302948612797384,0.007789354807046628
XGBoost,xgboost_10,10,"{""learning_rate"":0.05,""max_depth"":5,""n_estimators"":500}",8fad0e42f64b0f02555f0111c1d8dd01e2e8e0a5fc860c4128ec7914a2f4a41c,ok,,15,False,mean_auroc,0.8366327513576806,0.023671717027709604,0.7827561312775124,0.03610033128564764,0.565512262555025,0.07220066257129527,0.7838300871626038,0.0250852505942699,0.7403502378653524,0.02809660281172575,0.8344976412727091,0.04470434650824821,0.16681723395983378,0.015361718452825414,0.13401707786833866,0.006256135326819746
XGBoost,xgboost_11,11,"{""learning_rate"":0.03,""max_depth"":7,""n_estimators"":500}",1b74c4652afbe1a184853b0b1ba29e69c4e1d83007c65f9504ca9765fe81b8a9,ok,,15,False,mean_auroc,0.8376354934214133,0.021118071181402777,0.7835369142238116,0.032040946149015086,0.5670738284476233,0.06408189229803016,0.791736795669404,0.020470047036689955,0.7423504445788066,0.02499600429813001,0.8500150557061127,0.042514415237112815,0.162289563814799,0.0134865347533864,0.17806341112979376,0.009153575412036982
XGBoost,xgboost_12,12,"{""learning_rate"":0.05,""max_depth"":7,""n_estimators"":500}",703ef5801d58e41c23e1b93ca620072eec2730439007d6fb93f2c4542aaf814e,ok,,15,False,mean_auroc,0.836588965441329,0.02229814174452266,0.7850651307071282,0.031597860811387664,0.5701302614142566,0.06319572162277533,0.7863744444961317,0.01525140286498855,0.7403782426159676,0.02569868395532262,0.8402288467329118,0.03484854502911205,0.1679719607035319,0.014560450581548343,0.15702591098767396,0.0070260451970362145
LightGBM,lightgbm_01,1,"{""learning_rate"":0.03,""max_depth"":4,""n_estimators"":300,""num_leaves"":15}",3b9637e71e394e7b548cd37665c0ca709b72de7f0e265d3448f2e88299c8d72d,ok,,15,False,mean_auroc,0.8321573274896098,0.020508179763120745,0.774560001171463,0.04391844559280901,0.5491200023429257,0.08783689118561801,0.7832057059185559,0.023387726139541123,0.724205773799444,0.019592906531719228,0.8541603934557862,0.046353054099509614,0.15961970140287596,0.00948344645723242,0.03229059733372803,0.001341656469790961
LightGBM,lightgbm_02,2,"{""learning_rate"":0.05,""max_depth"":4,""n_estimators"":300,""num_leaves"":15}",fa8d86388cc60cf7bc64254a7e789b8579ad790a1868efd80f889692a9d8cc10,ok,,15,False,mean_auroc,0.8313275076832761,0.022410798945985834,0.7772774503215233,0.043200573694678814,0.5545549006430465,0.08640114738935761,0.7791611388825872,0.027174523373195824,0.7315137243802803,0.027782652144986104,0.8353809093646493,0.049428589728052454,0.16413824379134082,0.011976531585724953,0.030923563932689527,0.0010904404263438147
LightGBM,lightgbm_03,3,"{""learning_rate"":0.03,""max_depth"":5,""n_estimators"":300,""num_leaves"":63}",aeb1ab421ffcb54cd6012ebc9ffad9af55aa2a71cec5700f7fd64d81f9115768,ok,,15,False,mean_auroc,0.8342137407957771,0.021374653933721767,0.77680508429964,0.04027285556213409,0.5536101685992799,0.0805457111242682,0.7875531809290479,0.025107644601434637,0.7300124067949452,0.030019220591507346,0.8566194921208471,0.041227180816118224,0.15985067092908675,0.011271315628647078,0.04088925546190391,0.0026589921367133297
LightGBM,lightgbm_04,4,"{""learning_rate"":0.05,""max_depth"":5,""n_estimators"":300,""num_leaves"":63}",61ac1822dcee3a7f1aac310b2b2167b461cc84c91bec9a0c3bb3b47e32302bde,ok,,15,False,mean_auroc,0.8316295058352459,0.021979459082416417,0.7743855825935612,0.04023472493672861,0.5487711651871222,0.08046944987345724,0.7813179624757343,0.02860052896261417,0.7380537010157049,0.033614478671713334,0.832128876844324,0.047950035052466984,0.16680717896210462,0.013259808484491703,0.03885168593454485,0.001810193888052973
LightGBM,lightgbm_05,5,"{""learning_rate"":0.03,""max_depth"":7,""n_estimators"":300,""num_leaves"":63}",93249688b6ce5caaa6c0ea397be39053934956aa37f0818183f8b415e48e1e7c,ok,,15,False,mean_auroc,0.8325659864715346,0.02059409954166514,0.7754695684813302,0.03707578098671384,0.5509391369626601,0.07415156197342769,0.783197927466033,0.023199458121245724,0.7329672634989969,0.020473994040305057,0.8427180568101977,0.0494042741400596,0.16472840600296432,0.012939745399401847,0.05304805833147839,0.002985412205250372
LightGBM,lightgbm_06,6,"{""learning_rate"":0.05,""max_depth"":7,""n_estimators"":300,""num_leaves"":63}",6a7e994525819d42f8bb2e731338cc0c68a67344d2fd88ff904f310b867e5ab0,ok,,15,False,mean_auroc,0.832734166702859,0.024477010475187116,0.7785983602336505,0.03869330811115306,0.5571967204673013,0.07738661622230611,0.7794363174496278,0.02682650659443714,0.7304831874983858,0.024733757695668,0.8378098966174846,0.05523308934401586,0.1715863269596606,0.01764086579351308,0.051627783325966445,0.0028144326781050603
LightGBM,lightgbm_07,7,"{""learning_rate"":0.03,""max_depth"":4,""n_estimators"":500,""num_leaves"":15}",861182c82a57d404019640da338a3e620950dbc017d4a673a0973a846a78d794,ok,,15,False,mean_auroc,0.8306884690457977,0.022582946764889308,0.7752691850938541,0.042530268375942086,0.5505383701877086,0.08506053675188416,0.779116352852112,0.024069369240476642,0.7287044041311003,0.027724705552338406,0.8386831275720166,0.04243240561819503,0.1641484989883451,0.012192358640028189,0.049502274917904286,0.0019300425054804705
LightGBM,lightgbm_08,8,"{""learning_rate"":0.05,""max_depth"":4,""n_estimators"":500,""num_leaves"":15}",fc68aa58fed0484719b3e6282076bcde9b6f735f34e620d55620c1f03cb54882,ok,,15,False,mean_auroc,0.8294387819696503,0.02459036818570211,0.775405564720669,0.043250883347960095,0.5508111294413377,0.08650176669592019,0.7740430509631431,0.020070600697901033,0.7302663204585299,0.028262087862521146,0.8247716551239589,0.03254769011490959,0.1710543517687134,0.014468097841625125,0.049363466740275426,0.0016400330288450125
LightGBM,lightgbm_09,9,"{""learning_rate"":0.03,""max_depth"":5,""n_estimators"":500,""num_leaves"":63}",a2249cb1e9a14a99987779a050823b55e2ccafb12da195b6b9dd7aed7c7e5344,ok,,15,False,mean_auroc,0.8333890936966626,0.024252162027180092,0.7784448904637038,0.04503425245770305,0.5568897809274077,0.09006850491540609,0.7812350488108584,0.027224979886332667,0.7343872033355011,0.02947807581680167,0.8362240289069558,0.04594965987384841,0.16553952786087323,0.014743652524166252,0.06218062505746881,0.0025821933886174438
LightGBM,lightgbm_10,10,"{""learning_rate"":0.05,""max_depth"":5,""n_estimators"":500,""num_leaves"":63}",2155d7ea03cac9a96af07abd8fcf53d5bea97d46b76c84e27546eecf6a5e6af1,ok,,15,False,mean_auroc,0.8315633048542782,0.023812739884816265,0.7787799130594364,0.04039754368595623,0.5575598261188728,0.08079508737191246,0.7755221210818061,0.026924096581547898,0.7344813108232953,0.03030535320367062,0.8239385727190606,0.05181100149783979,0.1756450868820155,0.017138571503871578,0.06126622233229379,0.003102916069020901
LightGBM,lightgbm_11,11,"{""learning_rate"":0.03,""max_depth"":7,""n_estimators"":500,""num_leaves"":63}",d51a9706d25408353abaaf39b6db47b9556d5f05c59cd09c64879ee2a5ac043e,ok,,15,False,mean_auroc,0.832438018258644,0.0210748227583597,0.7762543213326106,0.036752287581802066,0.5525086426652214,0.07350457516360415,0.7750607704209241,0.028721035553599634,0.7289603991713737,0.02505976453289082,0.8296998895914884,0.05608603066711949,0.17244348548982258,0.016079797207671026,0.08477350819933539,0.006329175897948293
LightGBM,lightgbm_12,12,"{""learning_rate"":0.05,""max_depth"":7,""n_estimators"":500,""num_leaves"":63}",a1d81831a5056b4545f3edb807ad0835e39f3f4ebcfb80397df2a461385c648b,ok,,15,False,mean_auroc,0.8320233856536877,0.025198302785962735,0.7795164203035142,0.0378081547672836,0.5590328406070282,0.0756163095345672,0.7794286910768388,0.031081651042390638,0.7339189965587483,0.029754798546516505,0.8337448559670783,0.059736103303970126,0.1828431765356186,0.02054891677652529,0.08366975833196193,0.005940147909135769
CatBoost,catboost_01,1,"{""depth"":4,""iterations"":300,""learning_rate"":0.03}",8268fb171abbd264e63cf15afb96723f0096c315ac294505b491ceee24c1242a,ok,,15,False,mean_auroc,0.8382642486020923,0.020271725057037948,0.7855282151090716,0.0438450930155774,0.5710564302181436,0.08769018603115479,0.7912846147889158,0.016267020930387545,0.7212773246264066,0.022429387228861182,0.8777677406403693,0.03391583908688618,0.1562706439405019,0.007720338250763705,0.3360978472046554,0.02174466652139648
CatBoost,catboost_02,2,"{""depth"":4,""iterations"":300,""learning_rate"":0.05}",f3c7d69f2d83763a304e3f6c4e4cdbc8d45cd5f435549c5e6c504731e1a57159,ok,,15,False,mean_auroc,0.8359165512818991,0.023696180611833345,0.7806221017882774,0.04560596491749372,0.5612442035765548,0.09121192983498744,0.7920372669843453,0.017615141641692728,0.7256015115891981,0.019142635357397905,0.8728896918598815,0.03371592121825074,0.15828051099505727,0.010544461549962516,0.33334297220377873,0.021098294582638098
CatBoost,catboost_03,3,"{""depth"":5,""iterations"":300,""learning_rate"":0.03}",7344c102dd8b92a823cf63300dd413a1578620c69727c20d5e7830d4e6a310e8,ok,,15,False,mean_auroc,0.8396827324636233,0.02044951761059718,0.7870908522516398,0.04255015755122716,0.5741817045032797,0.08510031510245432,0.7959421794577434,0.021920380247291215,0.7194616442248942,0.017584173260268125,0.892431998394058,0.049579270916820205,0.15531242712276552,0.00782638682544211,0.4896454054668235,0.0329526854618079
CatBoost,catboost_04,4,"{""depth"":5,""iterations"":300,""learning_rate"":0.05}",f6e9ee76d5d31928889558f19cf7133abd5a66fe074397deff7cfa6863a807bf,ok,,15,False,mean_auroc,0.8371446846557195,0.021323609522750926,0.7831339352141738,0.04387996093740309,0.5662678704283477,0.08775992187480618,0.79635775359214,0.01574674675816238,0.7278258568022393,0.01836732155381577,0.8802168021680217,0.03258403049237933,0.15798046390884282,0.009716678835774055,0.49325177766537914,0.035284718601197265
CatBoost,catboost_05,5,"{""depth"":6,""iterations"":300,""learning_rate"":0.03}",af5fd43222040c4806fa671c23d34f36a6aee7928e88ed74b635705162284296,ok,,15,False,mean_auroc,0.8432972383244081,0.017979216634510548,0.7950392696703172,0.03842847458344897,0.5900785393406346,0.07685694916689793,0.7971018069510571,0.014102989906488762,0.7231317168248135,0.01757503453045905,0.8891699287363245,0.03374071060587205,0.1540718537638902,0.007251113470513306,0.7908972667297348,0.05475984391127216
CatBoost,catboost_06,6,"{""depth"":6,""iterations"":300,""learning_rate"":0.05}",aba9a6a5272f35ba788a0da71ee23d8931f38b3f038a8993f5203253455b63b3,ok,,15,False,mean_auroc,0.8396300790491817,0.02196595840010856,0.788411623271625,0.040827740196369554,0.5768232465432497,0.08165548039273911,0.7929386489287412,0.019291739962895963,0.7225324127547442,0.018065555095356286,0.8793937569005319,0.03505229772455205,0.15811596570858946,0.010966142857861422,0.7741401082642067,0.05000863173147456
CatBoost,catboost_07,7,"{""depth"":4,""iterations"":500,""learning_rate"":0.03}",9f7f5a7749bacc12817ad34fe218b53d68ca0bf94034884785c550ff972bca77,ok,,15,False,mean_auroc,0.837996735164916,0.024551179201314402,0.7857938632561005,0.045863859032384546,0.5715877265122006,0.09172771806476909,0.7895175573047628,0.019303873271153762,0.7268223161391203,0.0245013997545363,0.8655625815517415,0.037615489831084786,0.15754691202595808,0.010759915891735717,0.550233130727429,0.03586696110379181
CatBoost,catboost_08,8,"{""depth"":4,""iterations"":500,""learning_rate"":0.05}",7e54874d68471866fc2dea850b042e836fd99cd4b9adce3432f19d9edc433c4f,ok,,15,False,mean_auroc,0.8334506161203561,0.02620700020912624,0.7803047112187634,0.046705587826441894,0.5606094224375268,0.0934111756528838,0.7844785128834462,0.020438538143399087,0.7246171452658372,0.02329622800124702,0.8557663354411322,0.028007486881561898,0.16273133568558917,0.013626556426065988,0.5557893333258107,0.03775775325446621
CatBoost,catboost_09,9,"{""depth"":5,""iterations"":500,""learning_rate"":0.03}",5626fbcce60b1b7acd3fef784bb2e22597944255aec5142d0ed668e0a8a1547d,ok,,15,False,mean_auroc,0.8400933620006793,0.023017402875885128,0.7872340471873893,0.04675231767094077,0.5744680943747785,0.09350463534188154,0.792340717230287,0.017912100656154856,0.7223341189204824,0.013977256741770156,0.8785707116330422,0.04057668884736887,0.1567772157759086,0.010157378719107074,0.8167448221395414,0.0569840437573954
CatBoost,catboost_10,10,"{""depth"":5,""iterations"":500,""learning_rate"":0.05}",0ecb3f0f0e439dfbd719fe6d2c81a734bdf3f58eb244bbe5420470e981f45b5f,ok,,15,False,mean_auroc,0.8343930084220376,0.024302004750327136,0.7848717736942088,0.044787937407334444,0.5697435473884174,0.08957587481466889,0.7933619267275073,0.017015817715865772,0.7273125923797656,0.019128604478068568,0.8736826257151461,0.03375712442951489,0.16396807059133245,0.012760737278949537,0.8209420056082308,0.053757166050079165
CatBoost,catboost_11,11,"{""depth"":6,""iterations"":500,""learning_rate"":0.03}",21193840468b45a86cb799f15b59598d7fc59bae066fd99ea4430850dec77df7,ok,,15,False,mean_auroc,0.8422224440607906,0.020276044211016093,0.7918492455293593,0.04033734799406246,0.5836984910587184,0.08067469598812492,0.7953168236581013,0.015498670959474646,0.726730580544538,0.018944597790182083,0.8793536083508984,0.03304937748851341,0.15698141989747028,0.009917665229627724,1.2741277416741166,0.08562887930934172
CatBoost,catboost_12,12,"{""depth"":6,""iterations"":500,""learning_rate"":0.05}",1f3ccbfc9c05be66c00da5f7671c9673baab6e5192475319006289f5a8ad43cf,ok,,15,False,mean_auroc,0.837398587057569,0.023521886878490182,0.7874996617120242,0.042530932677714725,0.5749993234240485,0.08506186535542945,0.7895769404103684,0.0219254341990261,0.7227346039674176,0.020409272183632417,0.8712536384623105,0.04167062728776548,0.16417007135346803,0.013263464523282933,1.2801205721179334,0.08489701906833064
