sample_id,split,negative_type,raw_gene_count,annotated_gene_count,source_pathway_ids,source_families,source_overlap_count,source_overlap_fraction,cross_same_family,generation_seed,generation_attempt,source_raw_gene_count,source_annotated_gene_count,retention_fraction,gene_set_sha256
TRAIN_NEG_00000,train,random_5_30,23,23,,,0,0.0,False,142,1,0,0,,68639f6c78c9c517009625fc4f0c12f4528ac94413a6439f6f23d0cd6fae7484
TRAIN_NEG_00001,train,shuffled,23,23,AC_ETHYL-PWY,AraCyc_Misc,0,0.0,False,142,1,23,23,,7568723c7838c42074056f49639cac9bbca52485093a21da3fcb9869160df94b
TRAIN_NEG_00002,train,partial_50_80,19,19,AC_PWY-5992,AraCyc_Misc,19,1.0,False,142,1,28,28,0.6785714285714286,c674359bb457a3cedcf482a5133d6fa5dc02bcc3be25c385570c9745bf3ca8df
TRAIN_NEG_00003,train,cross_pathway,15,15,AC_PWY-6115;AC_PWY-2821,AraCyc_Misc;AraCyc_Misc,15,1.0,True,142,1,30,30,,96bf1784a5142f57e279e026c7b29b9e99c6c639f06882bc81cd86caeaf6ac93
TRAIN_NEG_00004,train,random_5_30,11,11,,,0,0.0,False,142,1,0,0,,2b35568c054e800ddead211c3c59cb11e2b218799afb94dd72de01b95bd24c79
TRAIN_NEG_00005,train,shuffled,6,6,AC_PWY-7184,AraCyc_Nucleotide,0,0.0,False,142,1,6,6,,a7bcae106fe101fc697cbcbf09c48307866c320a8b213bf58e7c731b90e4af38
TRAIN_NEG_00006,train,partial_50_80,22,22,AC_PWYQT-4481,AraCyc_Misc,22,1.0,False,142,1,36,36,0.6111111111111112,353fe3cc0592d6d65814c9b183881eb519eb71d5d9657fee31ffd480af068dab
TRAIN_NEG_00007,train,cross_pathway,31,31,ath00785;AC_PWY-7039,KEGG_Cellular;AraCyc_Misc,31,1.0,False,142,1,63,63,,7905c302340d7605f3fcdba500649fc6f8d48163b65595fe40fcfa2c85496cb8
TRAIN_NEG_00008,train,random_5_30,10,10,,,0,0.0,False,142,1,0,0,,2301c265b15df98c6744e8d8007c3a4cff7a0beff5fc4e003d979797f5cfb4c0
TRAIN_NEG_00009,train,shuffled,36,36,AC_PWY-601,AraCyc_AminoAcid,0,0.0,False,142,1,36,36,,6ee94ac7c6cfeed7090a3a56c1d0f24371d463ccf1951e89eb9dcd8f3141c770
TRAIN_NEG_00010,train,partial_50_80,33,33,ath00020,KEGG_Cellular,33,1.0,False,142,1,64,64,0.515625,151c49cd4d235558f0692d127d2119599d3808545e4327ed9f57e36bf1a898a4
TRAIN_NEG_00011,train,cross_pathway,23,23,AC_PWY-1061;AC_TRPSYN-PWY,AraCyc_Misc;AraCyc_AminoAcid,23,1.0,False,142,1,47,47,,6d062b4ed410259d434171435ed055edb3d7ff642c7da9bce48d100bf479d677
TRAIN_NEG_00012,train,random_5_30,25,25,,,0,0.0,False,142,1,0,0,,542343947c074330017b6aa0c497e6d197a340820c7d988488716c25763dc326
TRAIN_NEG_00013,train,shuffled,12,12,AC_PWY-2021,AraCyc_Misc,0,0.0,False,142,1,12,12,,cbe8552b4dd88243a165dea4a59a1207eb595ee429898c3e3993f1cf061a18cc
TRAIN_NEG_00014,train,partial_50_80,31,31,ath00350,KEGG_Cellular,31,1.0,False,142,1,41,41,0.7560975609756098,77523a2329c38752f1733eab2fadda9e587aad60866db9457a8c4b96fe9b6deb
TRAIN_NEG_00015,train,cross_pathway,48,48,AC_COMPLETE-ARO-ARA-PWY;ath00020,AraCyc_AminoAcid;KEGG_Cellular,48,1.0,False,142,1,96,96,,d472f86dfd5aed99f2c10bcfc3518b688ad2204d4bc9d622dd5b83c6307c1e53
TRAIN_NEG_00016,train,random_5_30,6,6,,,0,0.0,False,142,1,0,0,,cf96f6169b60ed9ce854385d8a349cf5c1c1559cfa555b9c9c2d568654d9b04e
TRAIN_NEG_00017,train,shuffled,36,36,ath00062,KEGG_Lipid,0,0.0,False,142,1,36,35,,c1b5626c61dcecfc092cd11891e0ffe97f9cbe2f8efab0f96c421990d49c345d
TRAIN_NEG_00018,train,partial_50_80,34,34,ath03410,KEGG_GeneticInfo,34,1.0,False,142,2,50,50,0.68,fce0605731fe9bd2b8958aa15c6350617e5e55b8fc23915b56c74a76cb2621f1
TRAIN_NEG_00019,train,cross_pathway,37,37,ath03440;AC_FASYN-ELONG-PWY,KEGG_GeneticInfo;AraCyc_Lipid,37,1.0,False,142,1,75,75,,669039ef80bfabda705a183e8f3ee1e93c6732c7c65f644426a6fa180b604c84
TRAIN_NEG_00020,train,random_5_30,27,27,,,0,0.0,False,142,1,0,0,,e4d32c5eb99c6395adcd671783ce3d7a860f45fa4e1220e3be40d9cf4d67a9c7
TRAIN_NEG_00021,train,shuffled,39,39,ath00960,KEGG_Cellular,0,0.0,False,142,1,39,39,,8e3cbda97197b39d60862e57cb1db9b38f701cf8fbec82215dfd7279b974e504
TRAIN_NEG_00022,train,partial_50_80,42,42,AC_LIPASYN-PWY,AraCyc_Misc,42,1.0,False,142,1,59,59,0.711864406779661,4de5589e968453c023ef01659a573590004ac54e3b69bbf95768bd059e69aaec
TRAIN_NEG_00023,train,cross_pathway,54,54,AC_PWY-5453;ath03008,AraCyc_Misc;KEGG_GeneticInfo,54,1.0,False,142,1,109,109,,b372f4cce76aba122c95000b4aea409863fbf20d13919095e23ddbb4a316e342
TRAIN_NEG_00024,train,random_5_30,5,5,,,0,0.0,False,142,1,0,0,,2688546ffe038cddaea46c080e12bea420b49a831d7bae66667b637192188086
TRAIN_NEG_00025,train,shuffled,9,9,AC_PWY-4321,AraCyc_Misc,0,0.0,False,142,1,9,9,,dca469e6758a478ccd26b2c3601944fdaf05b3740a7910ef2d8e48f42e42c14d
TRAIN_NEG_00026,train,partial_50_80,10,10,AC_PWY-6612,AraCyc_Cofactor,10,1.0,False,142,1,15,15,0.6666666666666666,5a909e37466f7964a7d2893e182eab5be01f942a856629ff74b672ff03c2c8c3
TRAIN_NEG_00027,train,cross_pathway,26,26,AC_PWY-5321;AC_PWY-5097,AraCyc_Misc;AraCyc_AminoAcid,26,1.0,False,142,1,53,53,,5cdcd74fcef4d6c1b5a3f8652a5e4ca970f848438c03d6b8c9e16d9dbb0ae8f4
TRAIN_NEG_00028,train,random_5_30,11,11,,,0,0.0,False,142,1,0,0,,bf51b3acc52125131e290a57d04023ebe8387d796e169ebad70c8d1060052e59
TRAIN_NEG_00029,train,shuffled,14,14,AC_PWY-5125,AraCyc_Misc,0,0.0,False,142,1,14,14,,48e508f921b51fbe1869bb0d6d1f90a20f63a9d07ba2ff952764aca77709104a
TRAIN_NEG_00030,train,partial_50_80,45,45,ath00052,KEGG_Cellular,45,1.0,False,142,1,65,65,0.6923076923076923,d7e898cd1404080eeca188568d501478e26a9f872ca74d96f69996d115bba164
TRAIN_NEG_00031,train,cross_pathway,97,96,ath00520;ath00710,KEGG_Lipid;KEGG_Metabolism,97,1.0,False,142,1,195,194,,29bb770ca1f1274ec172d37c153c51285a06ac600df9a0041eb09dbe03ac1074
TRAIN_NEG_00032,train,random_5_30,28,28,,,0,0.0,False,142,1,0,0,,3a6a17728f4388af47f8d9e7484ac2da58cb2adcfbfc11dec3714e24304a9862
TRAIN_NEG_00033,train,shuffled,32,32,ath00790,KEGG_Cellular,0,0.0,False,142,1,32,32,,df2dee42e8ea01b402ae5105e054d38df50163c1e59413a87ba87f3b2ea5b0e1
TRAIN_NEG_00034,train,partial_50_80,8,8,AC_PWY-8024,AraCyc_Misc,8,1.0,False,142,1,11,11,0.7272727272727273,923211f47c5d3a24e51eceac17cbcb5e7b40c5d104e03acd63e56ea02d91ea52
TRAIN_NEG_00035,train,cross_pathway,14,14,AC_PWY-7398;AC_PWY-5859,AraCyc_Secondary;AraCyc_Misc,14,1.0,False,142,1,30,30,,d940fc146471ce206b340ba9e1f200809110f8896420100b43e003b60c3d852c
TRAIN_NEG_00036,train,random_5_30,27,27,,,0,0.0,False,142,1,0,0,,ff95e6712c0886b428ef16c4f7dda5a1f4f946388e2eea389962daa68c8b936a
TRAIN_NEG_00037,train,shuffled,40,40,ath00130,KEGG_Metabolism,0,0.0,False,142,1,40,40,,b6f079d892450b726a5820c0a5592c3bcacbfe52f833e3051d6805bfb4fccd0b
TRAIN_NEG_00038,train,partial_50_80,16,16,AC_PWY-8157,AraCyc_Misc,16,1.0,False,142,1,26,26,0.6153846153846154,b66f7d587d958d60293b37817d61d577426abfc0993ddca8ff04e4dacf9f9f1b
TRAIN_NEG_00039,train,cross_pathway,11,11,AC_PWY-8270;AC_PWY-801,AraCyc_Misc;AraCyc_Misc,11,1.0,True,142,1,22,22,,7d7545cefa73561e70198264e91376c14b315293228e5591e1f7e1345e82ae9b
TRAIN_NEG_00040,train,random_5_30,14,14,,,0,0.0,False,142,1,0,0,,74a6cf3d0d5b3061427eb29f8dff8b69f91547315815757d526c0ea4eeda53b8
TRAIN_NEG_00041,train,shuffled,16,16,AC_PWY-6786,AraCyc_Misc,0,0.0,False,142,1,16,16,,aaf9bbde64911d922b8f6eb02b4d6742708597aff51e8a88d737af0069a29ff5
TRAIN_NEG_00042,train,partial_50_80,18,18,AC_PWY-621,AraCyc_Carbohydrate,18,1.0,False,142,1,28,28,0.6428571428571429,c8343e448c42299216f68f3cfd1c325dfa99c744a1dade427dfe35de5d4f2070
TRAIN_NEG_00043,train,cross_pathway,46,46,AC_PWY-6842;AC_PWY-5670,AraCyc_Misc;AraCyc_Misc,46,1.0,True,142,1,93,92,,cf28e871ff289e437a2064777b16148579701d02a3fe0bddbddb81dea2afa925
TRAIN_NEG_00044,train,random_5_30,7,7,,,0,0.0,False,142,1,0,0,,bb6ddabb7437e20a2b7a82a84941ee54779fcd5b6e3a0dcd35479c5f4feb10d3
TRAIN_NEG_00045,train,shuffled,61,61,ath03050,KEGG_GeneticInfo,0,0.0,False,142,1,61,61,,18cb274b3550a50160c4892e0def58805ec85ed0384845e2f66f301451be5148
TRAIN_NEG_00046,train,partial_50_80,106,106,ath04016,KEGG_SignalTrans,106,1.0,False,142,1,146,146,0.726027397260274,5c38110c7eb91f1892ce2e461940a5d2b1cf1a61c274dd9960abae4d8c11affb
TRAIN_NEG_00047,train,cross_pathway,103,102,ath04142;AC_PWY-6952,KEGG_SignalTrans;AraCyc_Misc,103,1.0,False,142,1,208,207,,a96478a99efd93557769ad8a016558a74dd8b785e714a5c8904cf3cbee25d277
TRAIN_NEG_00048,train,random_5_30,9,9,,,0,0.0,False,142,1,0,0,,35d1a67f3d84ddede7d05268d631b0fede9fad1025fb6f17ab59d89745f78756
TRAIN_NEG_00049,train,shuffled,25,25,AC_PWY-2902,AraCyc_Misc,0,0.0,False,142,1,25,25,,b92243929ef106db8b47f6db726ce82951de5ba7da3bd38eeec6ad8de67fafc1
TRAIN_NEG_00050,train,partial_50_80,26,26,AC_PWYQT-4471,AraCyc_AminoAcid,26,1.0,False,142,1,47,47,0.5531914893617021,b4809444a4f737ebecfa927a794f841e5a98f9f0d67b8694f430498683bf699e
TRAIN_NEG_00051,train,cross_pathway,16,16,AC_TRPSYN-PWY;AC_LEU-DEG2-PWY,AraCyc_AminoAcid;AraCyc_Misc,16,1.0,False,142,1,34,34,,fea50e88702453e683a0435de7fe306787dd66195317255e8cc55a93b9e873f2
TRAIN_NEG_00052,train,random_5_30,12,12,,,0,0.0,False,142,1,0,0,,a84f2529336e0dbee160304b76886e22af33de7f813005f36822c6b43f6ae931
TRAIN_NEG_00053,train,shuffled,6,6,AC_PWY-7995,AraCyc_Misc,0,0.0,False,142,1,6,6,,3e21f525986eb9d00d4fd716168c0a88462a5a9cc8ab49de028a9102f9bd9b22
TRAIN_NEG_00054,train,partial_50_80,16,16,ath00196,KEGG_Metabolism,16,1.0,False,142,1,22,22,0.7272727272727273,cfc738c28894492d6eefe6e48a4222d593bbf29c3c7137685c9946f415d931a1
TRAIN_NEG_00055,train,cross_pathway,53,53,ath03082;ath00592,KEGG_GeneticInfo;KEGG_Lipid,53,1.0,False,142,1,107,107,,7a3292d3db262a115faa7498b3104e79ce58e182663c3ab55c96e46f4afae553
TRAIN_NEG_00056,train,random_5_30,10,10,,,0,0.0,False,142,1,0,0,,7979c0c8ccccb9ba34ff0414f38d656964af2a07f9745f95a177e8e73e5076b4
TRAIN_NEG_00057,train,shuffled,32,32,ath00906,KEGG_Cellular,0,0.0,False,142,1,32,32,,63cb5f469b3e96b988b5e25e712994685987c3c35aeef0bc6179e9fd60578c47
TRAIN_NEG_00058,train,partial_50_80,26,26,ath04382,KEGG_SignalTrans,26,1.0,False,142,1,35,35,0.7428571428571429,6834bfe395065250206a5a345553226f58249eca4f3aa9fa0927974695d3f016
TRAIN_NEG_00059,train,cross_pathway,141,141,AC_PWY-5004;ath01240,AraCyc_Misc;KEGG_Cellular,141,1.0,False,142,1,276,276,,f6912f0942c49d2b9708bc74bba68310941cfa27a0b848d484b1375888e88fbe
TRAIN_NEG_00060,train,random_5_30,19,19,,,0,0.0,False,142,1,0,0,,d07077da2896b303d58557945d3d382cbb9f9b3542cf44b6faf1b4710ce1e372
TRAIN_NEG_00061,train,shuffled,15,15,ath00750,KEGG_Cellular,0,0.0,False,142,1,15,15,,990f1657a98cdf24a3e948e76a38956e5af97aa560c4a3855fa1ddc3dcb5621d
TRAIN_NEG_00062,train,partial_50_80,7,7,AC_PWYQT-4482,AraCyc_Misc,7,1.0,False,142,1,11,11,0.6363636363636364,ad53c3926dbc4d3bb1d9b1d624d1020e42d67e966ca513d71cc44d171b687c52
TRAIN_NEG_00063,train,cross_pathway,9,9,AC_HEME-BIOSYNTHESIS-II;AC_PWY-5864,AraCyc_Misc;AraCyc_Misc,9,1.0,True,142,1,20,20,,08d3297ecd88130d77c8b9aa8ae561458d0d4b44d4958113f1043dae113f4d15
TRAIN_NEG_00064,train,random_5_30,23,23,,,0,0.0,False,142,1,0,0,,fd1d80d77889b278fb5b95548c5307c4303239b2fe7be72ab1ccec69cf437e4b
TRAIN_NEG_00065,train,shuffled,16,16,ath00780,KEGG_Cellular,0,0.0,False,142,1,16,16,,09f4fd52ede01a4d49f9862b76cd44fd0f505c1788e9b6e9660d966ec86c0c2a
TRAIN_NEG_00066,train,partial_50_80,5,5,AC_PWY-2582,AraCyc_Misc,5,1.0,False,142,2,7,7,0.7142857142857143,38fc71931c6160b16e3019669c9dc919bb7cbc18ff7c6b44ae192f11ae58258d
TRAIN_NEG_00067,train,cross_pathway,42,42,ath00071;ath00513,KEGG_Lipid;KEGG_Lipid,42,1.0,True,142,1,85,85,,f7eeac8d8ce37b591cd0ae6ba1fb6a7f6cd327bab49363c0237c439ed41d227d
TRAIN_NEG_00068,train,random_5_30,22,22,,,0,0.0,False,142,1,0,0,,0a33b3bda95d30b8261018be3061cc5bef6d47112426811f5e91c51262ba5432
TRAIN_NEG_00069,train,shuffled,130,130,ath00940,KEGG_Cellular,0,0.0,False,142,1,130,130,,fe3c668b3cc3ef53d7df3f2af8c921f4850e833f1691b15103b86c23de11540f
TRAIN_NEG_00070,train,partial_50_80,57,57,ath03013,KEGG_GeneticInfo,57,1.0,False,142,1,105,105,0.5428571428571428,52dc76ccf7fb60851faed4be8fc6da14fac88d63fc09e8190d30a652ff2e8397
TRAIN_NEG_00071,train,cross_pathway,33,33,AC_PWY-7980;ath00330,AraCyc_Misc;KEGG_Cellular,33,1.0,False,142,2,67,67,,ca7b11a4b39c421104c3dc029507d7f12892f2561b9063d15b919ca63d17d327
TRAIN_NEG_00072,train,random_5_30,11,11,,,0,0.0,False,142,1,0,0,,a41168ac6bba07d16ac79972191359b18b12a045bcd8b4b831e154909737fc80
TRAIN_NEG_00073,train,shuffled,13,13,AC_PWY-5337,AraCyc_Misc,0,0.0,False,142,1,13,13,,2419f08c60fe32b3e64783692dbcda6d945ee0aff2ef43122db157d0a76abe8a
TRAIN_NEG_00074,train,partial_50_80,14,14,ath05100,KEGG_Environmental,14,1.0,False,142,1,26,26,0.5384615384615384,c1d84d8a208bb143d43dc7976e52e47cdc6bb07f37d074f94c624452e0c5a0ac
TRAIN_NEG_00075,train,cross_pathway,8,8,AC_PWY-3041;AC_PWY-4541,AraCyc_Misc;AraCyc_Lipid,8,1.0,False,142,1,16,16,,62d3137318bfb70366d85ba2a9e3a646d1b416d560b654e2f3f32ae3c35b332b
TRAIN_NEG_00076,train,random_5_30,12,12,,,0,0.0,False,142,1,0,0,,e0bd3605af5b3098875ad6fbaec2a3668f13affcec8531e63c0106ec7bf110a4
TRAIN_NEG_00077,train,shuffled,6,6,AC_PWY-5807,AraCyc_Misc,0,0.0,False,142,1,6,6,,191bd6db75675dde0f95aa78f7638059602521d264abffbe357cb16523bb4918
TRAIN_NEG_00078,train,partial_50_80,8,8,AC_PWY18C3-24,AraCyc_Misc,8,1.0,False,142,1,16,16,0.5,1e9e7fb2913e5449799731a997e6a9e5e25780fb11029f6dd78e3066aa65442f
TRAIN_NEG_00079,train,cross_pathway,37,37,ath04712;ath00790,KEGG_SignalTrans;KEGG_Cellular,37,1.0,False,142,1,75,75,,4424f5c45411734eb32e7c53c34555563531198c5aadd531c203653c6ceb2771
TRAIN_NEG_00080,train,random_5_30,30,30,,,0,0.0,False,142,1,0,0,,5e01366b86a2c9f198b7d5688a8b395d4416c3c72cbf16a628e997b2462ce615
TRAIN_NEG_00081,train,shuffled,7,7,AC_PWY3O-450,AraCyc_Misc,0,0.0,False,142,1,7,7,,f4198a7095133a58734b34b53991fc68dc6147fa12b61560f687d18105d8fe44
TRAIN_NEG_00082,train,partial_50_80,151,131,ath03040,KEGG_GeneticInfo,151,1.0,False,142,1,243,216,0.6213991769547325,bf848b22015a05369cb7302a43163210721b9d65c86bba26f2dbb29191149993
TRAIN_NEG_00083,train,cross_pathway,24,24,AC_PWY-5337;ath00785,AraCyc_Misc;KEGG_Cellular,24,1.0,False,142,1,49,49,,5cd2c23c1f7cfd9fe3d2381dd8049238b84bab7b43e44ec46c132680e1ba0d0a
TRAIN_NEG_00084,train,random_5_30,19,19,,,0,0.0,False,142,1,0,0,,bb82e61352190347bc1e4542a81daa69a67661d83b08e44e21326924dd246c6e
TRAIN_NEG_00085,train,shuffled,27,27,AC_PWY-1001,AraCyc_Carbohydrate,0,0.0,False,142,1,27,27,,e055955a05f0abf6476e7a0e1c659b4421479262214b63dc6093fc6a5a790530
TRAIN_NEG_00086,train,partial_50_80,24,24,AC_PWY-5321,AraCyc_Misc,24,1.0,False,142,1,38,38,0.631578947368421,d528dd0b36d911d891cad892715a48b3ea591ccc7e899b7bc471cfc8175f0670
TRAIN_NEG_00087,train,cross_pathway,43,43,ath03440;AC_PWY-1001,KEGG_GeneticInfo;AraCyc_Carbohydrate,43,1.0,False,142,1,87,87,,5ef4ec7f93d25bb759d23f4d272f3e88a58364bc4bc39e4e83267e16050483d0
TRAIN_NEG_00088,train,random_5_30,11,11,,,0,0.0,False,142,1,0,0,,f60c772fbd084a03f54ba91487daedea7a986b1081ac5b04e0d672f345ea4c7a
TRAIN_NEG_00089,train,shuffled,13,13,ath04122,KEGG_SignalTrans,0,0.0,False,142,1,13,13,,80aadabe888653609c19566b3acba7d7d3804f932886e8cf78eb7c483c446165
TRAIN_NEG_00090,train,partial_50_80,13,13,AC_PWY-8157,AraCyc_Misc,13,1.0,False,142,1,26,26,0.5,0540588578e42069de166dd6ff50f3490f32ec04f53ed7f8294d29c6e4db3a08
TRAIN_NEG_00091,train,cross_pathway,19,19,AC_PWY-5963;AC_COMPLETE-ARO-ARA-PWY,AraCyc_Cofactor;AraCyc_AminoAcid,19,1.0,False,142,1,38,38,,bdc548b49d79094a1eabcb01068208a8e939133a78a54f061c5a044c5a8a471f
TRAIN_NEG_00092,train,random_5_30,11,11,,,0,0.0,False,142,1,0,0,,6b43a35d3e81854b4c02285bdedd157008617e1083ad667f0736be13bb95747e
TRAIN_NEG_00093,train,shuffled,11,11,AC_HISTSYN-PWY,AraCyc_Misc,0,0.0,False,142,1,11,11,,d5d5529ebdc0483a14faced2e398d223f4266f0ce7a990ce4c01d2c12de881b7
TRAIN_NEG_00094,train,partial_50_80,5,5,AC_PWY-6007,AraCyc_Misc,5,1.0,False,142,1,10,10,0.5,52f240d598686ce9e7909a92a9a7a89914311daab8c8f5a6e701b0540e71a80d
TRAIN_NEG_00095,train,cross_pathway,17,17,AC_ARGSYN-PWY;AC_PWY-7211,AraCyc_AminoAcid;AraCyc_Nucleotide,17,1.0,False,142,1,35,35,,ab613597e1fb0aff937eedb9f0d7b8b531a7912b7c449fce4dc9ef015e0fbbab
TRAIN_NEG_00096,train,random_5_30,18,18,,,0,0.0,False,142,1,0,0,,783bdea2a468ba2a2519231229ab6827aeb81ee5cb97dc0dcb04e970f697d65e
TRAIN_NEG_00097,train,shuffled,13,13,AC_GLUCOSE1PMETAB-PWY,AraCyc_Carbohydrate,0,0.0,False,142,1,13,13,,6618642b4a494386743ec0d7681ca8d3c15123d82c39d94e8f95835599212581
TRAIN_NEG_00098,train,partial_50_80,14,14,ath01040,KEGG_Lipid,14,1.0,False,142,1,25,25,0.56,c35f8b6b10b012d5b148f1a30c72886a808a72e05ebfb95fc8d266c647f50c47
TRAIN_NEG_00099,train,cross_pathway,44,44,ath03083;AC_GLYOXYLATE-BYPASS,KEGG_GeneticInfo;AraCyc_Misc,44,1.0,False,142,1,90,90,,6e765a0e2d9e9846ef815fc139005cbb07dacaba41b9c52166afa3484d38b42a
TRAIN_NEG_00100,train,random_5_30,26,26,,,0,0.0,False,142,1,0,0,,cc250ef48f194cf3e2d8f45e1f53fa9bdd65ff9fc07063c5382c61b846da9cd0
TRAIN_NEG_00101,train,shuffled,57,57,AC_TRIGLSYN-PWY,AraCyc_Misc,0,0.0,False,142,1,57,57,,e11917a153edbdfb45f02b7f425b0bec1f82af9c96382e929193841aad73bdb2
TRAIN_NEG_00102,train,partial_50_80,14,14,AC_PWY-5973,AraCyc_Misc,14,1.0,False,142,1,20,20,0.7,a2ce29090fed93006a344bbda62d882d5df8b34d8641172ca6279ec96596cd77
TRAIN_NEG_00103,train,cross_pathway,9,9,AC_PWY4FS-2;AC_PWY-4321,AraCyc_Misc;AraCyc_Misc,9,1.0,True,142,1,20,20,,b899d8000be35fb1e48be77ce70fd9ef23ca061f213a918eda5a656efdd6119b
TRAIN_NEG_00104,train,random_5_30,25,25,,,0,0.0,False,142,1,0,0,,b1a33bb81f659a433c50923d16dc9df52c34e111ec7f15e2ff6c65e4068926bf
TRAIN_NEG_00105,train,shuffled,22,22,AC_PWY-7211,AraCyc_Nucleotide,0,0.0,False,142,1,22,22,,8aaa8e79fedc720c384bf98acf54243600297c38942d074536241e3d2a7c7901
TRAIN_NEG_00106,train,partial_50_80,31,31,AC_TRIGLSYN-PWY,AraCyc_Misc,31,1.0,False,142,2,57,57,0.543859649122807,543ec7b94c64eb8193f86a64c8c3322168df04327e5407a63107d62fdceb4564
TRAIN_NEG_00107,train,cross_pathway,39,39,AC_PWY-6803;AC_PWY-5044,AraCyc_Misc;AraCyc_Nucleotide,39,1.0,False,142,1,79,79,,f1b4f01a1a0616b32bc5586d3da9ef99f9c61a7d8506ac9295cc19162f3ed861
TRAIN_NEG_00108,train,random_5_30,18,18,,,0,0.0,False,142,1,0,0,,981a9aad522128d97c4b5b752bf224347d5ba5c00eca1dfc42afee2b860ca28c
TRAIN_NEG_00109,train,shuffled,10,10,AC_PWY-3941,AraCyc_Misc,0,0.0,False,142,1,10,10,,0dc151d4b6a02734caec6c2db13c538a68943bf58151ed26214b0bf9519608e8
TRAIN_NEG_00110,train,partial_50_80,15,15,AC_PWY-6595,AraCyc_Nucleotide,15,1.0,False,142,1,19,19,0.7894736842105263,da2360ca1e54271983a7e9e962cb6b32dcdc4b4a8043a9b961ecf3c8464c5c2d
TRAIN_NEG_00111,train,cross_pathway,38,38,ath00900;ath00450,KEGG_Cellular;KEGG_Cellular,38,1.0,True,142,1,77,77,,29303e286387001b837f88048af620f49789b306f2851ee48997bede2b650ee3
TRAIN_NEG_00112,train,random_5_30,21,21,,,0,0.0,False,142,1,0,0,,96ca6e9b7a7f55489d673a691453d6f0935efcb908d4b41bdd87f2bdbb209e53
TRAIN_NEG_00113,train,shuffled,41,41,ath00350,KEGG_Cellular,0,0.0,False,142,1,41,41,,5e857e8e34cd300daab0741a21dbeb42f5ca356ea32cd1bc30043196bed6529b
TRAIN_NEG_00114,train,partial_50_80,8,8,AC_HISTSYN-PWY,AraCyc_Misc,8,1.0,False,142,1,11,11,0.7272727272727273,be034270338754a3ff5fb87ef2315a287260c91c654a91160ac1d9bf6ada905c
TRAIN_NEG_00115,train,cross_pathway,70,70,ath00360;ath00040,KEGG_Cellular;KEGG_Cellular,70,1.0,True,142,1,141,141,,833528989959ee34f1e22ce1dc7ef8faccc6d3111c46143a739e934f4f6aee6d
TRAIN_NEG_00116,train,random_5_30,8,8,,,0,0.0,False,142,1,0,0,,43e33a8e706ed3249470ad4c0e31827970edf085931861110240f4d2f1d8a4a5
TRAIN_NEG_00117,train,shuffled,26,26,ath05100,KEGG_Environmental,0,0.0,False,142,1,26,26,,185cff4c50eeec51ae544d3c2dc668ee87dd3ea6ce3d7738bc0a049d5929b6db
TRAIN_NEG_00118,train,partial_50_80,8,8,AC_PWY-6927,AraCyc_Misc,8,1.0,False,142,1,13,13,0.6153846153846154,ddc6b5d95c50bd9c381b495c47f1c8f299eeb906393c84d9599ba7d3fa2720d3
TRAIN_NEG_00119,train,cross_pathway,11,11,AC_PWY-6606;AC_PWY-2301,AraCyc_Nucleotide;AraCyc_Misc,11,1.0,False,142,1,23,23,,6c558207a004f5a433a2ac4175a0928944ae276c5f6e8728e302298285780716
TRAIN_NEG_00120,train,random_5_30,9,9,,,0,0.0,False,142,1,0,0,,8bf9445de29383f032efc3ff87294a01e824eeab63d4751acb54b6875c0459ed
TRAIN_NEG_00121,train,shuffled,11,11,ath00430,KEGG_Cellular,0,0.0,False,142,1,11,11,,dde2fe3b5445240219e842b5743f5b6b2b627d3fd13d08c81231a53c29460faf
TRAIN_NEG_00122,train,partial_50_80,51,49,ath01212,KEGG_Lipid,51,1.0,False,142,1,70,68,0.7285714285714285,6aef79a890692120b6614a4ece36bce9b68a371d4233cd47d63f7401c93c0a5b
TRAIN_NEG_00123,train,cross_pathway,27,27,AC_PWY-5156;AC_HEME-BIOSYNTHESIS-II,AraCyc_Lipid;AraCyc_Misc,27,1.0,False,142,1,56,56,,845704d5116f372593fecda514573058ddea834370c188c4c710f95dc5f7eb20
TRAIN_NEG_00124,train,random_5_30,14,14,,,0,0.0,False,142,1,0,0,,d907df2e319dad0b3f45f534e63b15fbef368f5ccac023ca07f94a9e4249be1f
TRAIN_NEG_00125,train,shuffled,6,6,AC_PWY-6622,AraCyc_Misc,0,0.0,False,142,1,6,6,,5ec6ac0f767ec8762992d38e19eeb7ddc50c8ac4f3a75a9760520b1dfcee97f3
TRAIN_NEG_00126,train,partial_50_80,26,26,AC_CITRULBIO-PWY,AraCyc_Misc,26,1.0,False,142,1,43,43,0.6046511627906976,cd318ddc724afd8a610478b188606cfb6505bfa2ed4aefea1af33ff6667470a2
TRAIN_NEG_00127,train,cross_pathway,12,12,ath00740;AC_PWY-7851,KEGG_Cellular;AraCyc_Misc,12,1.0,False,142,1,25,25,,76eec157c5b10dc3491d2634658fc4f981e424d1f19f0403898ece7ebd99a83c
TRAIN_NEG_00128,train,random_5_30,14,14,,,0,0.0,False,142,1,0,0,,52c973bdf5f8ce369d267d6ebc2c370c98ff94732dd00cc239405c2f9437096a
TRAIN_NEG_00129,train,shuffled,32,32,AC_COMPLETE-ARO-ARA-PWY,AraCyc_AminoAcid,1,0.03125,False,142,1,32,32,,6561ea91d162375287ab7dc75434d93609c5c9234bbbf0b06c2f0cb65561702e
TRAIN_NEG_00130,train,partial_50_80,38,38,AC_PWY-6803,AraCyc_Misc,38,1.0,False,142,1,56,56,0.6785714285714286,d753df95d6ab4e249be592c9a82eb08c1027e2ed5a898b79f5df954f360f4dca
TRAIN_NEG_00131,train,cross_pathway,11,11,AC_SER-GLYSYN-PWY;AC_PWY-3481,AraCyc_Misc;AraCyc_Misc,11,1.0,True,142,1,24,24,,af3384a2fedc4798921cf8c2756afe7a64139d4441db0b7b982ad3dd5ab8a338
TRAIN_NEG_00132,train,random_5_30,7,7,,,0,0.0,False,142,1,0,0,,a77a7779bb5d75384cd88bc10b938aaad71d14bedacd832e690659a76a8fd4c8
TRAIN_NEG_00133,train,shuffled,5,5,AC_PWY-7851,AraCyc_Misc,0,0.0,False,142,1,5,5,,c94251f998878ebb437bcdc6b058040a10579c923931a74b086046a1d9eb2b2a
TRAIN_NEG_00134,train,partial_50_80,11,11,ath00261,KEGG_Cellular,11,1.0,False,142,1,14,14,0.7857142857142857,7830b442454131f23e6c125009405026623e8b2e8548b0e3e94fcc7606da3c44
TRAIN_NEG_00135,train,cross_pathway,11,11,AC_PWY-7219;AC_PWY-6605,AraCyc_Nucleotide;AraCyc_Misc,11,1.0,False,142,1,24,24,,6f3c230ba075dc74b3f13ed4a81a8ae6cca4cd8b816aaf5be4c6fb5bd07d3b02
TRAIN_NEG_00136,train,random_5_30,30,30,,,0,0.0,False,142,1,0,0,,13c972d07d320017f197469a39f333ab67ef3dd7d6ecbbd163cee86acbf45da8
TRAIN_NEG_00137,train,shuffled,18,18,ath00511,KEGG_Lipid,0,0.0,False,142,1,18,18,,5222198df7d9fc2515dcace2be5bca00b15b9c9914e40bc60697dc8f52fd22af
TRAIN_NEG_00138,train,partial_50_80,6,6,AC_PWY-6303,AraCyc_Misc,6,1.0,False,142,1,9,9,0.6666666666666666,3e476d71bc65cc0fb1eafd8b0b6ee799a0f6f9637b3c284d19e3eb30decd287a
TRAIN_NEG_00139,train,cross_pathway,44,44,ath01232;AC_PWY-6364,KEGG_Cellular;AraCyc_Misc,44,1.0,False,142,1,89,89,,65e67f917f31755c31d13409ec8c67917327ea4fec8f24517cabd5295daad946
TRAIN_NEG_00140,train,random_5_30,9,9,,,0,0.0,False,142,1,0,0,,1adb6c0abce943e609a8d82322b1891abafe9aef8b9681d6f3fb920c8751b792
TRAIN_NEG_00141,train,shuffled,32,32,AC_PWY4FS-8,AraCyc_Misc,0,0.0,False,142,1,32,32,,cff4b8093a98f873da8b077cb93191ddb37cf94655ab4cc13f5259dd4066e6b0
TRAIN_NEG_00142,train,partial_50_80,46,45,ath00710,KEGG_Metabolism,46,1.0,False,142,1,71,70,0.647887323943662,8254040a08e97b42385f90c5708d0a4dfd7487f3682629b36d11a917f4d48f2a
TRAIN_NEG_00143,train,cross_pathway,12,12,ath01320;AC_PWY-6599,KEGG_Cellular;AraCyc_Misc,12,1.0,False,142,1,26,26,,aa8bafeaa20ad9a7ec19b2706706fdd5be3b02de99fcf40ab87fe618ee801706
TRAIN_NEG_00144,train,random_5_30,21,21,,,0,0.0,False,142,1,0,0,,c59f192b100e235c1b25f57e2705cb5ec7c6bf4be9c78e3b0bbf12ccbfe2d9b9
TRAIN_NEG_00145,train,shuffled,39,39,ath00960,KEGG_Cellular,0,0.0,False,142,1,39,39,,7181a4badd6376fee37f8361d8f985204725763fce9bcecb2c7c1d3fe4b9cb22
TRAIN_NEG_00146,train,partial_50_80,37,37,AC_PWYQT-4466,AraCyc_Carbohydrate,37,1.0,False,142,1,58,58,0.6379310344827587,e77be4543e00be326f4f99e0647dc636a42891a43937f34b5d771d8d0e98e227
TRAIN_NEG_00147,train,cross_pathway,44,44,AC_PWY-101;ath00260,AraCyc_Misc;KEGG_Cellular,44,1.0,False,142,1,88,88,,c6da3cc3f8f7ce6341e0cbe64c07160f73a95c66ba67262ceb9068ee53653969
TRAIN_NEG_00148,train,random_5_30,11,11,,,0,0.0,False,142,1,0,0,,aa41d99131f9b75a1ece6ee3c2a1fb0bf4b845b709836d2143c776ef1f6dd180
TRAIN_NEG_00149,train,shuffled,24,24,AC_PWY-4221,AraCyc_Misc,0,0.0,False,142,1,24,24,,28ecd9641d9b1d5480a3d02d011e33778c85df8151d1e0fc4dc356009b8883df
TRAIN_NEG_00150,train,partial_50_80,105,105,ath00500,KEGG_Lipid,105,1.0,False,142,1,181,181,0.580110497237569,7f4ebbb4355aec83c033e3096e810e64a752385d9d9b7f86ac79e79027339b24
TRAIN_NEG_00151,train,cross_pathway,28,26,AC_PWY-8458;ath03020,AraCyc_Misc;KEGG_GeneticInfo,28,1.0,False,142,1,57,53,,470ac168cd17cf8b0895f9b92ed95c3b9fa1133289d780e7bf50a292f43dfd1c
TRAIN_NEG_00152,train,random_5_30,30,30,,,0,0.0,False,142,1,0,0,,027c19f9bdecf4892bb5cdeeef1ac4cd91467c6458bb155ac4bf4634d4a53384
TRAIN_NEG_00153,train,shuffled,7,7,AC_PWY-1722,AraCyc_Cofactor,0,0.0,False,142,1,7,7,,2b6716b772543b17eb5aeb5221a3b8797ad34be6a6b029bc8d48d3a6c127fb01
TRAIN_NEG_00154,train,partial_50_80,6,6,AC_PWY-6605,AraCyc_Misc,6,1.0,False,142,1,9,9,0.6666666666666666,e6ffb8b1157bf00567e7a4d57b119eb25ab72ca6860905b81a6ce1438e7857ec
TRAIN_NEG_00155,train,cross_pathway,5,5,AC_PWY-4702;AC_PWY-5807,AraCyc_Misc;AraCyc_Misc,5,1.0,True,142,1,11,11,,9ad2ae81cebfad297e846a9b6dc2e8eec50b28fa03d9f2d3e6bd3b4e14008fc5
TRAIN_NEG_00156,train,random_5_30,18,18,,,0,0.0,False,142,1,0,0,,31b2c1e15098e154ca10018fd710b69e2a01dd73497a5fb586d6620069514c42
TRAIN_NEG_00157,train,shuffled,9,9,AC_PWY-6605,AraCyc_Misc,0,0.0,False,142,1,9,9,,4332836edb18346cff03a9e90914607d7b7b59d70db3a491893221eec8864921
TRAIN_NEG_00158,train,partial_50_80,31,31,AC_TRIGLSYN-PWY,AraCyc_Misc,31,1.0,False,142,1,57,57,0.543859649122807,47534fec6884d2f679cbbb792fad96afe08540612c48104fa9b32689cc48eb55
TRAIN_NEG_00159,train,cross_pathway,56,56,ath00630;ath00360,KEGG_Cellular;KEGG_Cellular,56,1.0,True,142,1,114,113,,d52af6ec69c01c9f8fe5fa075c7818d88c713034c1652a8ae361ab43cd054bef
TRAIN_NEG_00160,train,random_5_30,25,25,,,0,0.0,False,142,1,0,0,,d4cfe9ae383b1ea3563b36f69be0bbf45363be5437a0becbc7b385b77846a1b5
TRAIN_NEG_00161,train,shuffled,11,11,AC_PWYQT-4482,AraCyc_Misc,0,0.0,False,142,1,11,11,,0f7aff09e6de547b2f247d1b093eaeae4b3d6e452a1e8eac49ef46a90aa91812
TRAIN_NEG_00162,train,partial_50_80,30,29,AC_PWY-3781,AraCyc_Misc,30,1.0,False,142,1,39,38,0.7692307692307693,491b74e1a2a1d8e519eed8c96f131844418e3a9b6ed8b36989fcb13c1425dc70
TRAIN_NEG_00163,train,cross_pathway,14,14,ath04620;AC_OXIDATIVEPENT-PWY,KEGG_SignalTrans;AraCyc_Misc,14,1.0,False,142,1,29,29,,0472ba1255d7e926138f3324001f77d27e0c07b9c48f5fa2bee20fc15ef0d61c
TRAIN_NEG_00164,train,random_5_30,14,14,,,0,0.0,False,142,1,0,0,,53981d5277a073bb69aa48e90d225b4bd74d6a3240cb9709ecfbc8e7948cfa3a
TRAIN_NEG_00165,train,shuffled,146,146,ath04016,KEGG_SignalTrans,2,0.0136986301369863,False,142,1,146,146,,9c77c766a331a815c0f30d10aeed04bfc92e4d66eb9da4d37efc240ba67b0a6f
TRAIN_NEG_00166,train,partial_50_80,13,13,AC_PWY-101,AraCyc_Misc,13,1.0,False,142,1,18,18,0.7222222222222222,e4855ab748ecf7728959ae567dfa20f69d42191b68c4fcf14d293d5cb23709db
TRAIN_NEG_00167,train,cross_pathway,40,39,ath00603;ath00710,KEGG_Lipid;KEGG_Metabolism,40,1.0,False,142,1,82,81,,b9dfd98aae72c210941bf09ed97164d12d612bd3272c20abd5da1dc2ee3878bb
TRAIN_NEG_00168,train,random_5_30,22,22,,,0,0.0,False,142,1,0,0,,c022b36a0f09683e8338d67303537bf6eb8725848f0da29b4e5886c6a025274f
TRAIN_NEG_00169,train,shuffled,5,5,AC_PWY-6599,AraCyc_Misc,0,0.0,False,142,1,5,5,,318bee19d485657462cac39d61f34882a2c5b3aabd049c515cebbe4df725ac67
TRAIN_NEG_00170,train,partial_50_80,5,5,AC_PWY-6317,AraCyc_Misc,5,1.0,False,142,1,7,7,0.7142857142857143,e2ad2b836b0f71e5d44fd54dcf13d63d88c1097f7b0009745dd12b047024099b
TRAIN_NEG_00171,train,cross_pathway,42,42,ath04518;ath00999,KEGG_SignalTrans;KEGG_Cellular,42,1.0,False,142,1,84,84,,89215c983fe621816ee550bc81f0d44a7d0c8bb7028d9a37083e46fbc52aba26
TRAIN_NEG_00172,train,random_5_30,12,12,,,0,0.0,False,142,1,0,0,,171f09e7cdbd80480f44226751f47877958bfc5bb1818fe7f10c7e0bf872f34f
TRAIN_NEG_00173,train,shuffled,21,21,AC_TRPSYN-PWY,AraCyc_AminoAcid,0,0.0,False,142,1,21,21,,506a18084c862e24703b6933a576bc70e98f7530fc9b4877d0b53221e35e7cf8
TRAIN_NEG_00174,train,partial_50_80,19,19,AC_PWY-841,AraCyc_Nucleotide,19,1.0,False,142,1,33,33,0.5757575757575758,5e2acfffe57e60aaa89030f4b9f03f44283990c1c55fed14abe5b3b83b46d22e
TRAIN_NEG_00175,train,cross_pathway,14,14,AC_PWY-6595;AC_PWY-7417,AraCyc_Nucleotide;AraCyc_Lipid,14,1.0,False,142,1,29,29,,d430607a3536e8ee8861b3b4adf8318e6d6abafd9aa4ca8d9bfaa8ab7a8eff95
TRAIN_NEG_00176,train,random_5_30,22,22,,,0,0.0,False,142,1,0,0,,18410b05d47ca6aa3ce2abeba5544fbecf2304cd1e339854feff65d8af1d4d15
TRAIN_NEG_00177,train,shuffled,13,13,ath04122,KEGG_SignalTrans,0,0.0,False,142,1,13,13,,dfd467b018d9fecb18f9b1eea1c042b6537601267b8f12c61d5f421458990a2a
TRAIN_NEG_00178,train,partial_50_80,8,8,AC_PWY-7140,AraCyc_Misc,8,1.0,False,142,1,13,13,0.6153846153846154,c740e8d0ba0a989b3356286cf50f70e4c6b60eba0b8d7ed48bbc2ca040151306
TRAIN_NEG_00179,train,cross_pathway,14,14,AC_GLUCOSE1PMETAB-PWY;AC_PWY0-162,AraCyc_Carbohydrate;AraCyc_Nucleotide,14,1.0,False,142,1,29,29,,e0620ab1b431cb5e88dbb8ddd95940b1ade75980eee18856c68f113c6c3ec599
TRAIN_NEG_00180,train,random_5_30,29,29,,,0,0.0,False,142,1,0,0,,4050f852d4ee1d15e22beb35f7a10718d96fe20c6acef7d50c60699303afdf76
TRAIN_NEG_00181,train,shuffled,8,8,AC_PWY-5027,AraCyc_Misc,0,0.0,False,142,1,8,8,,94a7c9c1791cf83e03eaa6b284917379066a8a19009783e345f1a108f54d1913
TRAIN_NEG_00182,train,partial_50_80,24,24,ath00960,KEGG_Cellular,24,1.0,False,142,1,39,39,0.6153846153846154,0d6b8372e6cadfa96cb7becbd6f8d674f86c6612022b1123b10aafafc6a1f779
TRAIN_NEG_00183,train,cross_pathway,13,13,AC_ETHYL-PWY;AC_PWY-6599,AraCyc_Misc;AraCyc_Misc,13,1.0,True,142,1,28,28,,a3b88c005aeb05c596cfe3d2c8673c9eef5f205ebf4fb1d440de65bd759d7106
TRAIN_NEG_00184,train,random_5_30,26,26,,,0,0.0,False,142,1,0,0,,766d839f392ffa43009f73b3f37e861ad6cdbde877dfee3eed25468028b05a20
TRAIN_NEG_00185,train,shuffled,21,21,AC_PWYQT-62,AraCyc_Misc,0,0.0,False,142,1,21,21,,d116d1e7734a9edc3b1dd1201315bbdf6cce6c3d42950831491a45b1ea79c057
TRAIN_NEG_00186,train,partial_50_80,20,19,AC_PWY-3781,AraCyc_Misc,20,1.0,False,142,1,39,38,0.5128205128205128,9b2ca2df6b610308171657d7cf157ebcc52de2f2034cc5c5cef87dcd255b0526
TRAIN_NEG_00187,train,cross_pathway,25,25,AC_PWY-7036;AC_PWY-5083,AraCyc_Lipid;AraCyc_Misc,25,1.0,False,142,1,51,50,,e21316e3561003a65ff0e8c721ebc71fc70258b247a4c1bfcb75abc99bea4848
TRAIN_NEG_00188,train,random_5_30,27,27,,,0,0.0,False,142,1,0,0,,a53ccd07bcdaaba6053d5d64adf53e1b2666a0d1a8992a692ad9a0da340ed092
TRAIN_NEG_00189,train,shuffled,12,12,AC_PWY-4821,AraCyc_Misc,0,0.0,False,142,1,12,12,,4f032aacf5f10f382640aeb5576cd95293490df9e331d9eb92c72f0a3eab382c
TRAIN_NEG_00190,train,partial_50_80,8,8,AC_PWY4FS-7,AraCyc_Misc,8,1.0,False,142,1,13,13,0.6153846153846154,652139e02da830af8a3bad00128791df13e388ce6c8825692b0418e30cfcbaf2
TRAIN_NEG_00191,train,cross_pathway,32,32,AC_ARGSPECAT-PWY;AC_LIPASYN-PWY,AraCyc_Misc;AraCyc_Misc,32,1.0,True,142,1,65,65,,7adbab5d25688d11c149e3cfb9e52fa619c31b4797948d1f32f122d4db4f9f18
TRAIN_NEG_00192,train,random_5_30,16,16,,,0,0.0,False,142,1,0,0,,28fea513f4a0d69fda801f30974cddac79a08548685cf3e021346856bcb889fa
TRAIN_NEG_00193,train,shuffled,9,9,AC_HEME-BIOSYNTHESIS-II,AraCyc_Misc,0,0.0,False,142,1,9,9,,8b033ce458c16f9c92d6487d1a84faf7a0e6f45756e1d1da5c77b58e92a1f2a1
TRAIN_NEG_00194,train,partial_50_80,16,16,AC_PWY-5980,AraCyc_Misc,16,1.0,False,142,1,27,27,0.5925925925925926,7d6cffc5116dc1a80af39b2690a2f8e1fd80a9f56f36ce219e5caf58ee76bb84
TRAIN_NEG_00195,train,cross_pathway,20,20,AC_ASPARTATE-DEG1-PWY;AC_COMPLETE-ARO-ARA-PWY,AraCyc_Misc;AraCyc_AminoAcid,20,1.0,False,142,1,40,40,,0e11d6381b1682407ea18140d87a433492f2b1104a913c219a4e884c9a62f723
TRAIN_NEG_00196,train,random_5_30,16,16,,,0,0.0,False,142,1,0,0,,3128cceb479bc10928e3f68415236249f6cb55116c9bbf1d72d1cd9b0f92f924
TRAIN_NEG_00197,train,shuffled,47,47,ath00410,KEGG_Cellular,0,0.0,False,142,1,47,47,,c5123741661e80514550d9b50620c0294197bc799b2f542b6a3da319d305934a
TRAIN_NEG_00198,train,partial_50_80,41,41,ath00020,KEGG_Cellular,41,1.0,False,142,1,64,64,0.640625,bbd35b82476adc84bc4107ee768b520cfd6e9cc40b1c0cf71ae7343b913c338e
TRAIN_NEG_00199,train,cross_pathway,6,6,AC_ASPARTATE-DEG1-PWY;AC_PYRIDNUCSYN-PWY,AraCyc_Misc;AraCyc_Misc,6,1.0,True,142,1,14,14,,40c3d679a08f0655f27a93e05595dd776832a521fc0db8cf8c1083fd2d197a92
TRAIN_NEG_00200,train,random_5_30,23,23,,,0,0.0,False,142,1,0,0,,460a34228f7222bd21122ceecf12c048c2247cd1e4c7b0502bb39b6866f1e76f
TRAIN_NEG_00201,train,shuffled,5,5,AC_PWY-4861,AraCyc_Misc,0,0.0,False,142,1,5,5,,4c9950d8298446e334072998c5f19470cac05826e816552974c44af6c082e9d3
TRAIN_NEG_00202,train,partial_50_80,76,76,ath00270,KEGG_Cellular,76,1.0,False,142,1,125,125,0.608,d93076fb3eb8c682df467011c90f36e00ad3cc766fb80710ba2c737b1eee7391
TRAIN_NEG_00203,train,cross_pathway,6,6,AC_THISYNARA-PWY;AC_PWY-7298,AraCyc_Cofactor;AraCyc_Misc,6,1.0,False,142,1,14,14,,4a68656b6b6a2ac0e35e26ea08e7ddaea2fe69f71c6d409f161cabdacc7331c2
TRAIN_NEG_00204,train,random_5_30,7,7,,,0,0.0,False,142,1,0,0,,a3f6d7aee7c3f39b820426b9a85c7cdf2482080707cf7c7570e1780fe360c6d4
TRAIN_NEG_00205,train,shuffled,9,9,AC_PWY0-1182,AraCyc_Misc,0,0.0,False,142,1,9,9,,5619af4b9ce891d87a55061839423f1f8d39509f3cb611515d44f26f3f90e292
TRAIN_NEG_00206,train,partial_50_80,11,11,AC_TRPSYN-PWY,AraCyc_AminoAcid,11,1.0,False,142,1,21,21,0.5238095238095238,e66adfb215ccc795ae8a47acdcf6bdb18ca82a4bafe02c4997e7e6c4aa93f58c
TRAIN_NEG_00207,train,cross_pathway,7,7,AC_ILEUDEG-PWY;AC_PWY-6622,AraCyc_Misc;AraCyc_Misc,7,1.0,True,142,2,15,15,,9cd215b5054b7a53779bf2ac0d57c00d6eb983cd59b8e3c3836d901bfbfdaded
TRAIN_NEG_00208,train,random_5_30,14,14,,,0,0.0,False,142,1,0,0,,15992fa15c1e9f560828542c4cbdee91d2c1bdfb411d86f6286cdc9f4ca9722d
TRAIN_NEG_00209,train,shuffled,22,22,AC_PWY-7450,AraCyc_Misc,0,0.0,False,142,1,22,22,,94ebe3562c1907e69ab422399bae6c6e0460af90e5719c5801622d6344346da0
TRAIN_NEG_00210,train,partial_50_80,10,10,ath00740,KEGG_Cellular,10,1.0,False,142,1,20,20,0.5,4cfa9db93e46ee9928d50ba3f1726d245e82d3ea9431556a5991f3a647bec7a6
TRAIN_NEG_00211,train,cross_pathway,42,41,ath00062;AC_GLUCONEO-PWY,KEGG_Lipid;AraCyc_Misc,42,1.0,False,142,1,84,83,,874dc22d3872e1de73dba02210643851e6d0a87761ee298bcd6740d538025d0c
TRAIN_NEG_00212,train,random_5_30,19,19,,,0,0.0,False,142,1,0,0,,2ccffe5084b598c8f25397b586b89176985f3b1a65523585ea70fdac5e03a167
TRAIN_NEG_00213,train,shuffled,65,65,ath00240,KEGG_Cellular,1,0.015384615384615385,False,142,1,65,65,,d43c5e1ddee4496509558b8ed862c8ee1d7c82316af57690e14ef2018cedef24
TRAIN_NEG_00214,train,partial_50_80,7,7,ath00540,KEGG_Lipid,7,1.0,False,142,1,10,10,0.7,a160afc3ddc896caad81a08a12a6364407e2d6d033de2d71e61957f2d1811b76
TRAIN_NEG_00215,train,cross_pathway,6,6,AC_PWY-6441;AC_PWY-6605,AraCyc_Misc;AraCyc_Misc,6,1.0,True,142,1,14,14,,e917dbdcdb7612b835dd0e2c0b61667ca2faef8546f26473e7df049a090dbe0a
TRAIN_NEG_00216,train,random_5_30,13,13,,,0,0.0,False,142,1,0,0,,d92191f77395ad48e1639aa12b37ab5b93f54b313e7047294a267dcf0568eaac
TRAIN_NEG_00217,train,shuffled,62,62,ath03060,KEGG_GeneticInfo,1,0.016129032258064516,False,142,1,62,62,,757eae60b45e209bd682d0aa8be7df609b808eeb77d38c93f51785bdaa36e05d
TRAIN_NEG_00218,train,partial_50_80,11,11,AC_MANNOSYL-CHITO-DOLICHOL-BIOSYNTHESIS,AraCyc_Misc,11,1.0,False,142,2,14,14,0.7857142857142857,63cdf7d75188017c089dbb85252294d31546b790cc81f240db607bb97d0be201
TRAIN_NEG_00219,train,cross_pathway,19,19,ath00906;AC_PWY-7909,KEGG_Cellular;AraCyc_Misc,19,1.0,False,142,1,38,38,,1bb53ea05efbb23d8685db294cb346846456f40dc27640470aa4a6ddf974d339
TRAIN_NEG_00220,train,random_5_30,7,7,,,0,0.0,False,142,1,0,0,,e643a3ef48e79e1f62a85abe0449487dce237b0630a02bcc773c1c34e4cf3983
TRAIN_NEG_00221,train,shuffled,5,5,AC_PWY-63,AraCyc_Misc,0,0.0,False,142,1,5,5,,b5b0525978dc9974d501d12c96f081d54896960a79ba4b9d743ff0e74c5ae6d8
TRAIN_NEG_00222,train,partial_50_80,8,8,ath00300,KEGG_Cellular,8,1.0,False,142,1,15,15,0.5333333333333333,30576f0ed44b174ee13a18fc6a76e3f9bb6002c7bf47545ed1ba6cf684319237
TRAIN_NEG_00223,train,cross_pathway,10,10,AC_PWY-6199;AC_PWY-801,AraCyc_Misc;AraCyc_Misc,10,1.0,True,142,1,21,21,,5ca0e573bb11c5f76d3d782d801f1e535b8f169ef531c9bb6bb175ad5c204212
TRAIN_NEG_00224,train,random_5_30,26,26,,,0,0.0,False,142,1,0,0,,a91b92a33cdd64f565ed27cea4fb82017f864d2c107590ef71716989e0b6faf7
TRAIN_NEG_00225,train,shuffled,7,7,AC_PWY-4841,AraCyc_Misc,0,0.0,False,142,1,7,7,,b5d83b3fb5b21fbb3b7eab7ab909df4d71e3b403209a9dfe4bf09306dc04b10f
TRAIN_NEG_00226,train,partial_50_80,28,28,ath00960,KEGG_Cellular,28,1.0,False,142,1,39,39,0.717948717948718,97530c50b3222444aad6db55514dfb564c5c051e5195bc543932cb232db0b1fd
TRAIN_NEG_00227,train,cross_pathway,17,17,AC_PWY-7211;AC_POLYAMINSYN3-PWY,AraCyc_Nucleotide;AraCyc_Misc,17,1.0,False,142,1,34,34,,122a2393d01c15dd7a5e073560d59021f1796acb2edb4847a5d60f65145d0571
TRAIN_NEG_00228,train,random_5_30,18,18,,,0,0.0,False,142,1,0,0,,df3e8095e62cd47a5fba95f5164005a59b92462887e9f2c383ea4381cd5a71bf
TRAIN_NEG_00229,train,shuffled,12,12,AC_POLYAMINSYN3-PWY,AraCyc_Misc,0,0.0,False,142,1,12,12,,ae7ac11453a0213c6985e8eed07c4fa011f43dbfdfc14609eb7972c70ab47f66
TRAIN_NEG_00230,train,partial_50_80,18,18,ath00785,KEGG_Cellular,18,1.0,False,142,1,36,36,0.5,ecf520412a15e28c91aa16a924487678f6979255c91d52c5ba1cd05b7198f105
TRAIN_NEG_00231,train,cross_pathway,63,63,AC_PWY-6605;ath00010,AraCyc_Misc;KEGG_Metabolism,63,1.0,False,142,1,128,128,,a54ddc22640c45083fce075a4fe6ea4845a0f3faccaeb78b0564f81b93ffca31
TRAIN_NEG_00232,train,random_5_30,20,20,,,0,0.0,False,142,1,0,0,,54741a8dd28a9ed0af346d5f5ef581caeaac4659583b8f7608e53a6e32b40f87
TRAIN_NEG_00233,train,shuffled,8,8,AC_PWY-5027,AraCyc_Misc,0,0.0,False,142,1,8,8,,39bdb93c57c2f2f77afdf496c32c68f5d75c102866dfe11ce91b553d1a612893
TRAIN_NEG_00234,train,partial_50_80,16,16,AC_BRANCHED-CHAIN-AA-SYN-PWY,AraCyc_AminoAcid,16,1.0,False,142,1,21,21,0.7619047619047619,0425270d0c0733eb6d8ffae1aee65843158840faadd75e06dc42211c49ee43ea
TRAIN_NEG_00235,train,cross_pathway,20,20,AC_PWY-8398;AC_PWY-5690,AraCyc_Misc;AraCyc_Misc,20,1.0,True,142,1,41,41,,c8732ddd707b0d6c235c56807f9f09c9d35f942747f74ba792521328ec6e35c7
TRAIN_NEG_00236,train,random_5_30,16,16,,,0,0.0,False,142,1,0,0,,b7298f10b8f4cd2de8ca96bd4dc5ef0ddf4ab6de36bd3ab4c5b1135360e67a5d
TRAIN_NEG_00237,train,shuffled,57,57,AC_TRIGLSYN-PWY,AraCyc_Misc,0,0.0,False,142,1,57,57,,64e0b71138c548b4be2429682c7be2c17dc09656cd80cfa77cfb8b7c914991cd
TRAIN_NEG_00238,train,partial_50_80,64,64,ath01232,KEGG_Cellular,64,1.0,False,142,1,84,84,0.7619047619047619,cdf8f17d9ba2e8662df8160d8ea3eb76a5671b55aa764bbef806c27164c84777
TRAIN_NEG_00239,train,cross_pathway,24,24,AC_PWY-7193;AC_PWY-6787,AraCyc_Nucleotide;AraCyc_Secondary,24,1.0,False,142,1,50,50,,7423c857a3584325859a42eb34f6d804e16a705923de5ba6ecd3034ea6246936
TRAIN_NEG_00240,train,random_5_30,9,9,,,0,0.0,False,142,1,0,0,,1c816ea8bc1ae696660ef4dd4e13d54542a1e835108c6f3248fcd403e9de253a
TRAIN_NEG_00241,train,shuffled,27,27,AC_PWY-5147,AraCyc_Misc,0,0.0,False,142,1,27,27,,f613b261e33a7715c5782e5e484b534b3de69edcd38f7a1038a9d6d4e61135af
TRAIN_NEG_00242,train,partial_50_80,12,12,AC_PWY-5120,AraCyc_Misc,12,1.0,False,142,1,16,16,0.75,045bcf356255113f360cd88e6e69a5a774ba91f77de63f64287e7220e7d2123e
TRAIN_NEG_00243,train,cross_pathway,22,22,AC_CALVIN-PWY;AC_PWY-5386,AraCyc_Misc;AraCyc_Misc,22,1.0,True,142,1,46,46,,c285d6c2000a9a7713e1607c752d3ee0fa1fae15bf43f9676921de79b1192aef
TRAIN_NEG_00244,train,random_5_30,21,21,,,0,0.0,False,142,1,0,0,,b20ab2a88a4718d64dbef4b5046edd924f3847147660842bb4843c7ea6ff21f0
TRAIN_NEG_00245,train,shuffled,10,10,AC_PWY-6556,AraCyc_Nucleotide,0,0.0,False,142,1,10,10,,6ab5d5e904cc96583d97cbf311ad133cc9b07ce7e6e773309891706fe53728a9
TRAIN_NEG_00246,train,partial_50_80,5,5,AC_PWY-2582,AraCyc_Misc,5,1.0,False,142,1,7,7,0.7142857142857143,fec9438c9abb141dda0036fbcd5313d3106755df9f51ca394ba899d6f3c0e499
TRAIN_NEG_00247,train,cross_pathway,25,25,AC_PWY-6117;ath00592,AraCyc_Misc;KEGG_Lipid,25,1.0,False,142,1,52,52,,c4c6265f95d6f44bee5631200ca80321256e67c3f4a07d9e497ece9cc5574f51
TRAIN_NEG_00248,train,random_5_30,23,23,,,0,0.0,False,142,1,0,0,,6083dd24dbabde46e64f1d267b6b501591658ab1cd29cf9ae74c673482c6dbe6
TRAIN_NEG_00249,train,shuffled,32,32,AC_PWY-1187,AraCyc_AminoAcid,0,0.0,False,142,1,32,32,,6e0fb8b197623719a21e3f439e93e60c538197ace150098934249bc3df115885
TRAIN_NEG_00250,train,partial_50_80,9,9,AC_PWY-5035,AraCyc_Misc,9,1.0,False,142,1,14,14,0.6428571428571429,d676b1bd7d06e57048dd9ea57dcf976280a3d18d9a1d01f3c51c1cf2e65dea1c
TRAIN_NEG_00251,train,cross_pathway,8,8,AC_CHLOROPHYLL-SYN;AC_ARGSPECAT-PWY,AraCyc_Misc;AraCyc_Misc,8,1.0,True,142,1,16,16,,70abb8b4daec5d5d1450be7d08de55b0cf22c58443983899dd5739eab232ad0d
TRAIN_NEG_00252,train,random_5_30,6,6,,,0,0.0,False,142,1,0,0,,fd72fc5b50a0bd82253959bb27f7265b6d3a55074fbc1ceadf49ba69a712ce4c
TRAIN_NEG_00253,train,shuffled,32,32,AC_PWY-8279,AraCyc_Misc,0,0.0,False,142,1,32,32,,497c46996f1a90536607ddf00fede7b456dbc4e26c931231b7c4bc5b79346b2a
TRAIN_NEG_00254,train,partial_50_80,11,11,ath00290,KEGG_Cellular,11,1.0,False,142,1,21,21,0.5238095238095238,cfecb695939d9be3479efdb2d4d0c6e6bc05a146dda7d0938dec35a372734112
TRAIN_NEG_00255,train,cross_pathway,29,29,AC_PWY-6612;AC_PWY-5080,AraCyc_Cofactor;AraCyc_Lipid,29,1.0,False,142,1,59,59,,2335c08691f90bd8571148b1da619395bdf17b82e9a123046f85e2a43b279df2
TRAIN_NEG_00256,train,random_5_30,10,10,,,0,0.0,False,142,1,0,0,,a9fb83be44941a589d9c807612954df8c6c8ea40df7c0d7267eabe972cfcea6b
TRAIN_NEG_00257,train,shuffled,22,22,AC_PWY-7450,AraCyc_Misc,0,0.0,False,142,1,22,22,,b8374789928da54a72418ae85bc7b210d613c92730d5ac70975a7d6e4195ffac
TRAIN_NEG_00258,train,partial_50_80,9,9,AC_PWY-6786,AraCyc_Misc,9,1.0,False,142,1,16,16,0.5625,d53dd266e6afa525692dfe8318260ec7a9065b7b222c8d90433cc11505ef127d
TRAIN_NEG_00259,train,cross_pathway,9,9,AC_HISTSYN-PWY;ath04082,AraCyc_Misc;KEGG_SignalTrans,9,1.0,False,142,1,20,20,,f4581628fb5571c503a3769cdfcc45cfee97f54fe5ac36e33c695fba9a8db14a
TRAIN_NEG_00260,train,random_5_30,14,14,,,0,0.0,False,142,1,0,0,,8f983aaa815779f84ca05d7b7a105eec12837162e4976cc54bb2b9088ed20124
TRAIN_NEG_00261,train,shuffled,5,5,AC_PWY-63,AraCyc_Misc,0,0.0,False,142,1,5,5,,5a69a7544db077be668b58c2fd13083573ecb2ace0b6c74aba0454fba76b2806
TRAIN_NEG_00262,train,partial_50_80,24,24,ath00130,KEGG_Metabolism,24,1.0,False,142,1,40,40,0.6,0a856ea15f81000b0af2344b3ad96d5ba3bb9b3b008fe93b7f5f73b87081cc5b
TRAIN_NEG_00263,train,cross_pathway,14,14,AC_ETHYL-PWY;ath00660,AraCyc_Misc;KEGG_Cellular,14,1.0,False,142,1,30,30,,3d16f41a64d39364a621ae13898c2ca13b2821b492e7de419ca44fa4e36c6047
TRAIN_NEG_00264,train,random_5_30,13,13,,,0,0.0,False,142,1,0,0,,27a5cf6871efb5ce1eb8bb3c382dcc66e3faf35539b1fc08ec2e02c0f8b087ec
TRAIN_NEG_00265,train,shuffled,7,7,AC_PWY-2582,AraCyc_Misc,0,0.0,False,142,1,7,7,,e4ce891967ca33f80b998a6d6d0d58fdd2bfd2921d544409d878c922a462bc6e
TRAIN_NEG_00266,train,partial_50_80,22,22,ath00310,KEGG_Cellular,22,1.0,False,142,1,32,32,0.6875,91b0b1371b48632766c50090b376e6ff1bbde23f45a691b216da974b37e99f73
TRAIN_NEG_00267,train,cross_pathway,53,53,ath00480;AC_PWY-5859,KEGG_Cellular;AraCyc_Misc,53,1.0,False,142,1,107,107,,f451a89f684bdbb71bd9d4e30b76f72da279cd64a9f58f555afaa63600ee6133
TRAIN_NEG_00268,train,random_5_30,27,27,,,0,0.0,False,142,1,0,0,,243ad16a6190caaa8f1dd9cd0f889c4865476713c0978b11fe2ba8239c85ecaf
TRAIN_NEG_00269,train,shuffled,25,25,ath00941,KEGG_Cellular,0,0.0,False,142,1,25,25,,ea79b24af7e8a1054b02b1c0c2058683bca57e550ba9c6641ed7634138cae161
TRAIN_NEG_00270,train,partial_50_80,121,120,ath04142,KEGG_SignalTrans,121,1.0,False,142,1,193,192,0.6269430051813472,b0923364b6a04b27ea9715e32cebafd17ddae1a10ec7e53fad083fd3f94f11a2
TRAIN_NEG_00271,train,cross_pathway,37,37,AC_PWYQT-4450;ath00710,AraCyc_Misc;KEGG_Metabolism,37,1.0,False,142,1,76,75,,8e8dfdad18eaaf50eb5cd9db41e4fb86834ca6cf6f12f601c86a193af27b62a0
TRAIN_NEG_00272,train,random_5_30,9,9,,,0,0.0,False,142,1,0,0,,1c4acfe7e333be92bec85f82ae5e52ba71fa4b33c000d4068b39ccf0e3515e73
TRAIN_NEG_00273,train,shuffled,34,34,ath00770,KEGG_Cellular,0,0.0,False,142,1,34,34,,0e5245609117874cc5ae5ed6ee9b1d4a21c7d629487d3822b7a6d2b57ae95304
TRAIN_NEG_00274,train,partial_50_80,9,9,AC_PWY-2021,AraCyc_Misc,9,1.0,False,142,1,12,12,0.75,3e6509f61dba391b122a198aa48cb3a9a24634ab3574cefc380267df84be9e73
TRAIN_NEG_00275,train,cross_pathway,63,61,ath01212;AC_TRIGLSYN-PWY,KEGG_Lipid;AraCyc_Misc,63,1.0,False,142,1,127,125,,bf680272cda022405d7b9b46553454ba4ac0ce13e74434a59662a76fdbe69b4d
TRAIN_NEG_00276,train,random_5_30,7,7,,,0,0.0,False,142,1,0,0,,2e76ec2a6669f28916e3c24518cb18452bdae32330b460e7ca61559d85c1fe02
TRAIN_NEG_00277,train,shuffled,15,15,ath00300,KEGG_Cellular,0,0.0,False,142,1,15,15,,5cf55067b00f1eb6826135e68f8056b44258f5552ae5c3ea8ad824a7d47ee59a
TRAIN_NEG_00278,train,partial_50_80,6,6,AC_PWY-3462,AraCyc_Misc,6,1.0,False,142,1,10,10,0.6,8b3d9ddf1dd26ef9f0599c6d704a84611061731f1d54f0881e84975da6ff2bdc
TRAIN_NEG_00279,train,cross_pathway,14,14,AC_PWY-7036;AC_PWY-6441,AraCyc_Lipid;AraCyc_Misc,14,1.0,False,142,1,29,29,,e41f84f1a3f88c9e4f8610b90dcc995efa8d71df35ca14d5baec40a6b05dd877
TRAIN_NEG_00280,train,random_5_30,12,12,,,0,0.0,False,142,1,0,0,,744fe00cc00b440d9d490809f5ef009019c2830e9f5fbdb0fecc7d2343a490a6
TRAIN_NEG_00281,train,shuffled,6,6,ath00470,KEGG_Cellular,0,0.0,False,142,1,6,6,,44ecb902e24f9c798227bd0763dec4065796b0f7659b1a77425f0ebf8104e11e
TRAIN_NEG_00282,train,partial_50_80,79,79,AC_PWY-5464,AraCyc_Misc,79,1.0,False,142,1,102,102,0.7745098039215687,28a09c3925681d86226379f2f30b332fcbfd6ca870544377ab017d4c9cc28449
TRAIN_NEG_00283,train,cross_pathway,9,9,AC_PWY-4381;AC_POLYAMINSYN3-PWY,AraCyc_Lipid;AraCyc_Misc,9,1.0,False,142,1,18,18,,9a02ebbdadf416459ac7c2c8fc785e3168b613b61cffbf4aef013ac41c69ce48
TRAIN_NEG_00284,train,random_5_30,25,25,,,0,0.0,False,142,1,0,0,,b7d47a9b32d426543686ac3f5845732b2ef7b661df1ae102f75b1257040d2c61
TRAIN_NEG_00285,train,shuffled,6,6,AC_PWY-4381,AraCyc_Lipid,0,0.0,False,142,1,6,6,,7a9462232d9f32dda32a81497ff2c942519424aa9ecc221205e2d87f2ead0a00
TRAIN_NEG_00286,train,partial_50_80,6,6,AC_PWY-2021,AraCyc_Misc,6,1.0,False,142,1,12,12,0.5,e5609b7ed8c1730908a9f37e4320d23c3a9d3e3323197c52d46b0462e0d9e671
TRAIN_NEG_00287,train,cross_pathway,14,14,AC_PWYQT-4477;AC_PWY-5934,AraCyc_Misc;AraCyc_Misc,14,1.0,True,142,1,28,28,,8b43b99f3d543ea06af311fa406b249c3cc10f07a4abdc6eadb4b3438477eaaf
TRAIN_NEG_00288,train,random_5_30,17,17,,,0,0.0,False,142,1,0,0,,1940442dd79cc452cdba9549cdc5cc9cf311ec4e991b9f600e75c668443ec3f7
TRAIN_NEG_00289,train,shuffled,10,10,ath00540,KEGG_Lipid,0,0.0,False,142,1,10,10,,b535062ab25de4f01d1774e1e1c491ef286ca94e59d5c2a7317f1ac14f2321df
TRAIN_NEG_00290,train,partial_50_80,22,22,AC_PWY-7199,AraCyc_Nucleotide,22,1.0,False,142,1,28,28,0.7857142857142857,8c71586da70405735d207cbae0ff47d9429a532348a0d1c76346c729c3b5ac30
TRAIN_NEG_00291,train,cross_pathway,197,179,ath03010;AC_PWY-2463,KEGG_GeneticInfo;AraCyc_Misc,197,1.0,False,142,1,395,363,,01e03f42d5a7b21c36dac360c820caf47f6021bb1cf103d2c6e1cc29bfe2837e
TRAIN_NEG_00292,train,random_5_30,11,11,,,0,0.0,False,142,1,0,0,,4dcc81a29b6c3bfbeb5590a67fe87e9b2bd5b2057611ca56fa4e548e0c6bd3d4
TRAIN_NEG_00293,train,shuffled,16,16,AC_PWY0-162,AraCyc_Nucleotide,0,0.0,False,142,1,16,16,,a52df3cd914e2b326e9d07eedd9983e2497d91ad7c0744f3bc9bf826c23f4822
TRAIN_NEG_00294,train,partial_50_80,9,9,AC_PWY-6786,AraCyc_Misc,9,1.0,False,142,1,16,16,0.5625,321f9779d330034ba82db20bc239f55ed5111d41fa5e65d862ef21a9479f2860
TRAIN_NEG_00295,train,cross_pathway,39,39,ath00905;ath00260,KEGG_Cellular;KEGG_Cellular,39,1.0,True,142,1,79,79,,a394dc5c2b9fa5bd22c2ecaedbd2d3eddd6c60056c301d1ba706e20c69a4a183
TRAIN_NEG_00296,train,random_5_30,16,16,,,0,0.0,False,142,1,0,0,,9d29b1f322fd63a986527ec1c9fa0c72efecc530522830f13f479f2dc20a4dfb
TRAIN_NEG_00297,train,shuffled,12,12,AC_PWY-7560,AraCyc_Misc,0,0.0,False,142,1,12,12,,5d09c6243d876b63dbaac54dbb2a2d3a5e04a74e621ae59dbc65dc08efcb79ee
TRAIN_NEG_00298,train,partial_50_80,15,15,AC_ETHYL-PWY,AraCyc_Misc,15,1.0,False,142,1,23,23,0.6521739130434783,771ede0a9c7a96e1f107c5dfc27448fd30b709cef4a8fde7eee133c564b8e356
TRAIN_NEG_00299,train,cross_pathway,34,34,AC_PWY-6717;AC_PWY-5080,AraCyc_Misc;AraCyc_Lipid,34,1.0,False,142,1,69,69,,3ca92d7681d783c7e870a62ccc7cd7d3913d7140d1485e0ff46b0ff52bfb627e
TRAIN_NEG_00300,train,random_5_30,22,22,,,0,0.0,False,142,1,0,0,,744ea2cc0c89f90111d17cada806b6f6c9e9379c333a4f665a0ebc673eb7e542
TRAIN_NEG_00301,train,shuffled,22,22,AC_PWY-8321,AraCyc_Misc,0,0.0,False,142,1,22,22,,72ec1ea24b3911a43999a4b523f8839a2d008cc742a1b5d2235f2832a4e10fb9
TRAIN_NEG_00302,train,partial_50_80,41,41,ath00400,KEGG_Cellular,41,1.0,False,142,1,56,56,0.7321428571428571,8f739019907da875ae8e30f00bd50e464244d47defea4cc2c9058bea099316af
TRAIN_NEG_00303,train,cross_pathway,8,8,AC_PWY0-1319;AC_PWY-2681,AraCyc_Misc;AraCyc_Misc,8,1.0,True,142,1,18,18,,af2c39960d340681546b7d9105bf2074329bf04fc0b9cbe6fff1e50a669bd339
TRAIN_NEG_00304,train,random_5_30,18,18,,,0,0.0,False,142,1,0,0,,37cbd525f45618a09f9397bd93702b76951d9dab18673dfc15cae27713da852b
TRAIN_NEG_00305,train,shuffled,17,17,AC_PWY-1782,AraCyc_Misc,0,0.0,False,142,1,17,17,,e8a37a4a08c6ebdc883c176233aa71f73d2ffea2b7da85e6d3c289e646fa7d80
TRAIN_NEG_00306,train,partial_50_80,16,16,AC_PWY-7039,AraCyc_Misc,16,1.0,False,142,1,27,27,0.5925925925925926,1ec4628b5d8c4e3e8015aaa40e27106dc254810bc214f0600e3cbe13c93d5788
TRAIN_NEG_00307,train,cross_pathway,100,100,AC_PWY-5687;ath00500,AraCyc_Nucleotide;KEGG_Lipid,100,1.0,False,142,1,202,202,,62c9d1f4424675ae2ed30cb774eb9d76c73c4ba3f846c3a1c68ec2ddadd01c53
TRAIN_NEG_00308,train,random_5_30,27,27,,,0,0.0,False,142,1,0,0,,e5d93acf506c8285242e749347041e52d966cdbcdca6ef80933e36341d93726f
TRAIN_NEG_00309,train,shuffled,8,8,AC_PWY-6527,AraCyc_Misc,0,0.0,False,142,1,8,8,,4b99f2868dd5fe2e6f76d5e7a30b03ee73dff6029a4cba9343c428d8c257c418
TRAIN_NEG_00310,train,partial_50_80,5,5,ath00945,KEGG_Cellular,5,1.0,False,142,1,9,9,0.5555555555555556,43bdc5d7b4d8745ddb5236b3c5a3b45fbce6ae28a7bb56ef639685ffc0bd9853
TRAIN_NEG_00311,train,cross_pathway,24,24,AC_PWY18C3-24;AC_PWY4FS-8,AraCyc_Misc;AraCyc_Misc,24,1.0,True,142,1,48,48,,9fe13b99dc35862fdf08c651c4b3c36325ed7c2c1df60b4fa22c7a7acfb108d4
TRAIN_NEG_00312,train,random_5_30,6,6,,,0,0.0,False,142,1,0,0,,b147d4838e289cd2217ac638864ddaccfa6ecc493ae8d1c611fc543c053408b5
TRAIN_NEG_00313,train,shuffled,38,38,AC_PWY-5321,AraCyc_Misc,0,0.0,False,142,1,38,38,,198917a6dd301af47a2de001b028d3595a25e422240df5309bf17f20f06525d7
TRAIN_NEG_00314,train,partial_50_80,8,8,AC_PWY-5386,AraCyc_Misc,8,1.0,False,142,1,11,11,0.7272727272727273,928e62c2a5f73c94a8259b6db523dfd3cec142e30788cb8855b0af61178b8fa9
TRAIN_NEG_00315,train,cross_pathway,35,35,ath00330;AC_PWY-7208,KEGG_Cellular;AraCyc_Nucleotide,35,1.0,False,142,1,70,70,,3a192e4753d7608a7912d94f63b0806b4e296ccf0a3dcdfd4863d1eafbe43903
TRAIN_NEG_00316,train,random_5_30,15,15,,,0,0.0,False,142,1,0,0,,14c7e29bb5b668cacaf4488c95c6c3ae23af675dd29230a28ab44e23e7ef870e
TRAIN_NEG_00317,train,shuffled,54,54,ath00330,KEGG_Cellular,0,0.0,False,142,1,54,54,,1b08dd2066411099c0e315e9f79e479b2a32a60b089a22d75ed2d83431f0b97e
TRAIN_NEG_00318,train,partial_50_80,35,35,AC_PWY-5004,AraCyc_Misc,35,1.0,False,142,1,46,46,0.7608695652173914,b39ddd8b5f2004714bf243ee4e6382dcd69eca71bb0ac56c7006cb3e92d3290a
TRAIN_NEG_00319,train,cross_pathway,40,40,ath01040;AC_PWY-6803,KEGG_Lipid;AraCyc_Misc,40,1.0,False,142,1,81,81,,289a825460106b4e505af2e19b0837325b41817f706ebd9c2913eafed97420e6
TRAIN_NEG_00320,train,random_5_30,17,17,,,0,0.0,False,142,1,0,0,,2f3928b1f40ede819c24364a3c844ee0e969fc3140e1c9cb73d3b3f368cf4627
TRAIN_NEG_00321,train,shuffled,36,36,AC_PWYQT-4481,AraCyc_Misc,0,0.0,False,142,1,36,36,,d4b755503c42dab07c54d1b5ae0a8d711a9077be44f62234654751f6da72fac9
TRAIN_NEG_00322,train,partial_50_80,18,18,ath00770,KEGG_Cellular,18,1.0,False,142,1,34,34,0.5294117647058824,76bd9448dfc69b45c77029dc173078d881eb56e4448bc6cbb036bd8e113b6414
TRAIN_NEG_00323,train,cross_pathway,8,8,AC_PWY-7980;AC_PWY-6613,AraCyc_Misc;AraCyc_Cofactor,8,1.0,False,142,1,18,18,,93b5c55aa6a84dc52bf01580c58d24bdbcb83d6b1c88bd2f7b17b4929e12df01
TRAIN_NEG_00324,train,random_5_30,22,22,,,0,0.0,False,142,1,0,0,,525a989acb2adcda32036df9292b668a42dbc5456b07f34724c32e0af6eb4566
TRAIN_NEG_00325,train,shuffled,8,8,ath00531,KEGG_Lipid,0,0.0,False,142,1,8,8,,ef56528bbe4fcd488fecbd813c787b642d48aaa1fad8f6d596558a907f4278ae
TRAIN_NEG_00326,train,partial_50_80,25,25,ath00908,KEGG_Cellular,25,1.0,False,142,1,32,32,0.78125,b956de5f029a3bfcf5a7a42277801ac0545ff9449014201d2732b0a5032586ba
TRAIN_NEG_00327,train,cross_pathway,13,13,AC_SER-GLYSYN-PWY;AC_PWY-6612,AraCyc_Misc;AraCyc_Cofactor,13,1.0,False,142,1,28,28,,6fd4fa4a6a1abbe27cf12274bf0329b78cdc465771cccd306dc5eca45a8ef3e0
TRAIN_NEG_00328,train,random_5_30,21,21,,,0,0.0,False,142,1,0,0,,bebbfdddad35b994314d193ded757f3add70f570a0031551cf8d9e0aca828b70
TRAIN_NEG_00329,train,shuffled,13,13,AC_SER-GLYSYN-PWY,AraCyc_Misc,0,0.0,False,142,1,13,13,,ba505e83757bc2f9a6e4751abf741ad9374cd6793c6129458c5ed855b0b05bfe
TRAIN_NEG_00330,train,partial_50_80,12,12,AC_PWY-6786,AraCyc_Misc,12,1.0,False,142,1,16,16,0.75,1f6deed3e2360413a2ae9b9c58044d79b38dc8da084ac8334a59d049027ad393
TRAIN_NEG_00331,train,cross_pathway,44,44,AC_PWY-6803;AC_PWYQT-4475,AraCyc_Misc;AraCyc_AminoAcid,44,1.0,False,142,1,89,89,,7cddfc9b9bd7aa3626ff5d2d41c6f59dd18bdbfd8d612c58fb2f98f67bd0b73f
TRAIN_NEG_00332,train,random_5_30,12,12,,,0,0.0,False,142,1,0,0,,42854c1603e2054070643f56e860e03cd5f5a8de2fa786d20397952526e9413e
TRAIN_NEG_00333,train,shuffled,27,27,AC_PWY-1001,AraCyc_Carbohydrate,0,0.0,False,142,1,27,27,,4c770058e929e223e0f36e9a77ac27083a5b8596792ac2db844c682132e8676f
TRAIN_NEG_00334,train,partial_50_80,6,6,AC_PWY-4541,AraCyc_Lipid,6,1.0,False,142,1,8,8,0.75,4d717a33c2dec36ecb9d0591290d6e3919ca0183cc469d87178918583844a613
TRAIN_NEG_00335,train,cross_pathway,16,16,AC_ASPARAGINE-DEG1-PWY-1;AC_LEUSYN-PWY,AraCyc_Misc;AraCyc_Misc,16,1.0,True,142,1,32,32,,43d0510402b2604fc6fc9e079425b405406c3714e26fd28a6f8a04eaaf6e2371
TRAIN_NEG_00336,train,random_5_30,30,30,,,0,0.0,False,142,1,0,0,,cf51e76fb76ea1c64a46ccc277f4fdc0d988ce516630268cc4016f1c6145c623
TRAIN_NEG_00337,train,shuffled,7,7,ath00660,KEGG_Cellular,0,0.0,False,142,1,7,7,,13340a479196170dfa38e281cb7f5f91b4498b63ca53ddd33678c5b284bfcc9f
TRAIN_NEG_00338,train,partial_50_80,6,6,AC_PWY-4081,AraCyc_Misc,6,1.0,False,142,1,11,11,0.5454545454545454,5a73ccc225f8ba75ad0a65a23b8ed1c4492d2638603428e424e3e6ad09b6faae
TRAIN_NEG_00339,train,cross_pathway,9,9,AC_MANNOSYL-CHITO-DOLICHOL-BIOSYNTHESIS;AC_PWY-1741,AraCyc_Misc;AraCyc_Misc,9,1.0,True,142,1,19,19,,ff3904df9cf0bbca7b952695348f7c1559f0b8fc63d10caaea672b165a53704a
TRAIN_NEG_00340,train,random_5_30,10,10,,,0,0.0,False,142,1,0,0,,d13516e0eb4776c2e8e950a1d007e5c056b1207e69069733b115262f094f541e
TRAIN_NEG_00341,train,shuffled,5,5,AC_PWY-4702,AraCyc_Misc,0,0.0,False,142,1,5,5,,38564c89978dc4a53adb26e65235992d0ce58f8b4be49d0932cf6e35bec2bcb0
TRAIN_NEG_00342,train,partial_50_80,8,8,ath04122,KEGG_SignalTrans,8,1.0,False,142,1,13,13,0.6153846153846154,7c453f163209d9698bc4477a8a4e5270403ec0e3c1a488d641996817412684b3
TRAIN_NEG_00343,train,cross_pathway,7,7,ath04082;AC_PWY-5807,KEGG_SignalTrans;AraCyc_Misc,7,1.0,False,142,1,15,15,,bd2918e9e18bdc26d925bb48ec0c67e78ab558164321d5d72782940e707be26e
TRAIN_NEG_00344,train,random_5_30,21,21,,,0,0.0,False,142,1,0,0,,666642e8ba7d21c7132344b456b60b9d5833cebd14139df8a0c390d2a9b17fde
TRAIN_NEG_00345,train,shuffled,32,32,ath00310,KEGG_Cellular,0,0.0,False,142,1,32,32,,ed56ca3dbf8b7ab3044afc7ecb2575ea4c6b8d7b9738feda2f9f327a6a99fb79
TRAIN_NEG_00346,train,partial_50_80,31,31,AC_PWY-5156,AraCyc_Lipid,31,1.0,False,142,1,47,47,0.6595744680851063,ff7e646726415eeab81f37adf25ab673ca4a8b40d3e353fc7c6dade9423479f0
TRAIN_NEG_00347,train,cross_pathway,349,325,ath00970;AC_PWY-6117,KEGG_Cellular;AraCyc_Misc,349,1.0,False,142,1,700,662,,b997446c231648978639288c1d025fefbaccc62c74127e4fb13bbeae96df4f6a
TRAIN_NEG_00348,train,random_5_30,13,13,,,0,0.0,False,142,1,0,0,,b3e969ab707dd4860342c6b9cdab30775e682380b47e1c48d905585c883bf404
TRAIN_NEG_00349,train,shuffled,46,46,ath03460,KEGG_GeneticInfo,0,0.0,False,142,1,46,46,,15619af8bc49f59274bf3a36b108c9767410ce74ab3cce22f97ede06716ea9a3
TRAIN_NEG_00350,train,partial_50_80,8,8,AC_PWY-2021,AraCyc_Misc,8,1.0,False,142,1,12,12,0.6666666666666666,af1b0b3a13bc7edd7e8c8753a921a6709f3f7155e9cdfe3035551325f13b8d73
TRAIN_NEG_00351,train,cross_pathway,33,33,ath00130;AC_PWY-8157,KEGG_Metabolism;AraCyc_Misc,33,1.0,False,142,1,57,57,,d79815ec3e02d6c76328894951fbceaf4190cf960e0db9198a7de12132bd8aae
TRAIN_NEG_00352,train,random_5_30,10,10,,,0,0.0,False,142,1,0,0,,19d82e3b988e0a9d86a70b04e1c5ba77760c620389805f9bb54885c5c56918f8
TRAIN_NEG_00353,train,shuffled,35,35,ath04382,KEGG_SignalTrans,0,0.0,False,142,1,35,35,,ca4573291b52a44d3861f0ef259ba997de0b3c7803087ba40fe19fdbc450206a
TRAIN_NEG_00354,train,partial_50_80,64,64,ath00230,KEGG_Cellular,64,1.0,False,142,1,96,96,0.6666666666666666,3e1741d02e20d963f2cc24854cba511b1cff412b6e2fee640d3ef3308eadd452
TRAIN_NEG_00355,train,cross_pathway,52,52,AC_PWY-6842;AC_PWY-2821,AraCyc_Misc;AraCyc_Misc,52,1.0,True,142,1,98,97,,b286360756b4a91f7139dbf5e489f5f54a6d3b7b3a4672af57de1bc9646175db
TRAIN_NEG_00356,train,random_5_30,18,18,,,0,0.0,False,142,1,0,0,,60bf3e9bbfea715f4281f5d6b6579aa24a620278f04650501ee6df060667f821
TRAIN_NEG_00357,train,shuffled,5,5,AC_GLYSYN-ALA-PWY,AraCyc_Misc,0,0.0,False,142,1,5,5,,261863d77eee35936741421d0158381202b3cf9c97408f9a9041b220eb38599d
TRAIN_NEG_00358,train,partial_50_80,6,6,AC_PWY-4321,AraCyc_Misc,6,1.0,False,142,1,9,9,0.6666666666666666,a41439943ea2c9191ffe95926062924985e585bcdc6f0593312eb8bf13319f26
TRAIN_NEG_00359,train,cross_pathway,112,112,ath00905;ath04626,KEGG_Cellular;KEGG_SignalTrans,112,1.0,False,142,1,225,225,,3139606c99c4a2afd0556817acc3371e3fc2024c15a7818f8f84ae97f7e24ff2
TRAIN_NEG_00360,train,random_5_30,21,21,,,0,0.0,False,142,1,0,0,,367bfd559f369fe1cac0f02dcaf597639d3ddecd88eed0ec6ec22410757657f1
TRAIN_NEG_00361,train,shuffled,5,5,AC_PWY-5859,AraCyc_Misc,0,0.0,False,142,1,5,5,,395cdc492e9069d0e0b5635e36ea3b6c6c4ae3b4e3e68a5348be40218bf69ac7
TRAIN_NEG_00362,train,partial_50_80,5,5,AC_PWY-8011,AraCyc_Misc,5,1.0,False,142,1,7,7,0.7142857142857143,cc55832401550473b39005f96b1383d468b3c4554f581fa8e08fc7a1320775cb
TRAIN_NEG_00363,train,cross_pathway,34,34,ath04382;AC_PWY-3801,KEGG_SignalTrans;AraCyc_Carbohydrate,34,1.0,False,142,1,70,70,,85ac855cccbe2b17f558f34b914e15f6c13ced07413048c6ab07cb72b8ead1ae
TRAIN_NEG_00364,train,random_5_30,29,29,,,0,0.0,False,142,1,0,0,,6206ece0b8a3d3cf91464824b07ad91567d50108ec1bc081bd135873fd7d9adc
TRAIN_NEG_00365,train,shuffled,42,42,ath00670,KEGG_Metabolism,0,0.0,False,142,1,42,42,,4f767d65af1e2ecc95e47251571e1fa18bd075007ae2b58a4b5a6ee38db24775
TRAIN_NEG_00366,train,partial_50_80,28,28,ath00330,KEGG_Cellular,28,1.0,False,142,1,54,54,0.5185185185185185,bd4286d3f26f9bdc7b7cd760e51d6462287813b39f29d83bae81aceb3bcacc94
TRAIN_NEG_00367,train,cross_pathway,44,43,AC_PWY-6118;AC_PWY-6842,AraCyc_Misc;AraCyc_Misc,44,1.0,True,142,1,89,88,,972626eae9846e787a06a3defbd430d5b3bc6833fec4a4aee7b60d986eb01982
TRAIN_NEG_00368,train,random_5_30,21,21,,,0,0.0,False,142,1,0,0,,89831ee08b643e22fb1d268e48c863175bd60a5b139c0d6857f4df8981d71125
TRAIN_NEG_00369,train,shuffled,36,36,AC_PWYQT-4481,AraCyc_Misc,0,0.0,False,142,1,36,36,,4b6bfd1c7eec0a40f4aff5c7f77cf20ada375279b1ee1aef37a07294872ac148
TRAIN_NEG_00370,train,partial_50_80,8,8,AC_PWY-6556,AraCyc_Nucleotide,8,1.0,False,142,1,10,10,0.8,5d0c49c3e3bf9aecdffe65053afa2f718cc809ae25a719c1ff9afa958f86511a
TRAIN_NEG_00371,train,cross_pathway,26,26,AC_PWY-5690;AC_PWY-5320,AraCyc_Misc;AraCyc_Misc,26,1.0,True,142,1,53,53,,bf873b0f2b1438fbe08f4d08878fa4e1cf3833d5e76cdf39efe309ebf19c4b72
TRAIN_NEG_00372,train,random_5_30,30,30,,,0,0.0,False,142,1,0,0,,5488bdb52dc5e06578e7b3e9502360c0f7c37666673e23e28fe361f3c7c7e4f5
TRAIN_NEG_00373,train,shuffled,16,16,AC_PWY18C3-24,AraCyc_Misc,0,0.0,False,142,1,16,16,,d9d3878797dda7f7ff482568bfc9e56f158418352103b4748007002e9bf8455c
TRAIN_NEG_00374,train,partial_50_80,5,5,AC_HEME-BIOSYNTHESIS-II,AraCyc_Misc,5,1.0,False,142,1,9,9,0.5555555555555556,b6a739b35e894386be4b26dbda858d7c63d4772b8810813fad455f3a0323aab5
TRAIN_NEG_00375,train,cross_pathway,10,10,AC_PWY4FS-3;AC_RIBOSYN2-PWY,AraCyc_Misc;AraCyc_Misc,10,1.0,True,142,1,21,21,,364e6d752daf046e9718a72a00d35a1c8e97e1d2bf8393df005da678733f7668
TRAIN_NEG_00376,train,random_5_30,23,23,,,0,0.0,False,142,1,0,0,,d138ffa5ff8e80189dcd2d2ec5e53c079bcb1bf2c3ffc61122617e90809a39f7
TRAIN_NEG_00377,train,shuffled,27,27,AC_PWY-5980,AraCyc_Misc,0,0.0,False,142,1,27,27,,ea358411f0f8d2bfed53c12776e72eab5a941c7e47ca0edf4aee758c1a3e3632
TRAIN_NEG_00378,train,partial_50_80,27,27,ath00100,KEGG_Metabolism,27,1.0,False,142,1,36,36,0.75,e7cdc25d89608bb90f7a91d36fc606bca65bd6d0fc179724e45b84fe086acedb
TRAIN_NEG_00379,train,cross_pathway,14,14,AC_PWY-5044;AC_HOMOSERSYN-PWY,AraCyc_Nucleotide;AraCyc_Misc,14,1.0,False,142,1,29,29,,4b857f34df2f96b7e83f108ebfde497d6ae60d02117e0989d734004030e8315f
TRAIN_NEG_00380,train,random_5_30,9,9,,,0,0.0,False,142,1,0,0,,33c054b45033559665c7b29b675320b16479c941aad3bdacc6284c609fe02b56
TRAIN_NEG_00381,train,shuffled,11,11,AC_PWY-5864,AraCyc_Misc,0,0.0,False,142,1,11,11,,9d31e80daf83d0c505dc9c4d9eb919a75d4498f392c926bb4ad3f29c7638a1d5
TRAIN_NEG_00382,train,partial_50_80,15,15,AC_PWY-7211,AraCyc_Nucleotide,15,1.0,False,142,1,22,22,0.6818181818181818,7ff05170813372ee2c0f18097a9c4b68eba07e08adccbbacf9ed964d0e9b34d2
TRAIN_NEG_00383,train,cross_pathway,18,18,AC_PWY-5320;AC_PWY-5918,AraCyc_Misc;AraCyc_Misc,18,1.0,True,142,1,36,36,,364e99f165e43892509f8085099c8c8e7b5b9ad1d675831bc7908fa65a3c2309
TRAIN_NEG_00384,train,random_5_30,8,8,,,0,0.0,False,142,1,0,0,,2ed6977aaaccccb8ef2a58ba2b8d6690109146ed880c42709875f5d8eb408d58
TRAIN_NEG_00385,train,shuffled,22,22,ath00196,KEGG_Metabolism,0,0.0,False,142,1,22,22,,575bead61d0f499ecbe6fd08f97e40e578507cb3e4149f5480919e0af3e3f2c4
TRAIN_NEG_00386,train,partial_50_80,10,10,AC_ARGSYNBSUB-PWY,AraCyc_AminoAcid,10,1.0,False,142,1,13,13,0.7692307692307693,f5e90a6ea8037c0e7c86e75a008e99e7ffe53842f1c3aea1bbfec876de2e8866
TRAIN_NEG_00387,train,cross_pathway,15,15,AC_PWY-6663;AC_PWY-5044,AraCyc_Lipid;AraCyc_Nucleotide,15,1.0,False,142,1,31,31,,e013716ce22f61f9b7ab1b3c61a1b36792b90c352cbeadf1adc4d56f9a548a42
TRAIN_NEG_00388,train,random_5_30,21,21,,,0,0.0,False,142,1,0,0,,32e038b45312354b914e6d92598ab007051a74eda9a74b637886e33d19c01c72
TRAIN_NEG_00389,train,shuffled,6,6,AC_PWY-6622,AraCyc_Misc,0,0.0,False,142,1,6,6,,17579e7fd355bd158774c7257775b42fc50b52f59d2211d21d9030704e6ed683
TRAIN_NEG_00390,train,partial_50_80,6,6,ath00945,KEGG_Cellular,6,1.0,False,142,1,9,9,0.6666666666666666,47e0864e581e59874cf4d365e3267e97cc82f4a0ebe549990bc1ac881067f575
TRAIN_NEG_00391,train,cross_pathway,11,11,AC_PWY-8024;AC_PWY-7176,AraCyc_Misc;AraCyc_Misc,11,1.0,True,142,1,23,23,,25479334b2a11c388d1d292c5d2eecf36a507347e365c9dbaf40841dea414c9b
TRAIN_NEG_00392,train,random_5_30,15,15,,,0,0.0,False,142,1,0,0,,692bdb6f3766e854f7dfd3fd5638ab1f4cd7cc89e931f1749c665e5de399c9b0
TRAIN_NEG_00393,train,shuffled,40,40,ath04981,KEGG_SignalTrans,0,0.0,False,142,1,40,40,,39f7994e5136d01e554c5fd08e3ea2b23292c4d4b62842b8f1524cf1c5a7f9ef
TRAIN_NEG_00394,train,partial_50_80,8,8,AC_PYRUVDEHYD-PWY,AraCyc_Misc,8,1.0,False,142,1,16,16,0.5,6f7e55e744ee89bfbbae334047505ccb68ffce1b4c20139cd4a9fba50c580f22
TRAIN_NEG_00395,train,cross_pathway,17,17,AC_PWY-6367;AC_PWY-7039,AraCyc_Misc;AraCyc_Misc,17,1.0,True,142,1,29,29,,06826ef59a1b6a69a94a4372f6823f3d3ab1885026001f500f3b0120bdaafcd5
TRAIN_NEG_00396,train,random_5_30,18,18,,,0,0.0,False,142,1,0,0,,3724b6893e99c697b5d2c05a62899d7c1037f01a3760a4397de88d8e82461edb
TRAIN_NEG_00397,train,shuffled,17,17,AC_PWYQT-4449,AraCyc_Misc,0,0.0,False,142,1,17,17,,1ba2a027535a2ac435854d1c4255d8a5d890811ea9b502f8c827e47bf7122c06
TRAIN_NEG_00398,train,partial_50_80,14,14,AC_PWY-5918,AraCyc_Misc,14,1.0,False,142,1,18,18,0.7777777777777778,ebb9b445d394f61d146c4281e1e0b251bf7c41f48e6cfa1b77610470a47254c2
TRAIN_NEG_00399,train,cross_pathway,5,5,AC_PWY-2582;AC_LYSINE-DEG2-PWY,AraCyc_Misc;AraCyc_AminoAcid,5,1.0,False,142,1,12,12,,58bff104d91c9395ee6763b0df83001f78a5a493ae1b0a7ef553607bb0600446
TRAIN_NEG_00400,train,random_5_30,8,8,,,0,0.0,False,142,1,0,0,,387c2c2ecf1457bbcd8a39bc310c4dca52218376ee5652c04e2b91921e9ce136
TRAIN_NEG_00401,train,shuffled,17,17,AC_PWY-1782,AraCyc_Misc,0,0.0,False,142,1,17,17,,a306df4967fa67cd8e62924016f9b47fddb349603d7d843a47388e0ae555e82f
TRAIN_NEG_00402,train,partial_50_80,7,7,AC_PWY18C3-22,AraCyc_Misc,7,1.0,False,142,1,9,9,0.7777777777777778,715aea7690e1e4b12de71775ace5a6f86a2e004ba5f8cbbc2f3f2045bc7e8f1e
TRAIN_NEG_00403,train,cross_pathway,9,9,AC_PWY18C3-22;AC_PWY-6556,AraCyc_Misc;AraCyc_Nucleotide,9,1.0,False,142,1,19,19,,d3aedcdc66c00f56206cbad305d9d626d66dd66a322c5f2b518e31229a73fa38
TRAIN_NEG_00404,train,random_5_30,13,13,,,0,0.0,False,142,1,0,0,,4bc7892712f9cbfa88670b517b0ce17e99dd5ab7f527db37e236afb3f3fed894
TRAIN_NEG_00405,train,shuffled,20,20,AC_PWY-2821,AraCyc_Misc,0,0.0,False,142,1,20,20,,58e81b78fb5bb666fb9bf4219cbe7fde49f981b13221ed2f4a26fd03c6a27ab6
TRAIN_NEG_00406,train,partial_50_80,11,11,AC_PWY-5120,AraCyc_Misc,11,1.0,False,142,1,16,16,0.6875,b9cd21f6205845fe779c9c51241af80f39b9c300b90590a52ce8538da2bc82cd
TRAIN_NEG_00407,train,cross_pathway,17,17,AC_PWY-3101;AC_PWY-2821,AraCyc_Misc;AraCyc_Misc,17,1.0,True,142,1,34,34,,fb78cc4f7c5a3f75edc31f80802320b8e5b1130bb976712caf8e7a1ea4e6a523
TRAIN_NEG_00408,train,random_5_30,30,30,,,0,0.0,False,142,1,0,0,,0d24fac20cfce2dd1e252132201172a4d1d6f32f335840fa3d328abaa34ac601
TEST_NEG_00000,test,random_5_30,15,15,,,0,0.0,False,242,1,0,0,,7033e8965d4865520e5ef0cfe09e8bbfe8aef79e5ba63e0f69bd4201d68566bf
TEST_NEG_00001,test,shuffled,5,5,ath00440,KEGG_Cellular,0,0.0,False,242,1,5,5,,210fcbcdad994795cb241fdc5f477a357e8392eb135e4d618162877d512769dd
TEST_NEG_00002,test,partial_50_80,162,162,ath01230,KEGG_Cellular,162,1.0,False,242,1,242,242,0.6694214876033058,2d872267ac9dda7906f5095415780a4722dd9889e4e403e2e6603d28b2f75aa8
TEST_NEG_00003,test,cross_pathway,43,43,ath00440;ath04814,KEGG_Cellular;KEGG_SignalTrans,43,1.0,False,242,1,87,87,,2593c9d489533fcc1542ea531977628ea1b338113204a95fe8531a0bdd0fa726
TEST_NEG_00004,test,random_5_30,22,22,,,0,0.0,False,242,1,0,0,,ea11156d32ffe320ed437a962a0e46dda02963d79a97db70b752eb57c464ec2b
TEST_NEG_00005,test,shuffled,35,35,ath00600,KEGG_Lipid,0,0.0,False,242,1,35,35,,98114f5594df9bde5c451240ff62aa793381dc7da96ea3b939b41aa964f1705f
TEST_NEG_00006,test,partial_50_80,18,18,ath00541,KEGG_Lipid,18,1.0,False,242,1,30,30,0.6,773949861f3efc7c573d1eb3d0c468af7460fcb23d5c83782a3fa99402b62c01
TEST_NEG_00007,test,cross_pathway,33,33,AC_PWY-2261;ath04148,AraCyc_Misc;KEGG_SignalTrans,33,1.0,False,242,1,68,68,,b5f111f3256b9f7a5dafb9f713140750328ab2112ad8dc63e0bc4ca91d7daacc
TEST_NEG_00008,test,random_5_30,28,28,,,0,0.0,False,242,1,0,0,,09d0e1f277987c2438f3da88e9801f29b6dc3e4e341152144668d8d0e081cc30
TEST_NEG_00009,test,shuffled,14,14,AC_PWY-7185,AraCyc_Misc,0,0.0,False,242,1,14,14,,66bfccaf602e772b4cd78639b85380b9f918a352af9bf359cba6003e8033c93b
TEST_NEG_00010,test,partial_50_80,36,36,ath00250,KEGG_Cellular,36,1.0,False,242,1,51,51,0.7058823529411765,9736dd5845f66c28df063f74e465f7d39521cfbcc3f2ca230e9944998afa21fe
TEST_NEG_00011,test,cross_pathway,18,18,AC_PWY-5659;AC_PWY-3001,AraCyc_Carbohydrate;AraCyc_Misc,18,1.0,False,242,1,37,37,,35e924ae92dec12f25fec24acd73de0a4ed1ed7497da228536c6e9f470dd7010
TEST_NEG_00012,test,random_5_30,6,6,,,0,0.0,False,242,1,0,0,,1ca6ca1b95896d31e61d5faac8907d7a60e3f1cd0dd0127078468c63b9418286
TEST_NEG_00013,test,shuffled,14,14,AC_PWY-7048,AraCyc_Misc,0,0.0,False,242,1,14,14,,06d5b7cfe47c0fc19992e1078adc3f97cd16d5b1205a118b5d993e2090e538b2
TEST_NEG_00014,test,partial_50_80,10,10,AC_PWY-735,AraCyc_Misc,10,1.0,False,242,1,17,17,0.5882352941176471,4efac218f8a59d842be98be1ec6ad395ba956a40cbecedede8e8f451838779d6
TEST_NEG_00015,test,cross_pathway,10,10,AC_PWY-4661;AC_PWY-6754,AraCyc_Misc;AraCyc_Misc,10,1.0,True,242,1,20,20,,fb31ba8b7ecaaa993c319896b2ea1048cf98480493366b53c371d7905945f533
TEST_NEG_00016,test,random_5_30,24,24,,,0,0.0,False,242,1,0,0,,064c495f28d8ead31ecdb56e6b927de3b67ce2914a9f49a1ab54887550da86a2
TEST_NEG_00017,test,shuffled,12,12,AC_PWY-5659,AraCyc_Carbohydrate,0,0.0,False,242,1,12,12,,ac9a150efa88a087ea29639109cdb6f208c7821f0658b157e74bd73f5146f140
TEST_NEG_00018,test,partial_50_80,7,7,AC_PWY-4562,AraCyc_Lipid,7,1.0,False,242,1,12,12,0.5833333333333334,c6f259cc33feea426291a12f94b270aa5e63f1398238627654a204048f972c76
TEST_NEG_00019,test,cross_pathway,20,20,AC_PWY-6444;ath00600,AraCyc_Misc;KEGG_Lipid,20,1.0,False,242,1,41,41,,f8f9c1e3f8929a38cb96fd482171704fde714ab20696069078ea51dec92cc3b6
TEST_NEG_00020,test,random_5_30,17,17,,,0,0.0,False,242,1,0,0,,d614bb5257f34236210f25faae3c4658838deeed9417efc1993b3b733e27f3d1
TEST_NEG_00021,test,shuffled,32,32,AC_PWY-7200,AraCyc_Nucleotide,0,0.0,False,242,1,32,32,,80071251316f72ae77b5f029be46fd5a62725222efa162f019d560a2dd28d429
TEST_NEG_00022,test,partial_50_80,15,15,ath00909,KEGG_Cellular,15,1.0,False,242,1,23,23,0.6521739130434783,a4520dff1c9648066fbb295e2d05632d5a6a58c14f480f1dbe8873f833c7f939
TEST_NEG_00023,test,cross_pathway,49,49,ath00600;ath00380,KEGG_Lipid;KEGG_Cellular,49,1.0,False,242,1,99,99,,50466a60ee8dd25824f37a0b7a622886407d6903339989aaa8ec7f58c5835c3c
TEST_NEG_00024,test,random_5_30,30,30,,,0,0.0,False,242,1,0,0,,97a37234d914e934a3adfc952d7cfe002d3d04fcc296d394478892f3b8450ded
TEST_NEG_00025,test,shuffled,16,16,AC_PWY-102,AraCyc_Misc,1,0.0625,False,242,1,16,16,,9907dd2a5b48234f7be9f0c0718289ea8246daf1a66d2ed31f0641a719de36e8
TEST_NEG_00026,test,partial_50_80,16,16,AC_DETOX1-PWY-1,AraCyc_Misc,16,1.0,False,242,1,20,20,0.8,6140270e15b761db0e8338567418964506a8ec9fc687400f6c13aa4dea2ab358
TEST_NEG_00027,test,cross_pathway,35,35,AC_PWY-7047;ath00051,AraCyc_Misc;KEGG_Cellular,35,1.0,False,242,1,71,71,,768bfb135ffc279eebd262368b16f57243cc231da53e6b63b3d6b7cb1b14b22f
TEST_NEG_00028,test,random_5_30,26,26,,,0,0.0,False,242,1,0,0,,a62e66b0357049bc5dd08783f63ca4fc417c73ce8e7102e5ed75cbee7300af5e
TEST_NEG_00029,test,shuffled,51,51,ath00250,KEGG_Cellular,0,0.0,False,242,1,51,51,,d39c2090f3969dd960f7dfb1aaf65580e48fc06337dfff9c5da28317c85305fa
TEST_NEG_00030,test,partial_50_80,30,29,ath00061,KEGG_Lipid,30,1.0,False,242,1,43,42,0.6976744186046512,e6b1c3f44b7827556cdb3dfa1a7985846a85c3e15a66cae9559e01fb02d58b85
TEST_NEG_00031,test,cross_pathway,11,11,AC_NONOXIPENT-PWY;AC_PWY-7204,AraCyc_Misc;AraCyc_Cofactor,11,1.0,False,242,1,22,22,,75616d4177d63cab6fcb06f09aefe0320fd70daf9901d1c8d08d6b3db2c7cf34
TEST_NEG_00032,test,random_5_30,24,24,,,0,0.0,False,242,1,0,0,,b61367482332d3e1223b2e5458062d2a075e51e5dd686e63e77de59e1fde640d
TEST_NEG_00033,test,shuffled,10,10,AC_NONMEVIPP-PWY,AraCyc_Misc,0,0.0,False,242,1,10,10,,aca67e540961f4bc8d11c235cab724687da085a05f343a802099809a480f5f2c
TEST_NEG_00034,test,partial_50_80,38,38,ath00051,KEGG_Cellular,38,1.0,False,242,1,62,62,0.6129032258064516,1ccaa12b62deb88b6d0e4eaab473c3deeb5f7f3272c081718a0abf5f779ef0af
TEST_NEG_00035,test,cross_pathway,15,15,AC_DETOX1-PWY-1;AC_PWY-7343,AraCyc_Misc;AraCyc_Carbohydrate,15,1.0,False,242,1,30,30,,69538bebf5f3b6aa7860299d64169e700c89c65385853b203bfb43c38dc3ea36
TEST_NEG_00036,test,random_5_30,11,11,,,0,0.0,False,242,1,0,0,,c83ff43113972bcf749534c1a8aee069a82c3987841167f1e400e4f5e050e93d
TEST_NEG_00037,test,shuffled,20,20,AC_DETOX1-PWY-1,AraCyc_Misc,0,0.0,False,242,1,20,20,,030a9bda581f4f5093e460c2f4d66f8fac6a11840d66518da793ad75e269de62
TEST_NEG_00038,test,partial_50_80,10,10,AC_PWY-622,AraCyc_Carbohydrate,10,1.0,False,242,1,20,20,0.5,af011e7f5782317e1afddde610eea29dad0bfeb36d741f32364dcb1a4d91c9da
TEST_NEG_00039,test,cross_pathway,13,13,AC_PWY-6012;AC_PWY-102,AraCyc_Misc;AraCyc_Misc,13,1.0,True,242,1,26,26,,e7a0d1f7e86391a6985833060f240502108f79d80e895d93a6bf8c9cfd5b785f
TEST_NEG_00040,test,random_5_30,15,15,,,0,0.0,False,242,1,0,0,,da0a3d4315204eb1007e464a5603174dc8229b9e88dc9c5fad7c294c510f0363
TEST_NEG_00041,test,shuffled,5,5,ath00440,KEGG_Cellular,0,0.0,False,242,1,5,5,,31857f66672baa170800dc9e5d8f4f2f1b8f568b7cf7f7d1ac2e7591bf3c8b12
TEST_NEG_00042,test,partial_50_80,6,6,AC_PWY-641,AraCyc_Misc,6,1.0,False,242,1,9,9,0.6666666666666666,30672f811b83e6f4546bb5485489861b7a2d345422a1e53bc8c7d7f112aa25e1
TEST_NEG_00043,test,cross_pathway,10,10,AC_PWY0-1608;AC_PWY-3561,AraCyc_Misc;AraCyc_Misc,10,1.0,True,242,1,22,22,,83bbf40f56979eda9973bfe81257f1bc615c3fe30cbde08c92a686db0bdbe291
TEST_NEG_00044,test,random_5_30,20,20,,,0,0.0,False,242,1,0,0,,a5396f55e4e56a4e86e6efe2cf6d5814a8fa56814d6a45240ac33b5db1561d60
TEST_NEG_00045,test,shuffled,76,76,ath00195,KEGG_Metabolism,0,0.0,False,242,1,76,46,,e0c9e20fd3eabd1c9c9ba27863db6f416c4a86000282929ce2eea007c6ebfd77
TEST_NEG_00046,test,partial_50_80,12,12,ath00950,KEGG_Cellular,12,1.0,False,242,2,22,22,0.5454545454545454,21782476690ada92835caa99b4a94790aff49952bfc750e79feee8033ed2228c
TEST_NEG_00047,test,cross_pathway,124,124,ath01230;AC_PWY-5366,KEGG_Cellular;AraCyc_Misc,124,1.0,False,242,1,248,248,,6f0d113810b1ee36fd8f619e971e254aff47ff7624a4db2c3b3af0425b058ddd
TEST_NEG_00048,test,random_5_30,16,16,,,0,0.0,False,242,1,0,0,,0c32054f93c7e2d37ece61addccce9f446fa2edf0310cf58a87fe74ce19b2a10
TEST_NEG_00049,test,shuffled,21,21,ath00730,KEGG_Cellular,0,0.0,False,242,1,21,21,,c47a1a64735e30712069f51dec8bd8595a373d72b2577201c6892e2703cfae63
TEST_NEG_00050,test,partial_50_80,60,60,ath04146,KEGG_SignalTrans,60,1.0,False,242,1,90,90,0.6666666666666666,9f2766d3db6a97063a01788423c0b3feb58d0ea5a2ba631bcb8ae8bd06dfef84
TEST_NEG_00051,test,cross_pathway,40,40,ath00561;AC_PWY-6837,KEGG_Lipid;AraCyc_Lipid,40,1.0,False,242,1,81,81,,b9a3f1da80f44f1fb7bf0058821a5126ab7de95d767107a6e7e1f8c1d409d2be
TEST_NEG_00052,test,random_5_30,19,19,,,0,0.0,False,242,1,0,0,,7c5dffa4ca5ccc8e9a0e08c3080e71802f89d895e295a81b5e8fc1e58ad01cd3
TEST_NEG_00053,test,shuffled,16,16,AC_PWY-102,AraCyc_Misc,0,0.0,False,242,1,16,16,,a41ca9b77fe9ceac09d5a89005bb08d78417546853338c14762156ecba919ad8
TEST_NEG_00054,test,partial_50_80,6,6,AC_PWY-4361,AraCyc_Misc,6,1.0,False,242,1,8,8,0.75,aae195f9264eb3fac25b207515adce1cc294586376f7797caadf1397f4ca4519
TEST_NEG_00055,test,cross_pathway,31,31,AC_PWY-641;ath03022,AraCyc_Misc;KEGG_GeneticInfo,31,1.0,False,242,1,64,64,,684ddd7410522f7f4e15468df538141ee35ce40367b5557512515c617b0a9c0d
TEST_NEG_00056,test,random_5_30,17,17,,,0,0.0,False,242,1,0,0,,67c02cb880e382aa3d8d75bc21c3b62575a1d42188a15f7485a838c72dc05b23
TEST_NEG_00057,test,shuffled,24,24,AC_PWY-3841,AraCyc_Cofactor,0,0.0,False,242,1,24,24,,8d00740df17d55227537789b90367d3ee8046adf073695626b1564e1ac52e7fc
TEST_NEG_00058,test,partial_50_80,7,7,AC_PWY-7185,AraCyc_Misc,7,1.0,False,242,1,14,14,0.5,68121cddd8b1cb50772c7dd3627b62d7742286965c3772d32bbd60876065a72f
TEST_NEG_00059,test,cross_pathway,6,6,ath00440;AC_PWY-6014,KEGG_Cellular;AraCyc_Misc,6,1.0,False,242,1,13,13,,f7d1600a75e891897e39d43007714e85aa2b6a420024888f8b671bb823e2dcba
TEST_NEG_00060,test,random_5_30,22,22,,,0,0.0,False,242,1,0,0,,727e755d685c45e3e8b252c47463386f2a3af8b8a11f9d779659be78b8a368b3
TEST_NEG_00061,test,shuffled,31,31,AC_CAMALEXIN-SYN,AraCyc_Misc,0,0.0,False,242,1,31,31,,d957b25f3c77e68044a29da1ef05933c7cde1089875206c256e7a77054edd1ae
TEST_NEG_00062,test,partial_50_80,67,67,ath04146,KEGG_SignalTrans,67,1.0,False,242,1,90,90,0.7444444444444445,1855ef179dafd75a3935b883f797a45d85145829c157e772ec92258fdde17928
TEST_NEG_00063,test,cross_pathway,12,12,AC_PWY-6012;AC_VALDEG-PWY,AraCyc_Misc;AraCyc_Misc,12,1.0,True,242,1,24,24,,b009bd6cc7d9a1fd9f901f633c4b586c3b195ec23a107b1ae023d9abc6270113
TEST_NEG_00064,test,random_5_30,25,25,,,0,0.0,False,242,1,0,0,,dec1185532842ad8e676e82d0e4fc307cd3a7cfddbe7e97fd386961c146df468
TEST_NEG_00065,test,shuffled,5,5,AC_PWY0-662,AraCyc_Misc,0,0.0,False,242,1,5,5,,13745663b2dbeddafecd9bf6c4a5bcec9d7e5dc9b4d515e138a2d2b87c66813b
TEST_NEG_00066,test,partial_50_80,6,6,AC_DETOX1-PWY,AraCyc_Misc,6,1.0,False,242,1,11,11,0.5454545454545454,a00dd59c6dd579a78110c857c8cd7f7aa6470a9d56871dde6699627aa78643f3
TEST_NEG_00067,test,cross_pathway,14,14,ath00650;AC_PWY-5079,KEGG_Cellular;AraCyc_Misc,14,1.0,False,242,1,29,29,,f99f01fffdf9a3eb72442de8ebfc34b3d4f7406b71d81e1c8718508e700ae70e
TEST_NEG_00068,test,random_5_30,18,18,,,0,0.0,False,242,1,0,0,,f52a00d96c3db6e1cf3e4fb0f5309a69bcd1590b6e7e5e6e7eb7f6882d763a0f
TEST_NEG_00069,test,shuffled,34,34,AC_PWY-6348,AraCyc_Misc,0,0.0,False,242,1,34,34,,b9311d8ec18ef4aa611598f1327c0473bcccfae33ec9dce3c5c4c2234d1886b1
TEST_NEG_00070,test,partial_50_80,30,30,AC_PHOTOALL-PWY,AraCyc_Misc,30,1.0,False,242,1,53,53,0.5660377358490566,5de384aefe016d40114dc5d251b2c7fff2cf9b9c92485e2cc05ae98dfc1f2374
TEST_NEG_00071,test,cross_pathway,32,32,AC_PWY-7177;AC_PHOTOALL-PWY,AraCyc_Misc;AraCyc_Misc,32,1.0,True,242,1,65,65,,c0ae7dc4c6073d106f3778fffd76279f88586366047da7e3ba569e25ea430fb0
TEST_NEG_00072,test,random_5_30,20,20,,,0,0.0,False,242,1,0,0,,587b1bca2147a5c222f8d9dfa98591512cd05745418b452aeea178e27a7b7d17
TEST_NEG_00073,test,shuffled,87,87,ath04145,KEGG_SignalTrans,0,0.0,False,242,1,87,87,,743b2bc3dfdd39533532de71a1f848d1e627406af378b210697f861f31c127da
TEST_NEG_00074,test,partial_50_80,54,54,ath01210,KEGG_Cellular,54,1.0,False,242,1,103,103,0.5242718446601942,27f26ad49c70f5c40f33af4b6eae087af848418400a9d01fa18b6cfcd634f3e7
TEST_NEG_00075,test,cross_pathway,14,14,ath00909;AC_PWY66-367,KEGG_Cellular;AraCyc_Misc,14,1.0,False,242,1,29,29,,9b51b90ddf9276944915af4f86d89933073913c2a1731af2f16f402350e979e8
TEST_NEG_00076,test,random_5_30,13,13,,,0,0.0,False,242,1,0,0,,3d049c833abc618e99e80e7eb48417b37d72a9ec42d7fa08fb3c0f5a5cad914b
TEST_NEG_00077,test,shuffled,5,5,AC_PWY0-662,AraCyc_Misc,0,0.0,False,242,1,5,5,,2a71f56327ee479163fd4bfabb3aeedef4e1f29d269e0697eeeeace4d6c5ea69
TEST_NEG_00078,test,partial_50_80,48,31,ath00195,KEGG_Metabolism,48,1.0,False,242,1,76,46,0.631578947368421,ed5df4385c34ad2c23929fe9dbcae8cc3adcbd4369811d066a22d737e8feab04
TEST_NEG_00079,test,cross_pathway,12,12,AC_PWY-2261;AC_PWY0-1608,AraCyc_Misc;AraCyc_Misc,12,1.0,True,242,1,26,26,,06b3a8e18be296df27468ac8ddffe9bed264f5977d4be3085b4549b120c3a6e2
TEST_NEG_00080,test,random_5_30,20,20,,,0,0.0,False,242,1,0,0,,49272de71b943e86b2bf70f88ee6cc43ba54eb89cb96560f9d2d2ebc83e5100e
TEST_NEG_00081,test,shuffled,44,44,AC_LIPAS-PWY,AraCyc_Misc,0,0.0,False,242,1,44,44,,c0d808c09f7e16da07dafe222efe8d3356898d0c181fb182d0e244fab48fd5dd
TEST_NEG_00082,test,partial_50_80,8,8,AC_PWY-7343,AraCyc_Carbohydrate,8,1.0,False,242,1,10,10,0.8,48b0c4701a62ae342cc8de55930cbf38cf31c26a6ea41e5d8067962d2de5214e
TEST_NEG_00083,test,cross_pathway,59,43,ath00195;ath00640,KEGG_Metabolism;KEGG_Cellular,59,1.0,False,242,1,118,87,,6f9787868f05a1839dc694489e8dfc4c83ca48118f97d19c764dd4609cb668d7
TEST_NEG_00084,test,random_5_30,27,27,,,0,0.0,False,242,1,0,0,,25cccc217d7ba739cef65fce602808d7bb45f2a0f10d54f4d135370e9f331c32
TEST_NEG_00085,test,shuffled,90,90,ath04146,KEGG_SignalTrans,0,0.0,False,242,1,90,90,,7e792adda86d6e20206e82f9ddf0fc92e21efd74d1a22dbe412b44806151bbec
TEST_NEG_00086,test,partial_50_80,19,19,AC_PWY-6348,AraCyc_Misc,19,1.0,False,242,1,34,34,0.5588235294117647,7f11ff4aca6417188c20b5fe757dbaf95538a232528d3be92d3970b1f8e260eb
TEST_NEG_00087,test,cross_pathway,22,22,AC_DETOX1-PWY;ath00600,AraCyc_Misc;KEGG_Lipid,22,1.0,False,242,1,46,46,,34100358c2ebbcb546d9fba18c3c547bd2e69664406b15f055b6dead4513cf7e
TEST_NEG_00088,test,random_5_30,15,15,,,0,0.0,False,242,1,0,0,,0a873d8264c47719c1bd63606ec8cd7ed640baafbd63428dcbec924f3654229f
TEST_NEG_00089,test,shuffled,26,26,AC_PENTOSE-P-PWY,AraCyc_Misc,0,0.0,False,242,1,26,26,,aff39e903466ada2814c6216087c5384a6ceb6869b18230e7fe9a5204fc8e6d5
TEST_NEG_00090,test,partial_50_80,24,24,AC_PWY-5723,AraCyc_Misc,24,1.0,False,242,1,36,36,0.6666666666666666,b293ed916098990a6250d51d56d6cda414498fd1b8f2faa0124c69eca4146f9f
TEST_NEG_00091,test,cross_pathway,19,19,AC_PWY-7343;ath00563,AraCyc_Carbohydrate;KEGG_Lipid,19,1.0,False,242,1,39,39,,5fbaf976b9227741e9565ebe61365006483568b0afb74df804007ffb3c2b078b
TEST_NEG_00092,test,random_5_30,6,6,,,0,0.0,False,242,1,0,0,,5311383704fd485394d98072f3d313ef80cd5370bb43419ed6350afeca62de3d
TEST_NEG_00093,test,shuffled,10,10,AC_NONMEVIPP-PWY,AraCyc_Misc,0,0.0,False,242,1,10,10,,cd2377c3eca0e632320013e28bbc3bbb14cbdfc90d22f639d9ca967b149034ae
TEST_NEG_00094,test,partial_50_80,5,5,AC_PWY-641,AraCyc_Misc,5,1.0,False,242,2,9,9,0.5555555555555556,54ad91ec3f823a31a75291e9bee9ffa21b9179e8f394a8157f80c03f353843f7
TEST_NEG_00095,test,cross_pathway,18,18,AC_PWY-622;AC_PWY-5123,AraCyc_Carbohydrate;AraCyc_Misc,18,1.0,False,242,1,36,36,,0f89c210ff22790231c754da6465e342485bb83ef39c27a0c815f6a5ed19b128
TEST_NEG_00096,test,random_5_30,5,5,,,0,0.0,False,242,1,0,0,,d5b935c6048873d78465eaa9131352df66ace68dec5f29fe34a14bed230e68ee
TEST_NEG_00097,test,shuffled,5,5,AC_PWY0-662,AraCyc_Misc,0,0.0,False,242,1,5,5,,f1ed34ad98dfbfe1e1cde01421d9327b6a1fc14b8d9fd0b5383785ff9defe28b
TEST_NEG_00098,test,partial_50_80,70,70,ath04146,KEGG_SignalTrans,70,1.0,False,242,1,90,90,0.7777777777777778,7f3f1980a471a47e54f060fde23622bd968d571cfb809861bc9045642639dd92
TEST_NEG_00099,test,cross_pathway,9,9,AC_PWY-8148;AC_PWY-4221ARA,AraCyc_Misc;AraCyc_Misc,9,1.0,True,242,1,20,20,,d76534116deb3a6c02463e76e499fd9cd6d47222b91562a335ab30ad64503bf8
TEST_NEG_00100,test,random_5_30,8,8,,,0,0.0,False,242,1,0,0,,2d671948e99cdfa64d4b3435c57ca57dd88639ba4949cf17055b838e7f873b33
TEST_NEG_00101,test,shuffled,11,11,AC_PWY0-1608,AraCyc_Misc,0,0.0,False,242,1,11,11,,cb153aace31740abedf8664a3a9d2564b9b9a97489579e42d129264cf66092d3
TEST_NEG_00102,test,partial_50_80,48,30,ath00195,KEGG_Metabolism,48,1.0,False,242,1,76,46,0.631578947368421,ce83cda32614acff6a3d4e5fb41256eb06b06f5cf0548710c7123fcb00e0b4c4
