go_term,background_gene_count,train_variance,passed_variance_filter,mutual_information,mi_rank,selected
GO:0000028,31,0.00017138171824626625,True,0.0,704,False
GO:0000045,40,0.0007064281380735338,True,0.0032276409030256303,288,False
GO:0000049,25,3.0446839446085505e-05,False,,,False
GO:0000082,39,3.3404339774278924e-05,True,0.0,475,False
GO:0000103,22,0.00521892448887229,True,0.021541253402849625,37,True
GO:0000118,45,3.181556166964583e-05,True,0.0019675528377276486,323,False
GO:0000122,38,4.165719656157307e-05,True,0.005657713035752021,235,False
GO:0000137,41,8.185634214896709e-05,True,0.0,479,False
GO:0000138,86,0.0007482458022423089,True,0.0,480,False
GO:0000139,104,0.0015373732894659042,True,0.005304668190726725,248,False
GO:0000145,36,2.5990417270804755e-05,False,,,False
GO:0000149,72,0.0006340463296510279,True,0.01872588435656053,49,True
GO:0000151,74,4.7959681978682056e-05,True,0.011324491847058082,130,False
GO:0000154,64,2.77212693617912e-05,False,,,False
GO:0000156,33,9.707567369332537e-05,True,0.0,484,False
GO:0000159,23,0.0005467860028147697,True,0.008843996096778328,176,False
GO:0000160,30,8.93772958079353e-05,True,0.0,485,False
GO:0000162,22,0.0012243470409885049,True,0.0,486,False
GO:0000166,26,2.7875241357833147e-05,False,,,False
GO:0000209,52,0.00018067359633278102,True,0.0,487,False
GO:0000226,61,0.00039917754475027323,True,0.01096814813674274,137,False
GO:0000278,57,0.00044568057637661695,True,0.013852905380922653,92,False
GO:0000287,50,0.001358692068606615,True,0.0,490,False
GO:0000302,37,0.0003642123774625361,True,0.0002729049538348072,376,False
GO:0000307,57,4.719341086456552e-05,True,0.004162309545831189,274,False
GO:0000311,23,3.072258914471604e-05,True,0.005360367136259203,245,False
GO:0000325,698,0.0031524121295660734,True,0.018568108447665654,52,True
GO:0000373,29,4.038466795464046e-05,True,0.0,470,False
GO:0000398,154,0.0007311906665563583,True,0.002871112920990848,296,False
GO:0000419,21,6.843707978987368e-06,False,,,False
GO:0000423,21,0.00035373642458580434,True,0.00363385269761185,282,False
GO:0000462,26,2.941385901067406e-05,False,,,False
GO:0000502,54,0.0004909484414383769,True,0.01621698211502598,69,False
GO:0000724,68,0.0007429085671901703,True,0.0,454,False
GO:0000785,119,0.0003214584430679679,True,0.0038952356168961977,277,False
GO:0000786,21,4.789899685420096e-05,True,0.012254406316381639,114,False
GO:0000911,46,7.688840560149401e-05,True,0.014491397035562681,84,False
GO:0000932,70,0.0002413830952718854,True,0.011451398933896684,126,False
GO:0000976,758,0.0008928508032113314,True,0.030124095498516912,14,True
GO:0000977,26,1.667549804551527e-05,False,,,False
GO:0000978,223,0.00022172642638906837,True,0.014511285781613426,83,False
GO:0000981,275,0.00028097155154682696,True,0.032053149344325904,10,True
GO:0000987,57,5.443699046736583e-05,True,0.0,460,False
GO:0001216,36,4.1276718548033386e-05,True,0.014903505463302213,77,False
GO:0001510,21,1.5706607882748358e-05,False,,,False
GO:0001653,20,1.5181345588644035e-05,False,,,False
GO:0001666,46,0.0011922548292204738,True,0.0,463,False
GO:0002181,51,8.538318070350215e-05,True,0.0,464,False
GO:0002213,37,0.00023447329294867814,True,0.001259202719901209,348,False
GO:0002229,74,8.422782411798835e-05,True,0.0,465,False
GO:0002237,41,7.692749932175502e-05,True,0.013032072537439987,105,False
GO:0002239,25,4.3510917748790234e-05,True,0.0024687512403962497,309,False
GO:0003333,51,0.0007861899794079363,True,0.0,468,False
GO:0003676,160,0.0001824236533138901,True,0.01181470980476984,121,False
GO:0003677,552,0.0011475172359496355,True,0.01739048692786893,60,True
GO:0003680,26,1.807898843253497e-05,False,,,False
GO:0003682,137,0.00035922459210269153,True,0.0,492,False
GO:0003684,27,0.0002130343345925212,True,0.007738942265692383,190,False
GO:0003690,100,0.00035786465741693974,True,0.0,493,False
GO:0003697,67,0.00015676760813221335,True,0.0,514,False
GO:0003700,1615,0.0025718004908412695,True,0.045840432156025956,3,True
GO:0003712,74,7.919331983430311e-05,True,0.014242160134486204,90,False
GO:0003713,44,9.168079122900963e-05,True,0.013369709934174301,100,False
GO:0003714,50,5.6261811550939456e-05,True,0.0,519,False
GO:0003723,603,0.0010944986715912819,True,0.0027165641245374683,299,False
GO:0003724,66,0.00015974542475305498,True,0.007738153520181257,191,False
GO:0003727,32,1.2943016372446436e-05,False,,,False
GO:0003729,1161,0.004799392074346542,True,0.010220082799774932,153,False
GO:0003735,332,0.0009750383323989809,True,0.03247205310759771,9,True
GO:0003743,77,5.0297716370550916e-05,True,0.0,524,False
GO:0003755,57,4.108636858290993e-05,True,0.011889808693138493,120,False
GO:0003756,21,5.214730117586441e-05,True,0.0,526,False
GO:0003777,41,0.0002863265108317137,True,0.0,527,False
GO:0003779,49,6.014119571773335e-05,True,0.0,528,False
GO:0003824,47,0.0010143640683963895,True,0.0,529,False
GO:0003899,21,3.5135999496560544e-05,True,0.0,530,False
GO:0003924,181,0.003039188217371702,True,0.01643761264279564,66,False
GO:0003954,21,0.0003415179089643061,True,0.0,532,False
GO:0003993,43,0.001082523725926876,True,0.001154481714762401,350,False
GO:0004175,24,2.8112617656006478e-05,False,,,False
GO:0004176,34,1.6336349290213548e-05,False,,,False
GO:0004185,33,2.54943788604578e-05,False,,,False
GO:0004190,46,4.88119876536075e-05,True,0.0,515,False
GO:0004197,52,8.570471982238814e-05,True,0.0,513,False
GO:0004222,46,2.423131991236005e-05,False,,,False
GO:0004252,116,0.0001216188829857856,True,0.016299017859087606,68,False
GO:0004364,57,0.00030301601509563625,True,0.010080536807641094,156,False
GO:0004386,33,2.9297792934812605e-05,False,,,False
GO:0004402,25,6.534681597258896e-05,True,0.0,495,False
GO:0004497,98,0.00467751594260335,True,0.0,496,False
GO:0004519,22,2.4942264644778334e-05,False,,,False
GO:0004521,34,2.496221350156702e-05,False,,,False
GO:0004523,47,6.523550109704956e-05,True,3.664163209915472e-05,385,False
GO:0004540,29,1.588490886206273e-05,False,,,False
GO:0004553,48,0.00016512194997631013,True,0.0,497,False
GO:0004565,22,4.969066503690556e-05,True,0.007974143590448346,182,False
GO:0004568,23,9.007620246848091e-05,True,0.0,499,False
GO:0004601,64,0.0010720707941800356,True,0.013340251072305742,101,False
GO:0004650,69,0.0001281770528294146,True,0.02026963953023464,42,True
GO:0004672,489,0.000590904732234776,True,0.031420516213561456,11,True
GO:0004674,642,0.001157307531684637,True,0.03308425832134865,8,True
GO:0004675,47,4.0504801290808246e-05,True,0.015313010267398397,73,False
GO:0004683,47,3.336569352541119e-05,True,0.0,505,False
GO:0004707,20,4.486133184400387e-05,True,0.0,449,False
GO:0004712,48,3.799680052907206e-05,True,0.0,506,False
GO:0004721,23,1.1721867849701084e-05,False,,,False
GO:0004722,86,0.0001626958546694368,True,0.0,507,False
GO:0004842,253,0.0003769354079850018,True,0.0055569291289245815,237,False
GO:0004843,64,4.325494955992326e-05,True,0.017954882685699003,56,True
GO:0004857,63,5.9024088841397315e-05,True,0.005367904644255628,244,False
GO:0005085,40,3.936998109566048e-05,True,0.0,508,False
GO:0005096,58,8.566340693505481e-05,True,0.0,509,False
GO:0005102,26,8.746575622353703e-05,True,0.0,510,False
GO:0005179,56,8.358257764484733e-05,True,0.0,511,False
GO:0005198,32,4.161453398410231e-05,True,0.004357176042500299,269,False
GO:0005199,28,2.0059866074007004e-05,False,,,False
GO:0005200,33,0.000511595222633332,True,0.0,450,False
GO:0005217,20,1.7054995623766445e-05,False,,,False
GO:0005262,46,6.532161205541342e-05,True,0.017900555300358834,58,True
GO:0005315,40,4.069874557899311e-05,True,0.01378251179697787,93,False
GO:0005345,23,1.0750863111752551e-05,False,,,False
GO:0005381,22,0.00012122523185098544,True,0.01328153067830562,102,False
GO:0005384,26,4.1125909774564207e-05,True,0.0,388,False
GO:0005385,22,0.00012647757830563933,True,0.01365859567391059,97,False
GO:0005484,50,0.0009472883539274335,True,0.0,395,False
GO:0005506,156,0.004288407042622566,True,0.0003315868194442295,374,False
GO:0005507,150,0.0033146103378385305,True,0.0,400,False
GO:0005509,194,0.0003197007463313639,True,0.00545488462014565,239,False
GO:0005515,4621,0.01857440359890461,True,0.02243546950151587,30,True
GO:0005516,170,0.0004587340517900884,True,0.0009070598755676063,357,False
GO:0005524,421,0.0023093789350241423,True,0.011744577260601519,123,False
GO:0005525,147,0.0031940375920385122,True,0.0,404,False
GO:0005543,30,3.4954155125888065e-05,True,0.0,403,False
GO:0005546,49,4.2387258872622624e-05,True,0.008195005082665352,180,False
GO:0005575,3856,0.010002181865274906,True,0.025992399288709445,21,True
GO:0005576,2985,0.009667783975601196,True,0.014979874223302048,76,False
GO:0005615,124,0.00014488399028778076,True,0.009549155455061742,162,False
GO:0005622,107,0.0002433214249322191,True,0.0019113379525397267,325,False
GO:0005635,81,0.00030858698301017284,True,0.0,394,False
GO:0005643,29,5.461724867927842e-05,True,0.0,391,False
GO:0005654,125,0.00019214559870306402,True,0.0,390,False
GO:0005665,21,3.7320121464290423e-06,False,,,False
GO:0005666,26,1.887049074866809e-05,False,,,False
GO:0005667,20,5.92302531003952e-05,True,0.018713368230144578,50,True
GO:0005680,24,4.221392373437993e-05,True,0.0,389,False
GO:0005681,41,0.00010090528667205945,True,0.01619028134361966,70,False
GO:0005685,28,3.692755853990093e-05,True,0.0035430425600009308,284,False
GO:0005686,40,0.0001433380093658343,True,0.0,408,False
GO:0005694,30,7.35967987566255e-05,True,0.0,429,False
GO:0005730,464,0.0016815507551655173,True,0.01736624598930603,61,False
GO:0005732,64,3.373966319486499e-05,True,0.022280654861712268,31,True
GO:0005737,4796,0.055204808712005615,True,0.019460652348628482,46,True
GO:0005739,4447,0.028039509430527687,True,0.02832700642788155,16,True
GO:0005741,52,0.0003793087671510875,True,0.0,435,False
GO:0005743,72,0.00013565908011514693,True,0.0,436,False
GO:0005744,22,7.33972956368234e-06,False,,,False
GO:0005759,53,0.00036722529330290854,True,0.018656317402328204,51,True
GO:0005762,33,2.9861896109650843e-05,False,,,False
GO:0005764,36,4.041414649691433e-05,True,0.0,438,False
GO:0005768,298,0.001447839429602027,True,0.022880269225444838,28,True
GO:0005769,27,4.098493081983179e-05,True,0.004333767717746628,270,False
GO:0005770,41,0.0001332998217549175,True,0.019662315410045927,45,True
GO:0005771,24,0.0006253235042095184,True,0.006459555179233023,216,False
GO:0005773,297,0.0015445026801899076,True,0.000920238196830292,356,False
GO:0005774,78,0.00018034622189588845,True,0.010661952699249744,144,False
GO:0005776,33,0.00031406356720253825,True,0.0,443,False
GO:0005777,312,0.009525442495942116,True,0.022951618398481255,27,True
GO:0005778,31,0.0001709010248305276,True,0.0,445,False
GO:0005783,920,0.008247345685958862,True,0.016301710140591785,67,False
GO:0005789,224,0.001481357729062438,True,0.0,447,False
GO:0005794,1050,0.006924763787537813,True,0.004673701667977426,261,False
GO:0005797,60,0.00013654293434228748,True,0.010540216332297847,146,False
GO:0005802,295,0.0013596061617136002,True,0.0,409,False
GO:0005811,46,0.003416677936911583,True,0.011417518541964267,128,False
GO:0005819,45,0.00031642470275983214,True,0.0,410,False
GO:0005829,2505,0.04103313386440277,True,0.028316016459614124,17,True
GO:0005839,21,8.548675396014005e-05,True,0.00788439592153245,185,False
GO:0005840,34,6.217242480488494e-05,True,0.0,412,False
GO:0005856,41,0.0024010376073420048,True,0.0,413,False
GO:0005871,26,8.784229430602863e-05,True,0.0,414,False
GO:0005874,107,0.0007654128130525351,True,0.0,415,False
GO:0005876,23,2.226837932539638e-05,False,,,False
GO:0005886,3072,0.017369451001286507,True,0.003824956391898615,280,False
GO:0005938,21,5.572810914600268e-05,True,0.0019036252885953342,326,False
GO:0005975,262,0.0030293751042336226,True,0.011319684244020856,131,False
GO:0005992,22,3.16669829771854e-05,True,0.011047994544298945,136,False
GO:0006094,23,0.001992217730730772,True,0.0005096544581395523,368,False
GO:0006096,47,0.00555080221965909,True,0.0,418,False
GO:0006099,34,0.0026302295736968517,True,0.0,419,False
GO:0006260,30,5.5785181757528335e-05,True,0.008903187319777794,174,False
GO:0006270,20,1.568976222188212e-05,False,,,False
GO:0006281,140,0.0007459649932570755,True,0.0,421,False
GO:0006284,25,9.093598237086553e-06,False,,,False
GO:0006289,34,0.00031139730708673596,True,0.01080716994847708,140,False
GO:0006302,25,0.0006866304902359843,True,0.0,423,False
GO:0006310,26,0.00014288839884102345,True,0.015269469615167841,74,False
GO:0006325,21,2.384898834861815e-05,False,,,False
GO:0006334,29,3.330649633426219e-05,True,0.012671914299144493,110,False
GO:0006338,80,0.0002151398075511679,True,0.0,426,False
GO:0006351,71,9.112063708016649e-05,True,0.008979384666711887,173,False
GO:0006352,26,6.228771235328168e-05,True,0.0,533,False
GO:0006355,1468,0.0025060083717107773,True,0.045749961608695155,4,True
GO:0006357,361,0.0004256422398611903,True,0.011077371937969982,135,False
GO:0006364,90,7.589620508952066e-05,True,0.030315268274729634,13,True
GO:0006366,30,0.00019331712974235415,True,0.0,645,False
GO:0006367,25,0.00034053545095957816,True,0.0,646,False
GO:0006396,63,5.1186656492063776e-05,True,0.0,647,False
GO:0006397,77,9.132632112596184e-05,True,0.0,648,False
GO:0006400,31,0.0008947542519308627,True,0.0037407647183345105,281,False
GO:0006402,23,5.283717473503202e-05,True,0.005453126681106646,240,False
GO:0006406,26,6.060781379346736e-05,True,0.00225636623826575,314,False
GO:0006412,959,0.0020472295582294464,True,0.04388290569936304,5,True
GO:0006413,53,4.157805960858241e-05,True,0.012618141753573786,112,False
GO:0006414,707,0.0012730068992823362,True,0.033239454791298195,7,True
GO:0006457,142,0.0002554964739829302,True,0.0,534,False
GO:0006465,20,5.131645957590081e-05,True,0.00021279746138302968,379,False
GO:0006468,300,0.00026444639661349356,True,0.02312551565287624,26,True
GO:0006470,38,0.00039151942473836243,True,0.0,656,False
GO:0006486,55,0.0001246695319423452,True,0.012122429351843378,116,False
GO:0006487,24,0.00024639401817694306,True,0.0016016936258678172,333,False
GO:0006499,45,0.0001314042747253552,True,0.00886585259122219,175,False
GO:0006508,129,0.00027686645626090467,True,0.013661293602650115,96,False
GO:0006511,305,0.0011589430505409837,True,0.022879222006515487,29,True
GO:0006520,33,0.0032374276779592037,True,0.0,644,False
GO:0006606,41,0.00025861585163511336,True,0.0,643,False
GO:0006612,34,3.259871300542727e-05,True,0.0,642,False
GO:0006623,38,6.1006965552223846e-05,True,0.005195169737976624,252,False
GO:0006629,90,0.00038473124732263386,True,0.004654203028262804,262,False
GO:0006631,46,0.002372963586822152,True,0.014603812878150269,81,False
GO:0006633,55,0.0024413657374680042,True,0.0,625,False
GO:0006635,30,0.004192774184048176,True,0.009217944394396937,169,False
GO:0006749,46,0.0003509711823426187,True,0.00930642928346348,167,False
GO:0006813,25,5.367209450923838e-05,True,0.01025874971725993,152,False
GO:0006816,35,3.6789828300243244e-05,True,0.007340007670905813,199,False
GO:0006817,25,1.7578249753569253e-05,False,,,False
GO:0006833,28,1.7020491213770583e-05,False,,,False
GO:0006863,21,1.0750863111752551e-05,False,,,False
GO:0006869,68,8.839013025863096e-05,True,0.0021867323102582326,315,False
GO:0006874,39,2.837058673321735e-05,False,,,False
GO:0006879,26,3.4605953260324895e-05,True,0.01941549198109427,47,True
GO:0006885,30,2.4433584258076735e-05,False,,,False
GO:0006886,151,0.000404548947699368,True,0.010420335098249689,150,False
GO:0006887,52,6.902603490743786e-05,True,0.0018089272565826597,330,False
GO:0006888,85,0.00014651288802269846,True,0.0048157033107834035,257,False
GO:0006890,35,6.771092012058944e-05,True,0.0,634,False
GO:0006891,34,4.262521179043688e-05,True,0.0,635,False
GO:0006897,45,9.248823334928602e-05,True,0.0070439813204858925,205,False
GO:0006900,26,0.00012832788343075663,True,0.0,637,False
GO:0006906,39,0.000533617043402046,True,0.0,638,False
GO:0006914,20,0.00015932263340801,True,0.0,639,False
GO:0006950,72,0.00028922560159116983,True,0.0035548578182353907,283,False
GO:0006952,312,0.0008557547116652131,True,0.006963022031530874,206,False
GO:0006955,57,3.545383151504211e-05,True,0.0,662,False
GO:0006970,165,0.0012465761974453926,True,0.013664019835675223,95,False
GO:0006974,60,0.00025432350230403244,True,0.0,664,False
GO:0006979,244,0.0018425271846354008,True,0.0,685,False
GO:0006995,39,0.0003335473593324423,True,0.0,687,False
GO:0007005,47,5.5039909057086334e-05,True,0.0,688,False
GO:0007015,48,0.0034531003329902887,True,0.0062026299550421715,220,False
GO:0007017,33,0.0002649379603099078,True,0.00975464769724943,160,False
GO:0007018,40,0.0003150344709865749,True,0.023307852555598307,25,True
GO:0007030,39,3.3056687243515626e-05,True,0.0,691,False
GO:0007031,21,4.199213799438439e-05,True,0.012698213576550765,109,False
GO:0007033,27,0.00014961963461246341,True,0.001498051613356477,340,False
GO:0007131,37,7.366870704572648e-05,True,0.0,693,False
GO:0007165,650,0.004361621104180813,True,0.02752428462188017,18,True
GO:0007166,56,5.3128205763641745e-05,True,0.0,695,False
GO:0007267,42,4.580460881697945e-05,True,0.0,696,False
GO:0007623,113,0.0010373881086707115,True,0.0,697,False
GO:0008017,166,0.00047783131594769657,True,0.0027080459999864193,300,False
GO:0008047,26,0.00012808272731490433,True,0.0,699,False
GO:0008066,20,1.7054995623766445e-05,False,,,False
GO:0008104,34,9.717143257148564e-05,True,0.014296760670354791,89,False
GO:0008137,25,0.00032962870318442583,True,0.0,701,False
GO:0008139,20,8.359469211427495e-05,True,0.009037562156894108,171,False
GO:0008143,23,3.991736957686953e-05,True,0.0,702,False
GO:0008150,5951,0.015247118659317493,True,0.05748008318214293,1,True
GO:0008168,36,0.0004106171545572579,True,0.008514825224858802,178,False
GO:0008171,20,0.0010839055757969618,True,0.0041983368664570975,273,False
GO:0008194,21,0.0005760398926213384,True,0.0,684,False
GO:0008198,20,0.00013153933105058968,True,0.012734715330707136,108,False
GO:0008233,30,4.3913769331993535e-05,True,0.0,683,False
GO:0008266,26,0.0002085916930809617,True,0.0,666,False
GO:0008270,445,0.004473828244954348,True,0.0,667,False
GO:0008284,27,6.434164970414713e-05,True,0.006073033595886956,223,False
GO:0008285,42,2.2421714675147086e-05,False,,,False
GO:0008289,79,9.43755148909986e-05,True,0.0,668,False
GO:0008320,31,2.5204573830706067e-05,False,,,False
GO:0008327,20,2.2321823053061962e-05,False,,,False
GO:0008353,21,2.2039706891519018e-05,False,,,False
GO:0008374,33,0.00023944138956721872,True,0.0,669,False
GO:0008380,76,0.00010832586849574,True,0.013618324690760186,98,False
GO:0008408,28,2.0599922208930366e-05,False,,,False
GO:0008422,60,0.0018174326978623867,True,0.0,670,False
GO:0008483,23,0.0011146006872877479,True,0.0,671,False
GO:0008514,21,9.941117241396569e-06,False,,,False
GO:0008757,84,0.003637525485828519,True,0.009487674592948858,163,False
GO:0008810,29,3.0913142836652696e-05,True,0.010195872647491555,155,False
GO:0009055,85,0.00041476686601527035,True,0.005475571837602944,238,False
GO:0009058,54,0.0035958015359938145,True,0.0,675,False
GO:0009266,41,6.98744406690821e-05,True,0.025802471060745624,22,True
GO:0009269,24,9.023852180689573e-05,True,0.0,677,False
GO:0009294,26,7.187065057223663e-05,True,0.0,678,False
GO:0009407,46,0.0002609596122056246,True,0.0,679,False
GO:0009408,197,0.0006123872008174658,True,0.007508452926848319,194,False
GO:0009409,360,0.0020161177963018417,True,0.0,681,False
GO:0009411,36,0.00031472029513679445,True,0.0070866602224042285,204,False
GO:0009414,370,0.0016158010112121701,True,0.004916941897886495,255,False
GO:0009416,221,0.00530859362334013,True,0.002980618857500117,292,False
GO:0009451,176,0.00012977262667845935,True,0.007115488477325238,203,False
GO:0009504,43,0.00010777147690532729,True,0.0004143502204994043,371,False
GO:0009505,558,0.0028410060331225395,True,0.0,621,False
GO:0009506,908,0.0042989724315702915,True,0.002899834832781778,295,False
GO:0009507,4985,0.07100322097539902,True,0.054432261229965695,2,True
GO:0009524,72,0.0004502464144024998,True,0.0,559,False
GO:0009532,25,0.00018686792463995516,True,0.002984181500109928,291,False
GO:0009534,224,0.0022087283432483673,True,0.0,561,False
GO:0009535,347,0.0024707261472940445,True,0.006761796155813737,212,False
GO:0009536,949,0.009809009730815887,True,0.0305621541968093,12,True
GO:0009543,51,0.0001290766231250018,True,0.0,564,False
GO:0009553,80,0.00044617318781092763,True,0.01467073386926443,79,False
GO:0009555,261,0.003053013002499938,True,0.0,566,False
GO:0009556,27,4.781959796673618e-05,True,0.002487546803621399,308,False
GO:0009561,36,0.00031965409289114177,True,0.005732338785732427,232,False
GO:0009567,88,0.00028371752705425024,True,0.008646978035196096,177,False
GO:0009570,634,0.02221548743546009,True,0.036591512140728755,6,True
GO:0009574,26,2.582995693956036e-05,False,,,False
GO:0009579,223,0.0024168335366994143,True,0.0,571,False
GO:0009585,20,6.368158210534602e-05,True,0.001513952389114337,339,False
GO:0009611,231,0.0028089252300560474,True,0.0,572,False
GO:0009615,46,5.8087865909328684e-05,True,0.0,573,False
GO:0009617,149,0.0005973689840175211,True,0.0,574,False
GO:0009620,117,0.00040757516399025917,True,0.0,575,False
GO:0009624,90,8.369660645257682e-05,True,0.003217316203213638,289,False
GO:0009625,47,8.113087096717209e-05,True,0.0,557,False
GO:0009626,82,0.0001260479330085218,True,0.0,556,False
GO:0009627,55,0.00043924967758357525,True,0.009361430437142992,165,False
GO:0009630,48,0.000304835062706843,True,0.0012761379832675335,347,False
GO:0009631,65,0.0001045639073709026,True,0.014766869857757214,78,False
GO:0009637,54,0.00032805890077725053,True,0.0,538,False
GO:0009638,24,3.3085747418226674e-05,True,0.007772363969662743,189,False
GO:0009639,37,0.00032018657657317817,True,0.0,540,False
GO:0009640,66,0.0001599521201569587,True,0.01153887168529577,125,False
GO:0009644,52,0.00032128908787854016,True,0.006540890442354508,215,False
GO:0009646,50,0.00018948549404740334,True,0.008203881143165281,179,False
GO:0009651,413,0.0015722366515547037,True,0.005335211783622507,246,False
GO:0009658,189,0.0006702119717374444,True,0.0,536,False
GO:0009664,62,9.661362128099427e-05,True,0.0,545,False
GO:0009682,20,7.59199247113429e-05,True,0.0,547,False
GO:0009686,21,0.001548027852550149,True,0.00016981220930945007,381,False
GO:0009691,20,0.001938774366863072,True,0.0,548,False
GO:0009693,21,0.0004957147175446153,True,0.014629996983529958,80,False
GO:0009694,24,0.00290642655454576,True,0.0,550,False
GO:0009695,28,0.0010511795990169048,True,0.025708515578437785,23,True
GO:0009696,20,0.002878309693187475,True,0.0077744590886419385,188,False
GO:0009705,133,0.00015045619511511177,True,0.008075043960167116,181,False
GO:0009706,71,0.000160994051839225,True,0.0,554,False
GO:0009707,53,0.0010772449895739555,True,0.010526023646239224,147,False
GO:0009723,124,0.002293878234922886,True,0.0,546,False
GO:0009733,277,0.0019899115432053804,True,0.0,577,False
GO:0009734,68,0.000731330830603838,True,0.0008894087656470262,359,False
GO:0009735,68,0.00022131213336251676,True,0.0,589,False
GO:0009736,68,0.000169880484463647,True,0.006278717847141513,219,False
GO:0009737,444,0.0018430708441883326,True,0.014418070387103299,86,False
GO:0009738,115,0.0003494209668133408,True,0.007856060630829553,186,False
GO:0009739,91,0.00037302335840649903,True,0.0,604,False
GO:0009740,43,0.00018656426982488483,True,0.0,605,False
GO:0009741,44,0.00017388629203196615,True,0.0,606,False
GO:0009742,66,0.00011777770123444498,True,0.0,607,False
GO:0009744,69,0.0008425817941315472,True,0.0,608,False
GO:0009749,56,0.0002461479161866009,True,0.02210355104033246,33,True
GO:0009751,136,0.00031115967431105673,True,0.0,609,False
GO:0009753,137,0.0014465679414570332,True,0.009983845103735067,159,False
GO:0009755,31,3.865056351060048e-05,True,0.0,611,False
GO:0009767,20,0.0004266562464181334,True,0.0014435545954871731,343,False
GO:0009768,23,0.001064653624780476,True,0.0010821225855284222,353,False
GO:0009785,22,3.464992551016621e-05,True,0.0008446275390483482,362,False
GO:0009787,21,4.372103285277262e-05,True,0.0008876575277854126,360,False
GO:0009788,62,0.00020540485274977982,True,0.0,612,False
GO:0009789,53,0.00013736082473769784,True,0.0,613,False
GO:0009791,32,0.0001034701126627624,True,0.004280997400621711,272,False
GO:0009793,465,0.0029124764259904623,True,0.020529203323543355,41,True
GO:0009809,41,0.0008864649571478367,True,0.015925635782856107,72,False
GO:0009813,20,0.0007778386934660375,True,0.002504669703221607,306,False
GO:0009825,32,9.645817044656724e-05,True,0.0,617,False
GO:0009826,129,0.0013216623337939382,True,0.0005507469059324865,367,False
GO:0009827,69,0.0001299670257139951,True,0.014594451370944839,82,False
GO:0009828,39,5.7712506531970575e-05,True,0.002059493711286553,319,False
GO:0009832,35,2.9302680559339933e-05,False,,,False
GO:0009833,27,0.00018259747594129294,True,0.0,601,False
GO:0009834,63,0.0014279736205935478,True,0.010480522312075857,148,False
GO:0009845,97,0.0005490698385983706,True,0.010781208431171141,142,False
GO:0009846,77,0.000689762644469738,True,0.004365674664523755,267,False
GO:0009853,37,0.0011058080708608031,True,0.0,580,False
GO:0009860,151,0.001839615753851831,True,0.011440961721457477,127,False
GO:0009863,29,5.9392554248915985e-05,True,0.004537872597188075,263,False
GO:0009867,59,0.0002812963502947241,True,0.0015993266106772985,334,False
GO:0009873,53,0.00016974347818177193,True,0.0,584,False
GO:0009901,21,0.0002572296070866287,True,0.0,585,False
GO:0009903,22,1.5283867469406687e-05,False,,,False
GO:0009904,21,1.3563945685746148e-05,False,,,False
GO:0009908,99,0.0012938330182805657,True,0.007433477121537635,196,False
GO:0009909,87,0.00013094452151563019,True,0.013528187413064385,99,False
GO:0009910,49,4.798818554263562e-05,True,0.006424916077747644,217,False
GO:0009911,44,0.00028916768496856093,True,0.002773643568198425,298,False
GO:0009922,26,0.0015650830464437604,True,0.002112078578305976,318,False
GO:0009926,44,0.00040868655196391046,True,0.006017890625755085,224,False
GO:0009931,47,3.456052581896074e-05,True,0.005714608402562771,233,False
GO:0009933,20,3.450421354500577e-05,True,0.0,593,False
GO:0009934,22,3.1193645554594696e-05,True,0.0,594,False
GO:0009941,558,0.006048351526260376,True,0.0,595,False
GO:0009944,23,5.7231522077927366e-05,True,0.010892688689085217,139,False
GO:0009958,36,0.0004059669154230505,True,0.012492740040920713,113,False
GO:0009959,25,2.1774207198177464e-05,False,,,False
GO:0009960,34,6.94126429152675e-05,True,0.01685406318184901,64,False
GO:0009965,65,0.000326374574797228,True,0.005824710818305379,228,False
GO:0009969,20,1.6386020433856174e-05,False,,,False
GO:0009970,21,0.0003984947397839278,True,0.0,406,False
GO:0009975,22,0.0004195909423287958,True,0.0,654,False
GO:0009982,20,1.1534118129929993e-05,False,,,False
GO:0010008,34,7.433427526848391e-05,True,0.0,597,False
GO:0010015,21,1.111432629841147e-05,False,,,False
GO:0010017,28,5.42754351045005e-05,True,0.0,596,False
GO:0010020,24,3.072479375987314e-05,True,0.0,592,False
GO:0010025,29,0.0005193862016312778,True,0.0,591,False
GO:0010026,28,1.5050958609208465e-05,False,,,False
GO:0010027,53,0.00035178809775970876,True,0.0,590,False
GO:0010029,55,3.337449743412435e-05,True,0.0025395356414414927,305,False
GO:0010030,25,4.222046482027508e-05,True,0.0,588,False
GO:0010039,28,7.632783672306687e-05,True,0.0018450105194756095,327,False
GO:0010043,48,0.0002907252637669444,True,0.0,579,False
GO:0010051,30,0.00024910055799409747,True,0.007374835755927345,197,False
GO:0010053,21,2.225891876150854e-05,False,,,False
GO:0010073,49,8.924229041440412e-05,True,0.005660584772327892,234,False
GO:0010075,24,6.277858483372256e-05,True,0.018548439533800254,53,True
GO:0010078,42,0.0003269490844104439,True,0.0,587,False
GO:0010082,44,7.160028326325119e-05,True,0.012904967233133169,106,False
GO:0010087,63,0.0008242055191658437,True,0.0,586,False
GO:0010088,30,2.0231404050718993e-05,False,,,False
GO:0010089,35,3.570507396943867e-05,True,0.011221955994300536,133,False
GO:0010090,38,0.00010294159437762573,True,0.0,583,False
GO:0010091,31,9.741146641317755e-05,True,0.0,582,False
GO:0010105,20,1.5973031622706912e-05,False,,,False
GO:0010114,63,0.0002342764346394688,True,0.0,581,False
GO:0010118,38,0.00019601071835495532,True,0.005109501054553212,254,False
GO:0010119,61,0.00025577377527952194,True,0.004440972229642792,264,False
GO:0010143,23,0.0005575806717388332,True,0.0,598,False
GO:0010150,127,0.00035545500577427447,True,0.0,599,False
GO:0010154,35,0.000370133260730654,True,0.006717750172193115,213,False
GO:0010162,27,8.646244532428682e-05,True,0.0,600,False
GO:0010167,27,4.3653057218762115e-05,True,0.0014358075771561118,344,False
GO:0010181,22,0.0008747422252781689,True,0.0,618,False
GO:0010182,31,0.00033978238934651017,True,0.0014124737179617153,345,False
GO:0010183,49,0.0003128565731458366,True,0.0,616,False
GO:0010187,31,0.00020564423175528646,True,0.0,615,False
GO:0010193,34,0.0003544152423273772,True,0.0,614,False
GO:0010197,33,0.00010721486614784226,True,0.0,610,False
GO:0010207,24,4.0163493395084515e-05,True,0.001493352028049566,341,False
GO:0010208,24,4.7445188101846725e-05,True,0.0,603,False
GO:0010214,37,0.00011635303235379979,True,0.002018328961711946,321,False
GO:0010218,53,0.0001629468606552109,True,0.0010382086408138314,354,False
GO:0010224,78,0.0008192117675207555,True,0.0020328036693546547,320,False
GO:0010227,26,2.9765307772322558e-05,False,,,False
GO:0010228,121,0.0001365987554891035,True,0.0,602,False
GO:0010229,21,5.340995630831458e-05,True,0.0,576,False
GO:0010262,27,0.0002600988664198667,True,0.007484545631465611,195,False
GO:0010268,24,0.004927597939968109,True,0.0,553,False
GO:0010286,55,6.631887663388625e-05,True,0.004146996996513996,275,False
GO:0010287,60,0.0006234750617295504,True,0.0,552,False
GO:0010305,35,1.538123433419969e-05,False,,,False
GO:0010311,61,0.000224507472012192,True,0.0,551,False
GO:0010319,39,0.00034952181158587337,True,0.0,549,False
GO:0010345,23,0.00022029214596841484,True,0.0,544,False
GO:0010374,26,1.5055590665724594e-05,False,,,False
GO:0010411,46,2.6998734028893523e-05,False,,,False
GO:0010431,29,3.8108351873233914e-05,True,0.007165020626806573,201,False
GO:0010468,136,0.0001816604199120775,True,0.0,543,False
GO:0010492,21,4.267454642103985e-05,True,0.002706835321569123,301,False
GO:0010494,153,0.0005660930764861405,True,0.012669709656481398,111,False
GO:0010497,21,2.8275162549107336e-05,False,,,False
GO:0010555,26,0.0005423762486316264,True,0.0,542,False
GO:0010582,21,2.6276475182385184e-05,False,,,False
GO:0010584,33,0.00047080928925424814,True,0.0,541,False
GO:0010608,26,1.561774297442753e-05,False,,,False
GO:0010628,32,2.0990852135582827e-05,False,,,False
GO:0010629,29,2.7530244551599026e-05,False,,,False
GO:0010928,21,7.478056068066508e-05,True,0.001843994284645989,328,False
GO:0012501,35,0.00016082233923953027,True,0.005621718516017227,236,False
GO:0012505,143,0.0012452260125428438,True,0.004384463705148667,266,False
GO:0015020,23,0.0002092410286422819,True,0.006918203218657215,207,False
GO:0015031,42,8.444963168585673e-05,True,0.0,539,False
GO:0015035,21,8.470771717838943e-06,False,,,False
GO:0015079,24,2.073057294182945e-05,False,,,False
GO:0015095,21,2.002527253353037e-05,False,,,False
GO:0015144,54,2.750871135503985e-05,False,,,False
GO:0015171,58,0.0008092441712506115,True,0.0,537,False
GO:0015211,22,1.0750863111752551e-05,False,,,False
GO:0015250,36,1.839229116740171e-05,False,,,False
GO:0015276,20,1.7054995623766445e-05,False,,,False
GO:0015297,58,6.84931583236903e-05,True,0.0021851789159275103,316,False
GO:0015385,33,2.8275906515773386e-05,False,,,False
GO:0015629,51,0.0002812640741467476,True,0.0,555,False
GO:0015630,30,3.070472303079441e-05,True,0.009017347448908142,172,False
GO:0015693,22,2.002527253353037e-05,False,,,False
GO:0015706,23,0.00011328803520882502,True,0.01128001309943083,132,False
GO:0015979,60,0.0004514841712079942,True,0.013741204405101959,94,False
GO:0015986,27,0.00018368643941357732,True,0.0,558,False
GO:0015995,28,0.0014255671994760633,True,0.01921032593822347,48,True
GO:0016020,1153,0.011502319946885109,True,0.016166188691089545,71,False
GO:0016036,123,0.0011440281523391604,True,0.0,570,False
GO:0016102,30,0.0015408595791086555,True,0.0,569,False
GO:0016126,26,0.0025349552743136883,True,0.0,568,False
GO:0016132,24,0.0048467908054590225,True,0.0,567,False
GO:0016168,28,0.0007956551853567362,True,0.0,565,False
GO:0016192,153,0.0007418071618303657,True,0.02071598477651526,40,True
GO:0016226,37,0.00014908323646523058,True,0.0063574816617562036,218,False
GO:0016251,25,0.0003988937824033201,True,0.0,563,False
GO:0016298,62,0.0001468052651034668,True,0.014386507771062318,88,False
GO:0016301,390,0.00046265710261650383,True,0.0,562,False
GO:0016310,263,0.0005244763451628387,True,0.0,560,False
GO:0016311,41,0.00082170165842399,True,0.010898164956219425,138,False
GO:0016324,32,6.579444016097113e-05,True,0.0,619,False
GO:0016413,45,6.989994290051982e-05,True,0.0,620,False
GO:0016491,182,0.003240245394408703,True,0.012050940307987146,118,False
GO:0016538,38,5.47174786333926e-05,True,0.006124816149283285,222,False
GO:0016567,289,0.00045411050086840987,True,0.027457070294530705,19,True
GO:0016579,21,9.353088898933493e-06,False,,,False
GO:0016592,52,8.661600440973416e-05,True,0.00025991220767718204,377,False
GO:0016602,21,4.5483400754164904e-05,True,0.005434592379991665,243,False
GO:0016604,25,6.43872917862609e-05,True,0.010072316066245257,157,False
GO:0016607,67,0.0001343492913292721,True,0.009359383905605867,166,False
GO:0016616,38,0.0006518802838400006,True,0.0,632,False
GO:0016705,106,0.0020597304683178663,True,1.1911411319065479e-05,386,False
GO:0016706,44,0.0013267177855595946,True,0.0,682,False
GO:0016709,81,0.007022706791758537,True,0.0027990694797614957,297,False
GO:0016747,79,0.0021522915922105312,True,0.0,680,False
GO:0016757,438,0.011331792920827866,True,0.01174272194074999,124,False
GO:0016759,36,4.1143575799651444e-05,True,0.0017660233038103712,332,False
GO:0016762,32,1.634328691579867e-05,False,,,False
GO:0016787,75,0.00044321088353171945,True,0.0,676,False
GO:0016788,101,0.002373449271544814,True,0.0,674,False
GO:0016791,51,0.0009153993451036513,True,0.0,673,False
GO:0016829,31,9.032747038872913e-05,True,0.0,672,False
GO:0016887,295,0.000724970072042197,True,0.0011461590299421953,351,False
GO:0017018,36,3.1041785405250266e-05,True,0.00012044821018530882,383,False
GO:0017148,25,4.582850306178443e-05,True,0.0,665,False
GO:0019005,76,9.320253593614325e-05,True,0.004731660117978542,260,False
GO:0019432,24,0.0002219297894043848,True,0.0,686,False
GO:0019706,24,2.351749390072655e-05,False,,,False
GO:0019722,84,8.182899182429537e-05,True,0.0004355008303413843,370,False
GO:0019748,23,3.205610846634954e-05,True,0.0,703,False
GO:0019760,36,0.00021045234461780638,True,0.00025302699837848053,378,False
GO:0019761,30,0.0013820254243910313,True,0.0,700,False
GO:0019762,27,0.0004514992469921708,True,0.011324930676966494,129,False
GO:0019843,30,5.833320756210014e-05,True,0.0,698,False
GO:0019888,24,0.00019249507749918848,True,0.001800840992007391,331,False
GO:0019900,54,0.00014465626736637205,True,0.0,694,False
GO:0019901,48,0.0024173734709620476,True,0.0024919530655338473,307,False
GO:0019915,28,8.627840725239366e-05,True,0.0,692,False
GO:0019941,22,6.365543958963826e-05,True,0.004800244434184142,258,False
GO:0019953,43,3.405908864806406e-05,True,0.007821344377771933,187,False
GO:0020037,193,0.0028854289557784796,True,0.010281077430418506,151,False
GO:0022625,149,0.00032168792677111924,True,0.026596711106418258,20,True
GO:0022626,194,0.000742290576454252,True,0.0,690,False
GO:0022627,103,0.00022397571592591703,True,0.021754972411074602,34,True
GO:0022857,297,0.00041508054709993303,True,0.0200703391801913,44,True
GO:0030036,30,6.337383820209652e-05,True,0.0,689,False
GO:0030134,23,2.175748704758007e-05,False,,,False
GO:0030136,24,4.222751522320323e-05,True,0.00527658389602248,249,False
GO:0030145,49,0.00035461795050650835,True,0.016562434503007983,65,False
GO:0030148,20,0.0005229210946708918,True,0.01278366840430789,107,False
GO:0030150,29,4.1208146285498515e-05,True,0.001536823322384473,337,False
GO:0030154,92,0.0002108724002027884,True,0.0,663,False
GO:0030163,30,6.039329673512839e-05,True,0.0,640,False
GO:0030170,46,0.004807055927813053,True,0.0015274783632057698,338,False
GO:0030234,54,0.00020666830823756754,True,0.015067967775903135,75,False
GO:0030244,35,4.296183760743588e-05,True,0.004413908794290045,265,False
GO:0030246,56,8.906255970941857e-05,True,0.0,636,False
GO:0030247,84,8.35210521472618e-05,True,0.002600938928176033,304,False
GO:0030275,30,2.786712684610393e-05,False,,,False
GO:0030276,21,2.6525936846155673e-05,False,,,False
GO:0030295,21,6.14433956798166e-05,True,0.0,633,False
GO:0030422,29,1.42427097671316e-05,False,,,False
GO:0030527,30,5.602425153483637e-05,True,0.0,631,False
GO:0030533,688,0.00125686835963279,True,0.021155943220313667,39,True
GO:0030570,25,8.476092625642195e-05,True,0.007611894947915143,193,False
GO:0030599,69,0.00018350007303524762,True,0.0,622,False
GO:0030674,30,9.095299174077809e-05,True,0.005833041602207656,227,False
GO:0030968,35,0.00010894114529946819,True,0.005987110784325456,225,False
GO:0031011,27,8.167791384039447e-05,True,0.00617950484016605,221,False
GO:0031047,24,9.545086868456565e-06,False,,,False
GO:0031072,20,3.6781133530894294e-05,True,0.005308869174690534,247,False
GO:0031145,20,4.1173134377459064e-05,True,0.0,630,False
GO:0031146,78,0.00014034539344720542,True,0.013109505036578595,104,False
GO:0031201,49,0.0008396445191465318,True,0.0,629,False
GO:0031267,25,3.128485332126729e-05,True,0.0019213724345363836,324,False
GO:0031347,52,9.168792894342914e-05,True,0.00329593959660035,287,False
GO:0031348,26,0.00011117949907202274,True,0.00018184357610517843,380,False
GO:0031386,37,9.578357276041061e-05,True,0.0,628,False
GO:0031410,23,0.0024084672331809998,True,0.0,627,False
GO:0031490,36,9.348201274406165e-05,True,0.0,626,False
GO:0031507,38,0.0001345733180642128,True,0.00263530258963951,302,False
GO:0031593,32,2.558583946665749e-05,False,,,False
GO:0031624,51,1.3347163985599764e-05,False,,,False
GO:0031625,53,0.0001280337164644152,True,0.022148897007555624,32,True
GO:0031647,21,1.5183787581918295e-05,False,,,False
GO:0031966,33,0.0001667575997998938,True,0.0,624,False
GO:0031969,24,0.00010206524893874303,True,0.0,623,False
GO:0031977,54,0.0001286701299250126,True,0.0,641,False
GO:0031982,79,8.58794737723656e-05,True,0.0,661,False
GO:0032040,46,4.8000023525673896e-05,True,0.0,660,False
GO:0032050,23,1.8251499568577856e-05,False,,,False
GO:0032259,59,0.0024375105276703835,True,0.0,659,False
GO:0032502,26,9.421503636986017e-05,True,0.005448356927430176,241,False
GO:0032543,22,2.277005296491552e-05,False,,,False
GO:0032544,21,1.1039323908335064e-05,False,,,False
GO:0032588,22,4.018596428068122e-06,False,,,False
GO:0032875,24,9.901445446303114e-05,True,0.0,658,False
GO:0032934,23,1.4310180631582625e-05,False,,,False
GO:0032968,20,1.5466557670151815e-05,False,,,False
GO:0032981,23,1.6608175428700633e-05,False,,,False
GO:0032991,35,9.00373634067364e-05,True,0.0,657,False
GO:0033612,68,4.408555832924321e-05,True,0.005883047497698524,226,False
GO:0034063,22,1.4440654013014864e-05,False,,,False
GO:0034599,47,0.0006301716202870011,True,0.0,655,False
GO:0034605,75,4.5850851165596396e-05,True,0.0,653,False
GO:0034976,34,7.47233716538176e-05,True,0.0,652,False
GO:0035064,22,2.4043270968832076e-05,False,,,False
GO:0035091,57,7.996427302714437e-05,True,0.0,651,False
GO:0035195,63,0.00010079863568535075,True,0.0,650,False
GO:0035251,59,0.0030541596934199333,True,0.00015601907830498085,382,False
GO:0035267,22,8.600142609793693e-05,True,0.0031294705909805653,290,False
GO:0035556,143,0.0017057507066056132,True,0.0,649,False
GO:0036503,56,0.0001463359803892672,True,0.009205058266784416,170,False
GO:0038023,56,0.0005982925067655742,True,0.0067031185368235935,214,False
GO:0040029,75,0.0001302188029512763,True,0.006787328528600645,211,False
GO:0042023,21,1.2164579857198987e-05,False,,,False
GO:0042026,28,7.352193642873317e-05,True,0.0029736291022968153,293,False
GO:0042054,23,0.0001656307140365243,True,0.0,578,False
GO:0042127,27,3.8270580262178555e-05,True,0.00771461040300947,192,False
GO:0042147,31,4.6171044232323766e-05,True,0.0,535,False
GO:0042254,28,2.7891908757737838e-05,False,,,False
GO:0042273,26,2.550932185840793e-05,False,,,False
GO:0042393,93,0.00017034437041729689,True,0.010204933127616833,154,False
GO:0042538,56,0.0006136806332506239,True,0.0058213081557350055,229,False
GO:0042542,69,0.0003451057418715209,True,0.0014478200683318843,342,False
GO:0042545,59,0.00010847487283172086,True,0.0008680145944315321,361,False
GO:0042546,64,0.00019093997252639383,True,0.007130157505832679,202,False
GO:0042626,103,0.0010825509671121836,True,0.0,425,False
GO:0042631,41,0.00018766893481370062,True,0.0,424,False
GO:0042644,54,0.00014396771439351141,True,0.0,422,False
GO:0042651,32,0.00012230745051056147,True,0.005741137821858366,230,False
GO:0042742,356,0.0014063704293221235,True,0.007903271136897372,184,False
GO:0042744,24,0.0003828225308097899,True,0.0,420,False
GO:0042752,38,0.00016810868692118675,True,0.018465620292483775,54,True
GO:0042761,28,0.00029191034263931215,True,0.01111064716278487,134,False
GO:0042802,222,0.0013008743990212679,True,0.0,417,False
GO:0042803,238,0.0013334557879716158,True,0.0,416,False
GO:0042973,51,5.040110772824846e-05,True,0.002963527484270978,294,False
GO:0043022,38,1.907620026031509e-05,False,,,False
GO:0043067,24,5.606436388916336e-05,True,0.0009991085591067872,355,False
GO:0043068,20,1.50235318869818e-05,False,,,False
GO:0043069,20,5.352563675842248e-05,True,0.02163309455112783,36,True
GO:0043086,56,5.131057696416974e-05,True,0.0004946494339430618,369,False
GO:0043130,76,0.0003072788240388036,True,0.00544438822669413,242,False
GO:0043161,117,0.00047157853259705007,True,0.007361445307501269,198,False
GO:0043231,188,0.0006020821165293455,True,0.001300679359526269,346,False
GO:0043424,25,6.427198240999132e-05,True,0.005114138897861498,253,False
GO:0043495,20,3.7015051930211484e-05,True,0.0,411,False
GO:0043531,172,0.0002361359802307561,True,0.021654127455923877,35,True
GO:0043565,342,0.00045182774192653596,True,0.029336808149086346,15,True
GO:0043622,53,0.00011404908582335338,True,0.0,427,False
GO:0044024,72,5.427007272373885e-05,True,0.0,428,False
GO:0044027,20,2.566206967458129e-05,False,,,False
GO:0044183,32,4.39781833847519e-05,True,0.00946680399795885,164,False
GO:0045036,25,2.7055644750362262e-05,False,,,False
GO:0045037,32,5.9237343521090224e-05,True,0.0,430,False
GO:0045087,57,2.7054395104642026e-05,False,,,False
GO:0045088,35,3.2593266951153055e-05,True,0.0,446,False
GO:0045168,31,1.4749113688594662e-05,False,,,False
GO:0045259,25,0.00030544635956175625,True,0.0,444,False
GO:0045271,71,0.0007028609397821128,True,0.0,442,False
GO:0045292,31,6.532132829306647e-05,True,0.010021027187112619,158,False
GO:0045324,20,8.321947825606912e-05,True,0.0,441,False
GO:0045454,41,5.574250462814234e-05,True,0.004824702100348466,256,False
GO:0045490,25,5.8978857850888744e-05,True,0.0011001633218972184,352,False
GO:0045492,35,0.0007651705527678132,True,0.0,440,False
GO:0045595,23,1.9733939552679658e-05,False,,,False
GO:0045814,40,4.3792144424514845e-05,True,0.0,407,False
GO:0045892,171,0.00023489065642934293,True,0.0,437,False
GO:0045893,290,0.0004486457328312099,True,0.005272167685347551,250,False
GO:0045944,56,0.0001836971496231854,True,0.0,434,False
GO:0046540,28,5.457470251712948e-05,True,0.0,433,False
GO:0046686,67,0.000930989917833358,True,0.00573986488988143,231,False
GO:0046688,21,7.07849976606667e-05,True,0.0,432,False
GO:0046777,116,0.00020479234808590263,True,0.0,431,False
GO:0046854,25,0.0007737540872767568,True,0.011755819845273185,122,False
GO:0046856,27,0.0025628653820604086,True,0.01210277432176321,117,False
GO:0046872,93,0.00038017937913537025,True,0.0,405,False
GO:0046873,21,1.7116968592745252e-05,False,,,False
GO:0046910,78,0.00013371514796745032,True,0.02472616884733525,24,True
GO:0046933,25,0.0003264445113018155,True,0.003927873388423597,276,False
GO:0046961,28,0.00017034425400197506,True,0.0,393,False
GO:0046982,85,0.000636897049844265,True,0.0007251670723118497,364,False
GO:0046983,157,0.0002380103978794068,True,0.0006053770744927078,366,False
GO:0047262,25,0.0005694659193977714,True,0.017950689102290696,57,True
GO:0047372,21,5.299386248225346e-05,True,0.0012249690229304555,349,False
GO:0048046,342,0.004259252920746803,True,0.012230561449225075,115,False
GO:0048229,24,0.00034496173611842096,True,0.0,398,False
GO:0048235,35,9.647103433962911e-05,True,0.0,401,False
GO:0048278,25,0.00023794537992216647,True,0.0,402,False
GO:0048316,78,0.0002800956426654011,True,0.0,397,False
GO:0048364,211,0.0021471763029694557,True,0.0,399,False
GO:0048366,142,0.0014014068292453885,True,0.0033695933458592897,285,False
GO:0048367,87,0.001094954670406878,True,0.0,396,False
GO:0048443,25,0.0006016698898747563,True,0.0,392,False
GO:0048467,21,0.000309406197629869,True,0.0,387,False
GO:0048481,58,4.4738124415744096e-05,True,0.0,448,False
GO:0048510,41,9.901947487378493e-05,True,0.0,439,False
GO:0048527,55,0.00026063196128234267,True,0.0,461,False
GO:0048564,20,1.6339483408955857e-05,False,,,False
GO:0048573,53,0.00019538513151928782,True,0.00035025944967004286,373,False
GO:0048574,20,2.8190483135404065e-05,False,,,False
GO:0048653,40,0.0002571569348219782,True,0.00029247096420936813,375,False
GO:0048765,21,2.4613942514406517e-05,False,,,False
GO:0048766,20,0.00023440169752575457,True,3.865050322549024e-05,384,False
GO:0048767,55,0.000363793718861416,True,0.00793260048522848,183,False
GO:0048768,32,8.098898979369551e-05,True,0.0,504,False
GO:0048825,40,0.0005066382582299411,True,0.010806724672220991,141,False
GO:0048868,43,0.0001625322620384395,True,0.012027823888706823,119,False
GO:0050660,70,0.0034548137336969376,True,0.0,503,False
GO:0050661,35,0.0012896759435534477,True,0.0,502,False
GO:0050821,29,2.4333234250661917e-05,False,,,False
GO:0050826,25,0.00014058180386200547,True,0.0,501,False
GO:0050829,23,0.00048139874706976116,True,0.0023238497206932163,313,False
GO:0050832,241,0.0016029602847993374,True,0.017362301405372982,62,False
GO:0050897,46,0.0009398136171512306,True,0.0,500,False
GO:0051015,89,0.0005263500497676432,True,0.0,498,False
GO:0051017,21,1.5651798094040714e-05,False,,,False
GO:0051082,83,0.0001160146202892065,True,0.017229808528165913,63,False
GO:0051085,48,8.98311409400776e-05,True,0.0,512,False
GO:0051087,38,3.214694152120501e-05,True,0.0,494,False
GO:0051225,34,1.866148886620067e-05,False,,,False
GO:0051287,33,0.0017346094828099012,True,0.0,531,False
GO:0051301,91,0.00013100453361403197,True,0.0,525,False
GO:0051302,35,7.474577432731166e-05,True,0.0038874190085846916,278,False
GO:0051321,33,0.00018420610285829753,True,0.020175149159695538,43,True
GO:0051453,24,2.314414086868055e-05,False,,,False
GO:0051510,27,1.9848986994475126e-05,False,,,False
GO:0051555,24,0.0012749406741932034,True,0.0,523,False
GO:0051592,21,6.210536867001792e-06,False,,,False
GO:0051603,48,4.1602794226491824e-05,True,0.0,522,False
GO:0051607,50,0.00018826780433300883,True,0.0,521,False
GO:0051707,24,0.00032357656164094806,True,0.0,520,False
GO:0051726,40,6.212379230419174e-05,True,0.0,518,False
GO:0051762,23,0.00041960348607972264,True,0.006819995122815392,209,False
GO:0055028,45,1.719185456749983e-05,False,,,False
GO:0055046,29,5.900695759919472e-05,True,0.010475035771366326,149,False
GO:0055085,354,0.0011086283484473825,True,0.009229235361681187,168,False
GO:0060586,29,3.2318243029294536e-05,True,0.0,517,False
GO:0061025,28,0.00016596044588368386,True,0.0,516,False
GO:0061630,283,0.00030512287048622966,True,0.0003687618905896528,372,False
GO:0061631,40,0.000159639967023395,True,0.0,491,False
GO:0061809,31,2.0729050447698683e-05,False,,,False
GO:0070417,32,9.799427789403126e-05,True,0.004773062505576409,259,False
GO:0070588,36,3.068980004172772e-05,True,0.003318887897303169,286,False
GO:0070628,22,2.1492387531907298e-05,False,,,False
GO:0070971,20,1.121916102420073e-05,False,,,False
GO:0071004,31,6.896255945321172e-05,True,0.013929719186797529,91,False
GO:0071011,29,7.545843254774809e-05,True,0.013136643462216213,103,False
GO:0071013,55,0.00017965765437111259,True,0.01774443979125806,59,True
GO:0071215,41,0.00014488506712950766,True,0.002163744748116647,317,False
GO:0071230,22,2.9770621040370315e-05,False,,,False
GO:0071365,26,6.742227560607716e-05,True,0.0023931107627710446,311,False
GO:0071456,240,0.0012484926264733076,True,0.0,469,False
GO:0071472,37,8.447239815723151e-05,True,0.0023376374322232607,312,False
GO:0071555,21,1.732829878164921e-05,False,,,False
GO:0071577,21,0.00011182468006154522,True,0.0,467,False
GO:0071805,28,1.780124512151815e-05,False,,,False
GO:0071944,35,3.121667759842239e-05,True,0.01077194342100185,143,False
GO:0071949,51,8.051678742049262e-05,True,0.0,466,False
GO:0072583,37,3.958438173867762e-05,True,0.006804055422476418,210,False
GO:0080008,126,0.0004908001283183694,True,0.0015540104999631765,335,False
GO:0080022,44,0.0005327332764863968,True,0.0,462,False
GO:0080027,24,0.0001434853475075215,True,0.010647728669954004,145,False
GO:0080043,73,0.008859277702867985,True,0.009645210813382432,161,False
GO:0080044,62,0.005560729652643204,True,0.0008923245556391457,358,False
GO:0080092,40,4.233935032971203e-05,True,0.0018152026704030266,329,False
GO:0080147,33,0.00010231462511001155,True,0.0,451,False
GO:0080155,57,5.5542008340125903e-05,True,0.0052243485519303245,251,False
GO:0080156,30,3.565317820175551e-05,True,0.002403301437249983,310,False
GO:0080188,44,9.3471935542766e-05,True,0.0,459,False
GO:0090332,20,5.419127410277724e-05,True,0.007239818462237979,200,False
GO:0090333,42,0.0005504709552042186,True,0.0,458,False
GO:0090351,34,0.0003481697349343449,True,0.0,457,False
GO:0090404,27,1.3210462384449784e-05,False,,,False
GO:0090406,84,0.0003917902649845928,True,0.0,456,False
GO:0097602,28,0.00011820568761322647,True,0.0,455,False
GO:0098542,105,0.0001055220709531568,True,0.0,453,False
GO:0098662,28,2.3348138711298816e-05,False,,,False
GO:0099402,28,5.793366290163249e-05,True,0.001989073297515853,322,False
GO:0099503,169,0.0007242893916554749,True,0.0026298706488490087,303,False
GO:0140359,32,9.256847988581285e-05,True,0.0008370958917700566,363,False
GO:0140658,23,5.998856795486063e-05,True,0.0,452,False
GO:0140825,40,0.00028741464484483004,True,0.0,471,False
GO:0160062,23,0.0004473870503716171,True,0.0,472,False
GO:1900056,22,2.5529758204356767e-05,False,,,False
GO:1900057,21,3.0772367608733475e-05,True,0.004361616315102568,268,False
GO:1900150,37,0.0002630653325468302,True,0.0,473,False
GO:1900426,30,2.1662248400389217e-05,False,,,False
GO:1901149,29,0.0002547754847910255,True,0.0,489,False
GO:1901259,24,8.02571012172848e-05,True,0.006855764328771885,208,False
GO:1901371,20,1.5709385479567572e-05,False,,,False
GO:1902074,46,6.351617776090279e-05,True,0.014464602260680914,85,False
GO:1902531,45,4.5418451918521896e-05,True,0.0,488,False
GO:1902600,29,4.6120094339130446e-05,True,0.0006472449730097196,365,False
GO:1903409,29,5.6939086789498106e-05,True,0.021367390228659522,38,True
GO:1905392,22,0.00011097297829110175,True,0.018072858104418943,55,True
GO:1990110,29,6.449196371249855e-05,True,0.0,483,False
GO:1990904,30,5.6279524869751185e-05,True,0.0,482,False
GO:1990961,50,8.179747965186834e-05,True,0.003828229152411655,279,False
GO:2000008,51,5.55263104615733e-05,True,0.014417059478239125,87,False
GO:2000012,39,4.580960376188159e-05,True,0.0,481,False
GO:2000022,43,0.00024988543009385467,True,0.0,478,False
GO:2000028,69,0.0003546670195646584,True,0.0,477,False
GO:2000067,30,6.333210330922157e-05,True,0.0,476,False
GO:2000280,58,0.00013794437109027058,True,0.0,474,False
GO:2000377,34,5.320084164850414e-05,True,0.004325337251057659,271,False
GO:2000652,25,5.265334402793087e-05,True,0.0015531599281832786,336,False
