sample_id,split,negative_type,n_genes,source_pathway_ids,source_families,source_overlap_count,source_overlap_fraction,cross_same_family,generation_seed,gene_set_sha256
TRAIN_NEG_00000,train,random_5_30,23,,,0,0.0,False,142,68639f6c78c9c517009625fc4f0c12f4528ac94413a6439f6f23d0cd6fae7484
TRAIN_NEG_00001,train,shuffled,20,AC_DETOX1-PWY-1,AraCyc_Misc,0,0.0,False,142,9ec35e9961bac2e4694be6f3d723839c5140ccf7b96ce3c6fcf69177e2692378
TRAIN_NEG_00002,train,partial_50_80,40,ath04070,KEGG_SignalTrans,40,1.0,False,142,00120133d0868e3901a91402005c1fbddd2378506a54a5af9bb3278004e7fcfe
TRAIN_NEG_00003,train,cross_pathway,11,AC_LEUSYN-PWY;AC_PWY-8148,AraCyc_Misc;AraCyc_Misc,11,1.0,True,142,15670d8d83bd4341748e9b827b6e7d0e6ad99edaa6ab7266350f4d041eb1e905
TRAIN_NEG_00004,train,random_5_30,25,,,0,0.0,False,142,cd8725121f269e7fafbc5de288bcf7e150881dac2a937121b044999ec08a620e
TRAIN_NEG_00005,train,shuffled,15,AC_FASYN-ELONG-PWY,AraCyc_Lipid,0,0.0,False,142,72d9258da2a0725c60c9121e7a697dfc9819207a54dd97d1f1e0ccb10e68d36b
TRAIN_NEG_00006,train,partial_50_80,3,AC_PWY-8142,AraCyc_Misc,3,1.0,False,142,eb6b3ebf39d859dbb748d67c3e91b10f670615df07266db7632fecd2d4e13229
TRAIN_NEG_00007,train,cross_pathway,45,AC_BRANCHED-CHAIN-AA-SYN-PWY;ath00561,AraCyc_AminoAcid;KEGG_Lipid,45,1.0,False,142,0effbf058bb398384af13cc463b7e5c506d7c58bbc6497d40ac9324c1e9de796
TRAIN_NEG_00008,train,random_5_30,22,,,0,0.0,False,142,5a23b505343b391756c90b6eb60d44055fa29d579bc768e896b885450d2f1e1b
TRAIN_NEG_00009,train,shuffled,65,ath00073,KEGG_Cellular,0,0.0,False,142,de6ee39db7343b189ab912d392ef7bb659dd06bfc290ab7cd6fff99d3df1faa9
TRAIN_NEG_00010,train,partial_50_80,28,ath04136,KEGG_SignalTrans,28,1.0,False,142,24cd9cf39f4bbf0540670acf0d515a410c6e1bd6ba9e966f60a6176c8788f29f
TRAIN_NEG_00011,train,cross_pathway,10,AC_PWY-6199;AC_PWY-5027,AraCyc_Misc;AraCyc_Misc,10,1.0,True,142,fae084b7078bd625c07b84e9a318200eb26c602a744d98a54516b035a18eeabe
TRAIN_NEG_00012,train,random_5_30,13,,,0,0.0,False,142,371f728fd7717de261828ae0ff1814c3715ccb1ea4f14094bc1ee384ea4ce872
TRAIN_NEG_00013,train,shuffled,28,AC_PWY-5992,AraCyc_Misc,0,0.0,False,142,6b11aedd443ec6c4935fe3e6f28e98e9bd356a013a1d505907b0f5cf6575ff9e
TRAIN_NEG_00014,train,partial_50_80,6,ath03450,KEGG_GeneticInfo,6,1.0,False,142,10b3941b2cbd54385572befa1fe8cfdc19c66acb6ec42a64acb1403c369ec1ee
TRAIN_NEG_00015,train,cross_pathway,27,ath04981;AC_PWY-4221ARA,KEGG_SignalTrans;AraCyc_Misc,27,1.0,False,142,4f59870d4722c25a7ccc020ab894f4c1fde74b41887e17a670bb31654c8bf390
TRAIN_NEG_00016,train,random_5_30,13,,,0,0.0,False,142,760d60e6e6629ae98d4e59f0668d6743ae442a8025158dbf75300f9d63c90a60
TRAIN_NEG_00017,train,shuffled,59,AC_LIPASYN-PWY,AraCyc_Misc,0,0.0,False,142,a30ccb71898fb3658e0e9a4a107cf8cd364654d4968ade146bb91893deaf3d73
TRAIN_NEG_00018,train,partial_50_80,4,AC_PWY-5800,AraCyc_Misc,4,1.0,False,142,7a902b7818eba8dc007fcb74347d50bf1418e752d2ff32e92db86fdf622e2631
TRAIN_NEG_00019,train,cross_pathway,22,AC_PWY-7238;AC_ASPARAGINE-DEG1-PWY-1,AraCyc_Carbohydrate;AraCyc_Misc,22,1.0,False,142,3582bdd4c91dcac8892260b0626f853f7a507c6437741e6ab780e45dc378fb23
TRAIN_NEG_00020,train,random_5_30,23,,,0,0.0,False,142,0360d1bfea00f81203a7fd9cff78f4ef7fe8016702cba9b1af120fb821a9b4d9
TRAIN_NEG_00021,train,shuffled,6,AC_PWY-7184,AraCyc_Nucleotide,0,0.0,False,142,966d2ee30fcbbc8954427809a975f340108f752a8ddb8cda6038df44d3420fc6
TRAIN_NEG_00022,train,partial_50_80,29,AC_PWY-5321,AraCyc_Misc,29,1.0,False,142,e451d56464941875ec1def895b32cb935f954189c042bbb9ce939f540a893f91
TRAIN_NEG_00023,train,cross_pathway,8,AC_PWY-3461;AC_PWY-5143,AraCyc_Misc;AraCyc_Lipid,8,1.0,False,142,cc8e220f7f281ccf2421c8966780883e4ffb786f7cb71b7041df2e4978cec1c7
TRAIN_NEG_00024,train,random_5_30,14,,,0,0.0,False,142,0b2e0ca8a74fb47fd6bff16451d96c5916380cf10714eb3671e86edb017b964e
TRAIN_NEG_00025,train,shuffled,27,AC_PWY-5147,AraCyc_Misc,0,0.0,False,142,9a49c58da4ef53bef1db2fb555d1d7eba8c9a68b8aee376931326628f3c5d764
TRAIN_NEG_00026,train,partial_50_80,18,AC_PWY-7200,AraCyc_Nucleotide,18,1.0,False,142,6eb44c878c42e1503235db2737090fe7ffd4086ee14f02cc4c7e082dde14de68
TRAIN_NEG_00027,train,cross_pathway,7,AC_COA-PWY;AC_PWY-5041,AraCyc_Misc;AraCyc_AminoAcid,7,1.0,False,142,068a96fd79a96d4ddc528733c43925553b90875bb2ab27a86c0f4c6219c77f92
TRAIN_NEG_00028,train,random_5_30,9,,,0,0.0,False,142,cbecf95285e84f9766d8b554897db24ad5ddfe48d6b618433437eacf05f3ff6f
TRAIN_NEG_00029,train,shuffled,223,ath04141,KEGG_SignalTrans,3,0.013452914798206279,False,142,074d779dabc3bf67cab5b0d0254eccb147e77e69e435e047b6d7bff1b50824fc
TRAIN_NEG_00030,train,partial_50_80,10,AC_PWY66-430,AraCyc_Misc,10,1.0,False,142,2027be72b7f2124a167a344b16df9936a319cce89e7b54198893470cae5ce01a
TRAIN_NEG_00031,train,cross_pathway,10,ath00902;AC_PWY-6612,KEGG_Cellular;AraCyc_Cofactor,10,1.0,False,142,706fe753cb033b97edae89c4beae242940d7d87b77bc241fe03b55714da8b960
TRAIN_NEG_00032,train,random_5_30,6,,,0,0.0,False,142,a18b7d2f5cc559ddddbfb4b4759f71a3d384a5072e0ddf03fd5fbd54f130bec3
TRAIN_NEG_00033,train,shuffled,11,AC_PWY-5386-1,AraCyc_Misc,0,0.0,False,142,fbe8c3dac2ee195f482a1f05801ae2386b9a62ab93225064d4727ddbc528f634
TRAIN_NEG_00034,train,partial_50_80,10,AC_ASPASN-ARA-PWY,AraCyc_Misc,10,1.0,False,142,0ccddc6428ba6622beca3bc9584320107052120f2c29beb555fcb10a21e77652
TRAIN_NEG_00035,train,cross_pathway,28,ath00071;AC_HISTSYN-PWY,KEGG_Lipid;AraCyc_Misc,28,1.0,False,142,00377c9429ca4722ad8a5334a7995ec5cba12826a6ddc4d517af19598e4816bb
TRAIN_NEG_00036,train,random_5_30,12,,,0,0.0,False,142,1f2c92a40955ccbc17e3ce05419949183043e599438d30aca5034cffa29d5188
TRAIN_NEG_00037,train,shuffled,13,ath00514,KEGG_Lipid,0,0.0,False,142,ae861f9dea121d56a44a37ea333f06d9d7eb8fd6775117f2cf7163c679e0107b
TRAIN_NEG_00038,train,partial_50_80,4,AC_PWY-6908,AraCyc_Cofactor,4,1.0,False,142,0199b5ce87a546183992fe1fba2f1ed69ef829051ff3715e2c5c8d94acf17cf4
TRAIN_NEG_00039,train,cross_pathway,83,ath00190;AC_PWY-5129,KEGG_Metabolism;AraCyc_Lipid,83,1.0,False,142,2b9b1ef59c8191c1483490f271d851f5a941394f6745254154f04a909318c825
TRAIN_NEG_00040,train,random_5_30,18,,,0,0.0,False,142,51e94908810dc4dd30d374e6c923d3afb9c58e5b74443b855ce3bb025860c3f0
TRAIN_NEG_00041,train,shuffled,12,AC_PWY-5788,AraCyc_Misc,0,0.0,False,142,d6672ace35f49ba5fafe9e490d81141f3b1fe926ff2add1d55aa9cb3a7e89b87
TRAIN_NEG_00042,train,partial_50_80,7,ath00566,KEGG_Lipid,7,1.0,False,142,51b03c55308790b6f7a7222b518d45bc9179d1db7a7736215bc9ddd868eaae27
TRAIN_NEG_00043,train,cross_pathway,4,AC_PWY-5269;AC_PWY-8475,AraCyc_Misc;AraCyc_Misc,4,1.0,True,142,c888333b991368b87493a75b7ddbdb08e61d12134f2506f9ddefc1cc9dd57deb
TRAIN_NEG_00044,train,random_5_30,16,,,0,0.0,False,142,d3c01da7a28a0c295a15667ba7c5be1ce23a6e4e25d6832552d26a295f73403d
TRAIN_NEG_00045,train,shuffled,102,ath00480,KEGG_Cellular,2,0.0196078431372549,False,142,bb91ce2853a234fe491faa8cb0ddf7074d0d9880bac0db184fe6af695ea0a53c
TRAIN_NEG_00046,train,partial_50_80,6,AC_PWY0-1319,AraCyc_Misc,6,1.0,False,142,c10fabd9408c07f3733134ef0652e1e4593f20453a1eaea4f964b81c709b525f
TRAIN_NEG_00047,train,cross_pathway,15,AC_PWY-181;AC_PWY-5046,AraCyc_Misc;AraCyc_Misc,15,1.0,True,142,4ff69883a4c49135521786a5a5f3676c57924c656453d1c0770718c93e179ab2
TRAIN_NEG_00048,train,random_5_30,20,,,0,0.0,False,142,439b80a6c9fed0b383d5328a0845bf063dd862943fc7e3dd0dc722a0cf41675d
TRAIN_NEG_00049,train,shuffled,22,ath00950,KEGG_Cellular,0,0.0,False,142,413ac5a9165f5ea7bdd3f2d5d5563edb789cdf18b01713c1e9cb499684f00037
TRAIN_NEG_00050,train,partial_50_80,8,AC_PWY-4221ARA,AraCyc_Misc,8,1.0,False,142,f6d2676040e1a6286e4bd47935750cab397c1e1141ec343e81858a62607a148b
TRAIN_NEG_00051,train,cross_pathway,14,AC_PWY3O-450;AC_PWY-181,AraCyc_Misc;AraCyc_Misc,14,1.0,True,142,c5734f40e626d156f244f097860f2387cc9765d500587b210c0d402b7a037565
TRAIN_NEG_00052,train,random_5_30,15,,,0,0.0,False,142,9d5887351f879815ef354f8b58aafbd4f104aa707d16c1dd14b72a9f4ce4ceb7
TRAIN_NEG_00053,train,shuffled,43,AC_PWY-5390,AraCyc_Misc,0,0.0,False,142,7cbb2a75e039b0fe3073eed31830eef75b4647bbe72c541e53559a29d6725c93
TRAIN_NEG_00054,train,partial_50_80,31,ath03460,KEGG_GeneticInfo,31,1.0,False,142,d099dc3b5dfe67c7506b234b0372a38c5302439f9f6a0bc16e31c13a5a3bcc66
TRAIN_NEG_00055,train,cross_pathway,11,AC_CHLOROPHYLL-SYN;ath00590,AraCyc_Misc;KEGG_Lipid,11,1.0,False,142,276820bda4f7dbc8a2f211d968effc5c94ca90816166840f5f799c2c1516368b
TRAIN_NEG_00056,train,random_5_30,21,,,0,0.0,False,142,e786fb2d1594aa11d8838269ab9e24afee02b5f73550603b4fd058ffafcf629f
TRAIN_NEG_00057,train,shuffled,10,AC_PWY-6556,AraCyc_Nucleotide,0,0.0,False,142,0a410ba4133e97b6e021c9b76d63d6daa5b17f97aa16361339850b76f9c439ce
TRAIN_NEG_00058,train,partial_50_80,18,AC_PENTOSE-P-PWY,AraCyc_Misc,18,1.0,False,142,a1325506b2d03cfba887b19f3c851fccf09f35de14861a2acb1f47ec00240a9b
TRAIN_NEG_00059,train,cross_pathway,6,ath04082;AC_PWY-5859,KEGG_SignalTrans;AraCyc_Misc,6,1.0,False,142,66a9292b085bb160bee160c4daa0f7d9d93ddaf0f1fe4ce79bd7c041b645bfe1
TRAIN_NEG_00060,train,random_5_30,17,,,0,0.0,False,142,3fcf79c9a81796c221286a93cdb6f4996819923157a5de6f84bfc6d72be8a633
TRAIN_NEG_00061,train,shuffled,34,AC_PWY-581,AraCyc_Misc,0,0.0,False,142,d54248c28decd017e34993385145722552340fa87fbed2164f1587fe4e4208e1
TRAIN_NEG_00062,train,partial_50_80,18,ath00310,KEGG_Cellular,18,1.0,False,142,cd8aa8fb56163e8e16c4301d1edc24ba444348140e3757e6561edb146a9bc9bc
TRAIN_NEG_00063,train,cross_pathway,29,ath00071;AC_ARGSYNBSUB-PWY,KEGG_Lipid;AraCyc_AminoAcid,29,1.0,False,142,cf3fcd3b518c3884bfc8ae54fc5f65c200c7f09b0c69666e54f265a33719233c
TRAIN_NEG_00064,train,random_5_30,15,,,0,0.0,False,142,917eb5425ca63df702d5b5052b3c13e616d4e31dcafc9781c0e6ae253574dca9
TRAIN_NEG_00065,train,shuffled,35,AC_PWY-3801,AraCyc_Carbohydrate,0,0.0,False,142,5ebbfb392593f29e5d9d05ebcf74b1b951fc266dbbd60223b998b523cd2c9ff9
TRAIN_NEG_00066,train,partial_50_80,18,AC_PWY-3001,AraCyc_Misc,18,1.0,False,142,209a86b31441b297f3b55baf62b10d90e33090a5915cac7b7cf9b364dd2bfad9
TRAIN_NEG_00067,train,cross_pathway,23,AC_PWY-8475;AC_PWY-5390,AraCyc_Misc;AraCyc_Misc,23,1.0,True,142,fa6afbdbded347171987c22692ee8361e2a772f00c8ee2530d9cdd84d29bf2d1
TRAIN_NEG_00068,train,random_5_30,14,,,0,0.0,False,142,7bcb98be09eef633b6b7c4a2b1d8f102dfd793cbfa14cbc1791d7a2b2fc61c02
TRAIN_NEG_00069,train,shuffled,23,AC_ETHYL-PWY,AraCyc_Misc,0,0.0,False,142,34802d2cf6b0718712370481459eaf20a4458ee41105778920d0e1ac90b4229f
TRAIN_NEG_00070,train,partial_50_80,3,AC_PWY-6544,AraCyc_Misc,3,1.0,False,142,81936504294a538575cc448d31fe6f4fd24e37a6094b9676de1961ab47f39396
TRAIN_NEG_00071,train,cross_pathway,83,ath04144;AC_PWY0-1264,KEGG_SignalTrans;AraCyc_Cofactor,83,1.0,False,142,9b3104f8dcdfbacf2eaca6d9b77f0eb1537964612fc1d8d346369389dadab95b
TRAIN_NEG_00072,train,random_5_30,22,,,0,0.0,False,142,b116b3f2b1d92bb725fb174adc131410edddf41e2209f0279db8d6c1ebf5057a
TRAIN_NEG_00073,train,shuffled,10,AC_GLUTORN-PWY,AraCyc_Misc,0,0.0,False,142,bfe3b02b124ff57686c02150deacef14249c7a175a2e39d91da137a17d74b75d
TRAIN_NEG_00074,train,partial_50_80,5,ath00905,KEGG_Cellular,5,1.0,False,142,8256d12e49fcf3ecf0e4791670ec6bc4c70761321f630f3edbaa69175421cb7e
TRAIN_NEG_00075,train,cross_pathway,33,AC_PWY-7039;ath04981,AraCyc_Misc;KEGG_SignalTrans,33,1.0,False,142,fbf25b28295ce0d2d27aa90e95f533cfb6518498a98cc2c4baa40d3c3c8dfbc2
TRAIN_NEG_00076,train,random_5_30,28,,,0,0.0,False,142,8ad5ca787c72f2f18e1916d789d50246ab0dbbda4394056efd5b8bf002c1112c
TRAIN_NEG_00077,train,shuffled,5,AC_PWY-4861,AraCyc_Misc,0,0.0,False,142,ed1414424e54fb3ab1ccaac4ad2e53c6641432c568c7494857e4ec39adab25b7
TRAIN_NEG_00078,train,partial_50_80,5,AC_PWY-6051,AraCyc_Misc,5,1.0,False,142,5e1b00f6d66cc8296a91b7676466b0da30bca6a148d50d9da2ca2eec8c0330f6
TRAIN_NEG_00079,train,cross_pathway,11,AC_GLUCOSE1PMETAB-PWY;AC_HISTSYN-PWY,AraCyc_Carbohydrate;AraCyc_Misc,11,1.0,False,142,903716921f59c7374f480b31b08d8559b0fba22253b83f3a83e549751a99a52a
TRAIN_NEG_00080,train,random_5_30,6,,,0,0.0,False,142,277470a53a263218482531a77bac8c95db3247de328d37165e2f1cc34c930717
TRAIN_NEG_00081,train,shuffled,34,AC_PWY-6348,AraCyc_Misc,0,0.0,False,142,1d58329f2f158a83b5ac6642543d44dffa3e4ece6ff02dced975236d6c980f3b
TRAIN_NEG_00082,train,partial_50_80,19,AC_PWY-6549,AraCyc_Misc,19,1.0,False,142,a87c700789d09c54e94ecd013194ae473f951418c46b1790783519bac030c0a1
TRAIN_NEG_00083,train,cross_pathway,16,AC_PWY-3561;ath00950,AraCyc_Misc;KEGG_Cellular,16,1.0,False,142,1ea034a2a489f6a632290ea051d8e8af90cb0a4a00339ed610e76acffa5f1db0
TRAIN_NEG_00084,train,random_5_30,29,,,0,0.0,False,142,a77a24c5aa58547e840d0f4c4af369611854c503a5c0fca0d5518b5f524ea0af
TRAIN_NEG_00085,train,shuffled,71,ath00561,KEGG_Lipid,1,0.014084507042253521,False,142,25f2c9ea5777a2e2541659bfb29d054b24fbcbeee7ab66691a9104cf5a41736b
TRAIN_NEG_00086,train,partial_50_80,52,ath01212,KEGG_Lipid,52,1.0,False,142,912f1dcfaed4a03477be5053ee007c72772bca215fde3ff66762da4d7663e9e0
TRAIN_NEG_00087,train,cross_pathway,12,ath00660;AC_PWY66-430,KEGG_Cellular;AraCyc_Misc,12,1.0,False,142,ca469d9f74248d269edd841981244800bcddccc81b00a2d9207a89e72ef476f8
TRAIN_NEG_00088,train,random_5_30,11,,,0,0.0,False,142,56ea417cf66a85b69bca244e17535f0a2fa0d5818b0854e6b4cc130d47a5e008
TRAIN_NEG_00089,train,shuffled,82,ath04814,KEGG_SignalTrans,0,0.0,False,142,067b9cae7e169b746f47a90752b236d3fe4c9d4bebe486bfe7003c2fcb3c3110
TRAIN_NEG_00090,train,partial_50_80,30,ath03440,KEGG_GeneticInfo,30,1.0,False,142,8269ed718c6dda3b64cb555acd6605f43919e36f1160be3ce4404fcd483491d6
TRAIN_NEG_00091,train,cross_pathway,25,AC_PWY-581;AC_PWY-5123,AraCyc_Misc;AraCyc_Misc,25,1.0,True,142,b0e21a24b7594f5d0a59c7a40c39db090c1f5a8068655dbf253b3e3d0126d303
TRAIN_NEG_00092,train,random_5_30,8,,,0,0.0,False,142,57ebebd2f0d8f7c476bb50ee40d81d10cf999ad67b865d0f7d128905dcd7f182
TRAIN_NEG_00093,train,shuffled,25,ath00941,KEGG_Cellular,0,0.0,False,142,eef2598a77775058cb1364007579f70f06200e1b0b0bd4659d26e6345ff1a6b2
TRAIN_NEG_00094,train,partial_50_80,48,ath00020,KEGG_Cellular,48,1.0,False,142,27a786e08d029a3f89769c9709ec6102128c7f87477d9c282cf193f898fbb8a9
TRAIN_NEG_00095,train,cross_pathway,9,AC_PWY-7120;AC_PWY-4221ARA,AraCyc_Misc;AraCyc_Misc,9,1.0,True,142,9a66104a0cdd191f1f3be01c9c3ca9c90ff0be1348b6ca035756ce5a0bbea41d
TRAIN_NEG_00096,train,random_5_30,6,,,0,0.0,False,142,0e4935284dedd9e86bca69ebdd51ffd86cd3fe91a5008e82137763fdb16730d1
TRAIN_NEG_00097,train,shuffled,20,AC_DETOX1-PWY-1,AraCyc_Misc,0,0.0,False,142,1cda71bf3a722ebedf9a87f494e265957a24208ccd96c2ea2172225df59646c3
TRAIN_NEG_00098,train,partial_50_80,46,AC_PWY-1121,AraCyc_Misc,46,1.0,False,142,e1340759726239cc76b9ac89b7ed4f1ea8e620fd0cd908649166154efe170db8
TRAIN_NEG_00099,train,cross_pathway,29,AC_ETHYL-PWY;AC_PWY-5723,AraCyc_Misc;AraCyc_Misc,29,1.0,True,142,c94f65feeb76cb705197fa300811b6696ffe2cc42833d33ed89d76378d4a02d6
TRAIN_NEG_00100,train,random_5_30,21,,,0,0.0,False,142,b7b5ab69f43c9b6c55bf6ccbc4579e09d705472b48a86c3b828350de3dbe0671
TRAIN_NEG_00101,train,shuffled,57,AC_TRIGLSYN-PWY,AraCyc_Misc,0,0.0,False,142,986692e8ae8e4dc5b8875b45b454e9bd067b667bdf227a0a74e86a7ae94d5b6f
TRAIN_NEG_00102,train,partial_50_80,8,AC_PWY-6554,AraCyc_Misc,8,1.0,False,142,0cb933a346aadab6026b98f0b455049d326efae6feabc6fabfe0506e9be8235b
TRAIN_NEG_00103,train,cross_pathway,39,AC_PWY-3001;AC_PWY-5484,AraCyc_Misc;AraCyc_Misc,39,1.0,True,142,ae3e3d82d556214c3e920c702a05711951759654857a7e3df23d6346de228812
TRAIN_NEG_00104,train,random_5_30,20,,,0,0.0,False,142,08137f7a343893412258cc692a7946e3eff4e5c4d5d884195d6d1dfe68a49898
TRAIN_NEG_00105,train,shuffled,19,AC_PWY-6607,AraCyc_Nucleotide,0,0.0,False,142,6d42c51bc915f3d01ad834dfb14f3552bb95796ca2058233288aa0984a8fa1d8
TRAIN_NEG_00106,train,partial_50_80,3,AC_PWY-6364,AraCyc_Misc,3,1.0,False,142,e410f5f4e350f2fd32c171b7c9e8bfc502606b4ee2f292004232f5fcab30dbe9
TRAIN_NEG_00107,train,cross_pathway,7,AC_PWY-6613;AC_PWY-7356,AraCyc_Cofactor;AraCyc_Cofactor,7,1.0,True,142,c3aaac0e508058a47b6f166e102da4538b1f1082834311bf6e8a6bb1d4439609
TRAIN_NEG_00108,train,random_5_30,16,,,0,0.0,False,142,9ccd6ca5770d38d3d91943fc40b89594213edecbeef3f856949bc142e84ad24b
TRAIN_NEG_00109,train,shuffled,97,ath00620,KEGG_Cellular,0,0.0,False,142,856d6b4719623e02e27aa82ffa158d40decc19fd31227a52e74e862f88f8d0c8
TRAIN_NEG_00110,train,partial_50_80,298,ath03010,KEGG_GeneticInfo,298,1.0,False,142,6f35abd2e77a7d4cc357bce91e5d81791e9e4f28d111da74d0c75b97af682b4e
TRAIN_NEG_00111,train,cross_pathway,25,AC_PWYQT-4449;ath04382,AraCyc_Misc;KEGG_SignalTrans,25,1.0,False,142,a4074167836d9aef2c3344f91db545323de44c984262248966a8a19fbac44259
TRAIN_NEG_00112,train,random_5_30,12,,,0,0.0,False,142,061510fcd730a1ebedc34aa959a101b5887fb766f8905cba2d7b0b85cd9171fa
TRAIN_NEG_00113,train,shuffled,8,AC_PWY-6051,AraCyc_Misc,0,0.0,False,142,3d0569f9d08ad0c27445173c0a116943fd6d5442c3458d033fe38b0b230c9ff4
TRAIN_NEG_00114,train,partial_50_80,8,AC_PWY-6792,AraCyc_Misc,8,1.0,False,142,658e35186684474fc8fec0f2bee7322a2b0509456f079a87f156e22db81de997
TRAIN_NEG_00115,train,cross_pathway,29,AC_PWY-8148;ath04130,AraCyc_Misc;KEGG_SignalTrans,29,1.0,False,142,d441a5433fb92086fc17a85a2db25b29b3743566fa990be227e65a0f79c85fec
TRAIN_NEG_00116,train,random_5_30,24,,,0,0.0,False,142,dfdf91e9cdcc131e945ef7419053e513ee7c213fcad638f0324d077bfcbf4631
TRAIN_NEG_00117,train,shuffled,151,ath00190,KEGG_Metabolism,2,0.013245033112582781,False,142,9ce3b163574a0d2588cdd258fcf6ed77000b6d011c823aca5217e5717eb3f505
TRAIN_NEG_00118,train,partial_50_80,28,AC_CITRULBIO-PWY,AraCyc_Misc,28,1.0,False,142,285c9fe56838dfc7a23b5c36de5e589940986637326a513e8924d2d6e034fc4b
TRAIN_NEG_00119,train,cross_pathway,18,AC_COMPLETE-ARO-ARA-PWY;AC_PWY-7546,AraCyc_AminoAcid;AraCyc_Misc,18,1.0,False,142,da3de0501e360293dc950aa1fe7b23b027df389c62fe657b7612b76d78d10e00
TRAIN_NEG_00120,train,random_5_30,20,,,0,0.0,False,142,7f96de7cfcb20be6ac40c74b78bdf258465855f8e1dcb2856c484cc703786003
TRAIN_NEG_00121,train,shuffled,14,AC_PWY-3101,AraCyc_Misc,0,0.0,False,142,6e5aa731235dafcdd363d918364cec0c11b1277ac5e7160ce1c423c6d72724cc
TRAIN_NEG_00122,train,partial_50_80,7,AC_PWY-922,AraCyc_Misc,7,1.0,False,142,309c7d210eab489c9d9db84d786208b097a08dd09ac493a42427f701ca1a7909
TRAIN_NEG_00123,train,cross_pathway,15,AC_PWYQT-4477;AC_ARGSYNBSUB-PWY,AraCyc_Misc;AraCyc_AminoAcid,15,1.0,False,142,4e2de643d3db46b0b7417ebcfd6a5b0ef453d211581b4026416d9f518482d3fe
TRAIN_NEG_00124,train,random_5_30,22,,,0,0.0,False,142,389d2c26252fdc91dfb184f1edcf77ccc6f12a1194871bef9b5bae5d7c5bf72e
TRAIN_NEG_00125,train,shuffled,48,AC_GLUCONEO-PWY,AraCyc_Misc,0,0.0,False,142,658be1c4b72e5b6a226b9011f63f1a32726b0693a440dc5ad5d18cdf64f3f81d
TRAIN_NEG_00126,train,partial_50_80,10,AC_PWY-5173,AraCyc_Misc,10,1.0,False,142,51fa82aceeffaeb2c55501f8bd3e65f7558c5b243e9bd61c4e936b1846711dd3
TRAIN_NEG_00127,train,cross_pathway,21,AC_PWY-5121;ath00261,AraCyc_Misc;KEGG_Cellular,21,1.0,False,142,8089a69c5dad8841e435160765afe47c2b0eea68d1400fc1f8c6adc8a83470d5
TRAIN_NEG_00128,train,random_5_30,14,,,0,0.0,False,142,30d3d4776a31355f9bc2b3f6f4ca9a9c8338282910dc66930489cb0e33cd78a1
TRAIN_NEG_00129,train,shuffled,5,AC_PWY-8458,AraCyc_Misc,0,0.0,False,142,2ffbb9dc0b9e16ec3b9c4757f39e57bba6643f2bb523117243b37661a1ec8c31
TRAIN_NEG_00130,train,partial_50_80,28,AC_PWY-6266-ARA,AraCyc_Misc,28,1.0,False,142,76aa7f789a62a317d789d1bbfe903cfa662ad1dbc83fcb91a7c46b179ef9350a
TRAIN_NEG_00131,train,cross_pathway,6,AC_PWY-641;AC_PWY-5947,AraCyc_Misc;AraCyc_Misc,6,1.0,True,142,12cccfeac074ffea9571772fd4454f4ffa34db14c7e690a92b91404cb8212985
TRAIN_NEG_00132,train,random_5_30,5,,,0,0.0,False,142,b4ce452827db8af2c11b9c41c6d9fdd059abf96251d2d86e8e572749b5ecaf4b
TRAIN_NEG_00133,train,shuffled,5,AC_PWY-4702,AraCyc_Misc,0,0.0,False,142,4f81da97b1d5af8d383f26d4a1fa7d65769c63d37d48e2e0fbbdb0907a5ecc64
TRAIN_NEG_00134,train,partial_50_80,53,ath04814,KEGG_SignalTrans,53,1.0,False,142,7fd10a964fdb67d0e9f52eb53b4abebbfab4fabe022269926a27a99860d8446c
TRAIN_NEG_00135,train,cross_pathway,12,ath04620;AC_PWY-7356,KEGG_SignalTrans;AraCyc_Cofactor,12,1.0,False,142,e6fd64df33d8444fc126403555ec4834510db40daedaf30c39644a06ab90910e
TRAIN_NEG_00136,train,random_5_30,9,,,0,0.0,False,142,5738ff964c08086588c6c30d5a9655865d26d053e4e4b87d4b64fba6e59eadad
TRAIN_NEG_00137,train,shuffled,20,AC_DETOX1-PWY-1,AraCyc_Misc,0,0.0,False,142,0b97419aff2ae957eaab74bf6c3e3f1e892d7d91e9c30535a263d30272da9609
TRAIN_NEG_00138,train,partial_50_80,115,ath04142,KEGG_SignalTrans,115,1.0,False,142,9c4cd5177e0b34499359ccacca18359324ce9a4b9e62c0e44b28487b08e62206
TRAIN_NEG_00139,train,cross_pathway,25,AC_PWY-2541;AC_PWY-621,AraCyc_Lipid;AraCyc_Carbohydrate,25,1.0,False,142,c159faa6b0b332b9ed714dc8dcb031a329135c8a0632f695f5dd388f49fe5e18
TRAIN_NEG_00140,train,random_5_30,22,,,0,0.0,False,142,a8edccf83be170afb2360e6e9133a0fd464f41746127fa692a106ead2ac10320
TRAIN_NEG_00141,train,shuffled,15,AC_PWY-5097,AraCyc_AminoAcid,0,0.0,False,142,3e35ac302900b1628e628e982d9e30b4094bda9f02d8fde33e0e1b02edf6ddaa
TRAIN_NEG_00142,train,partial_50_80,25,ath00410,KEGG_Cellular,25,1.0,False,142,7f69d945b777e968d4d2c7ca8f5c0a0434bf704e771085e626e585480bd39c62
TRAIN_NEG_00143,train,cross_pathway,37,ath00790;ath00910,KEGG_Cellular;KEGG_Cellular,37,1.0,True,142,7795b218766a87ad12e8ff87a013c7e50118f6786f528e27d72e3ecd7f05d38d
TRAIN_NEG_00144,train,random_5_30,18,,,0,0.0,False,142,46aff5cb18d5437c4373bddca8c097c9a651eda7ea9e99863d89949d09b72a45
TRAIN_NEG_00145,train,shuffled,6,AC_ILEUSYN-PWY,AraCyc_Misc,0,0.0,False,142,4f69227b65f94f8df22ae30df57ab98994f5b472e832797efaecdef6f34c72e5
TRAIN_NEG_00146,train,partial_50_80,189,ath01240,KEGG_Cellular,189,1.0,False,142,575e3321ca16a3bb6d82d80632abb5946e8223868f2c33f9eb7d5b731a0399fd
TRAIN_NEG_00147,train,cross_pathway,29,ath00470;ath00280,KEGG_Cellular;KEGG_Cellular,29,1.0,True,142,02d0402b9a34c91ed31a9b1b3dbc26a845fdb351fa4fbff95521d92a70dc2d03
TRAIN_NEG_00148,train,random_5_30,10,,,0,0.0,False,142,688e9020c064d5144235c5e970ca28bf9452ec891cbc6a1983452776a9be0c6f
TRAIN_NEG_00149,train,shuffled,13,AC_PWY0A-6303,AraCyc_Misc,0,0.0,False,142,05fb111f45e3e1acf7b13b1340c4d2f4620ce90fd4ece2f401d87a29b827acba
TRAIN_NEG_00150,train,partial_50_80,3,AC_PWY-882,AraCyc_Misc,3,1.0,False,142,71792507cf57eb882c75f993ac3848d130aa4bf8dddc0d84792cf4972147eafc
TRAIN_NEG_00151,train,cross_pathway,64,ath03015;AC_PWY0-461,KEGG_GeneticInfo;AraCyc_AminoAcid,64,1.0,False,142,5a3099726f8f0f7841ceb18218f202743145710f8291994477fdad74b2e33f0c
TRAIN_NEG_00152,train,random_5_30,15,,,0,0.0,False,142,1659614f71017757a20c832fa463cc3defa7069a9f037bac151b760dc80691ba
TRAIN_NEG_00153,train,shuffled,13,ath04122,KEGG_SignalTrans,0,0.0,False,142,030a9dcd96757f34eefb901932f742e649c03abd2132a558b8e095503090b963
TRAIN_NEG_00154,train,partial_50_80,189,ath03040,KEGG_GeneticInfo,189,1.0,False,142,90237060d16f19e631f34780f8d0deb6be018eb53625b6b178e4355191c9e5b5
TRAIN_NEG_00155,train,cross_pathway,63,ath00270;AC_PWY-5041,KEGG_Cellular;AraCyc_AminoAcid,63,1.0,False,142,a7f7d5f62fea54fc97131bf65de1844ed56f0333c88beba6d920d987101f45d2
TRAIN_NEG_00156,train,random_5_30,22,,,0,0.0,False,142,820ce4db7908c68aadea2108a9fa33f99712b663d3a2d762e50da1a37f62b933
TRAIN_NEG_00157,train,shuffled,55,ath04130,KEGG_SignalTrans,0,0.0,False,142,77123b2265345d5fdf93637b01f56567e0d19b31bead2673f6db5757fb5533da
TRAIN_NEG_00158,train,partial_50_80,7,ath00430,KEGG_Cellular,7,1.0,False,142,94293f24f8b69b9d8c2ef1d7322280dabd6bfc67a5bcbb9c1e2e229eb9b5be02
TRAIN_NEG_00159,train,cross_pathway,12,AC_PWYQT-4450;AC_PWY-622,AraCyc_Misc;AraCyc_Carbohydrate,12,1.0,False,142,743c8f172e2c87201f00528e6b2ece952c2531dff88c4e6c5943248d867179f5
TRAIN_NEG_00160,train,random_5_30,18,,,0,0.0,False,142,1375c40e1d94e5d9a74a2263bd216b8b7e692f16968f9ba92031fac5d9faee40
TRAIN_NEG_00161,train,shuffled,18,AC_PWY-4101,AraCyc_Misc,0,0.0,False,142,d4a97a77603116d77c2da06c26152383d432d90f401446fa78bb9465b7bd7b03
TRAIN_NEG_00162,train,partial_50_80,7,ath04518,KEGG_SignalTrans,7,1.0,False,142,dc831818344e0643ccc2a442e28ed3f654ed5cb929a096928b8c7d10cd4bdf3c
TRAIN_NEG_00163,train,cross_pathway,38,AC_DTDPRHAMSYN-PWY;ath01212,AraCyc_Misc;KEGG_Lipid,38,1.0,False,142,126521652976ec739813a9c9414369e8408c9fa18736afc8d02a1f89657774d4
TRAIN_NEG_00164,train,random_5_30,7,,,0,0.0,False,142,8c716b573a818ead3903b8aae9a722cc824e69c7705df30505dc45ee81109c74
TRAIN_NEG_00165,train,shuffled,10,AC_PWY-7204,AraCyc_Cofactor,0,0.0,False,142,a2da04f8f213549c1b123c4e2f52c58c326c6483e25070ddb67dcf11c87cfa93
TRAIN_NEG_00166,train,partial_50_80,8,AC_PWY-5129,AraCyc_Lipid,8,1.0,False,142,b05fcb6bfa69b13c70ad6c9a282915bfba1db859a9797e44b6bc258c2a3e1847
TRAIN_NEG_00167,train,cross_pathway,16,AC_PWY-3742;AC_PWY-5027,AraCyc_Cofactor;AraCyc_Misc,16,1.0,False,142,982cb78e1b67905e7f704f139aa1c5d9814aedaa24bb81021ecff17ce46c8fcc
TRAIN_NEG_00168,train,random_5_30,28,,,0,0.0,False,142,115260f233fb47fb3f58087e692dcc562795cb23387e8bf7673f748d0613d89e
TRAIN_NEG_00169,train,shuffled,23,AC_PWY-8363,AraCyc_Misc,0,0.0,False,142,6d1b9ca0dd04d3e77b79b753003d82c7afa1611cafa3df8f4749af9b40734fed
TRAIN_NEG_00170,train,partial_50_80,16,AC_PWY-5410,AraCyc_Misc,16,1.0,False,142,c2b584df60ec9656af1b38d5a53faac06e74831e4491f036125e0e2ae23607f8
TRAIN_NEG_00171,train,cross_pathway,13,AC_THRESYN-PWY;AC_PWY-5027,AraCyc_Misc;AraCyc_Misc,13,1.0,True,142,7cee29240efcc4605f3e91017f0ff0ca00e155bfb310be61293ec5dc9261c6f5
TRAIN_NEG_00172,train,random_5_30,24,,,0,0.0,False,142,f8a9e807a290e77b1a8fb1b990072fd0e75bbe29e11220f66b7ee3076958253d
TRAIN_NEG_00173,train,shuffled,50,ath04517,KEGG_SignalTrans,0,0.0,False,142,8f80a1cc3ff65d687d0a164c32762062ad168abf050975e4d201ae6af59be297
TRAIN_NEG_00174,train,partial_50_80,3,AC_ASPARAGINE-DEG1-PWY,AraCyc_Misc,3,1.0,False,142,65bd05fa8e1630f7c8697a24cd7f274ec215cfb1f57beef34253b64b814b261b
TRAIN_NEG_00175,train,cross_pathway,43,AC_PWYQT-4466;AC_PWY-5121,AraCyc_Carbohydrate;AraCyc_Misc,43,1.0,False,142,e306f332880a0d223020f546271bc6c8d5f76300df0574895a40512e140f0666
TRAIN_NEG_00176,train,random_5_30,18,,,0,0.0,False,142,974e0a0677c47952e5ba1943893d202f4a9f57ae566181603bd4868b9d470ee1
TRAIN_NEG_00177,train,shuffled,23,AC_ETHYL-PWY,AraCyc_Misc,0,0.0,False,142,aad0e0c82fdcfe012b1b043d95be208fc03f60837264fe6bf6f431b2edb80ffd
TRAIN_NEG_00178,train,partial_50_80,18,AC_PWY-7199,AraCyc_Nucleotide,18,1.0,False,142,e16c965a017e04c5aa7fe8abf71f84130e3d042f516c8296db8469814a9bde6d
TRAIN_NEG_00179,train,cross_pathway,28,AC_PWY-3841;AC_COMPLETE-ARO-ARA-PWY,AraCyc_Cofactor;AraCyc_AminoAcid,28,1.0,False,142,dffb003e9e582833f94191d6b9a61edf16347a8f76887111d0776058c176680b
TRAIN_NEG_00180,train,random_5_30,14,,,0,0.0,False,142,d8e33984314c1331af614bdfa95e8e226057a933b5fd848e41baa71e73ba502b
TRAIN_NEG_00181,train,shuffled,691,ath00970,KEGG_Cellular,16,0.023154848046309694,False,142,fd89db693dd176b692a4c8d4cea3017ac9840ac5cefb96a26d8e6aaa18b2dbdb
TRAIN_NEG_00182,train,partial_50_80,3,AC_ASPARAGINE-DEG1-PWY,AraCyc_Misc,3,1.0,False,142,c267b94ba5a344e841f470209b99a62c790de037ac70183f1b689566dac5ef44
TRAIN_NEG_00183,train,cross_pathway,27,AC_PWY-5156;AC_PWY-4361,AraCyc_Lipid;AraCyc_Misc,27,1.0,False,142,7e3efcd86bc79daa72d7979f4e1d88236a172f8cc3ddda3fbeda2e40820daf65
TRAIN_NEG_00184,train,random_5_30,26,,,0,0.0,False,142,cc6e815fcf4309ef418de1d42e664b1ee3f663d1e79ee75c4659edebb36960fd
TRAIN_NEG_00185,train,shuffled,21,AC_PWY-6596,AraCyc_Nucleotide,0,0.0,False,142,f3d33254a95e4ea5e0e6058a9da77a416d88a09b992e2d26bf9dd0b856e1fbaf
TRAIN_NEG_00186,train,partial_50_80,12,AC_ETHYL-PWY,AraCyc_Misc,12,1.0,False,142,ad78ee811fdfc704daeef95634d7559b82e900330945d6dfced2571896ba7fff
TRAIN_NEG_00187,train,cross_pathway,225,ath04075;ath00511,KEGG_SignalTrans;KEGG_Lipid,225,1.0,False,142,f6dfe10d6150ab77bd0fc9686e0a43328a5f7393df4a6ee62c01bdb3ebf448d6
TRAIN_NEG_00188,train,random_5_30,21,,,0,0.0,False,142,630e4a84e294b1236851b8f4fb43c8adcf4dd91c93d994b360f867e9064df952
TRAIN_NEG_00189,train,shuffled,7,AC_PWY3O-450,AraCyc_Misc,0,0.0,False,142,c58e2fd94e8dba3f60716aabd8b2a8b13258d0b035825748e7a8e2c8e7effe49
TRAIN_NEG_00190,train,partial_50_80,3,AC_PWY-401,AraCyc_Lipid,3,1.0,False,142,5230a03f2ec1df5ed295b406530a622ce6c947c1e378b0b846696d2b6a713e21
TRAIN_NEG_00191,train,cross_pathway,23,AC_PWY-5136;ath03430,AraCyc_Lipid;KEGG_GeneticInfo,23,1.0,False,142,02340468db5a419fd169ec4bf0c444f31e59f77750ed49c94473983729ddd1a4
TRAIN_NEG_00192,train,random_5_30,24,,,0,0.0,False,142,66045e48e8c840fc2cf972efc4a11fac08d639ff5d2c7dd5c981a7fdffa8ed4c
TRAIN_NEG_00193,train,shuffled,11,AC_PWY0-1608,AraCyc_Misc,0,0.0,False,142,27bd98f4f040550e9356d6565db6e2e17b6c6df8d60f757ee5a0e4b20a4475c4
TRAIN_NEG_00194,train,partial_50_80,7,AC_PWY-5788,AraCyc_Misc,7,1.0,False,142,3c8d484504da09794e798d745b96acc0bf99f3943e977edbd657430acf50b942
TRAIN_NEG_00195,train,cross_pathway,44,AC_PWY-6039;ath00900,AraCyc_Misc;KEGG_Cellular,44,1.0,False,142,20708fb81f914dc90d642d228160bef6bb71617245e6041f3f9ea69e90c42a32
TRAIN_NEG_00196,train,random_5_30,14,,,0,0.0,False,142,ecf607dab4161adf6b754d69f9da4b72432b1052fdf2987fafc8924f0edbd5f0
TRAIN_NEG_00197,train,shuffled,21,AC_PWYQT-4429,AraCyc_Misc,0,0.0,False,142,ac53a480268ff713114fb771f68505ce40632bd38766270623bfe5046305e517
TRAIN_NEG_00198,train,partial_50_80,6,AC_GLYSYN2-PWY,AraCyc_Misc,6,1.0,False,142,7667b76efb2f481e4e02b387c963d47f70b75113a694907e6c82a4d7a84360ba
TRAIN_NEG_00199,train,cross_pathway,16,AC_PWY-4221;AC_PWY0-1182,AraCyc_Misc;AraCyc_Misc,16,1.0,True,142,66a227511e05ae4f71f435b26ad2713c80682d0e94fc03538312ae59ad834eaf
TRAIN_NEG_00200,train,random_5_30,30,,,0,0.0,False,142,5255de9abff155f599fe6b0615149bbce19cc14c7a4b90f66e2472a7a7732eb0
TRAIN_NEG_00201,train,shuffled,16,ath00780,KEGG_Cellular,0,0.0,False,142,07bc52f47eed701e38d7bc70af4ace26136b00adc83c0db00168f1c524d132bc
TRAIN_NEG_00202,train,partial_50_80,11,AC_PWY-7219,AraCyc_Nucleotide,11,1.0,False,142,eddc0e1fe71dc19be5798cd73d86a2fef4203b91a9889bb3b90157e0971f160a
TRAIN_NEG_00203,train,cross_pathway,27,AC_PWY-5156;ath03450,AraCyc_Lipid;KEGG_GeneticInfo,27,1.0,False,142,a45ef1fd798c20e2ef4af6127f9ac5628837fbfd7b0eaabfb0cc2869ab48dbf0
TRAIN_NEG_00204,train,random_5_30,24,,,0,0.0,False,142,9a0617f56ded7f967ff3e15f4563d75c13c76af53be8e929e8a2222f85d0bc23
TRAIN_NEG_00205,train,shuffled,7,AC_GLYSYN-PWY,AraCyc_Misc,0,0.0,False,142,e1f0fbbd606c2944d82d05baea31277828f6137588153b63455d61704142866e
TRAIN_NEG_00206,train,partial_50_80,3,AC_PWY-5947,AraCyc_Misc,3,1.0,False,142,1b56228004de4d47e3321b2a5bc0d5349473a2de74abe061db1b1ac3f3f2654d
TRAIN_NEG_00207,train,cross_pathway,36,AC_PWY-8157;ath00071,AraCyc_Misc;KEGG_Lipid,36,1.0,False,142,af69dfc370386f8fffe5302e65cd16fa9e24793cfc5c4752e3548579d42df401
TRAIN_NEG_00208,train,random_5_30,12,,,0,0.0,False,142,7ad242c36385ee020c4f0d79cff9f25fb2a7412f9bdde8edfecfd50c2534e062
TRAIN_NEG_00209,train,shuffled,36,ath00100,KEGG_Metabolism,0,0.0,False,142,640e024174ffd59b75ecb62743b2012a2c50b0f8e8235966bf73554da232f452
TRAIN_NEG_00210,train,partial_50_80,3,AC_PWY-7546,AraCyc_Misc,3,1.0,False,142,bce4fa1d344367a01067461fe0df366330edc14c20c1aeacf9a7f281cf582639
TRAIN_NEG_00211,train,cross_pathway,39,AC_PWYQT-4471;AC_COMPLETE-ARO-ARA-PWY,AraCyc_AminoAcid;AraCyc_AminoAcid,39,1.0,True,142,2eea991868cae43a6751ed07a9bdb342a9ad37368d4da2819e1aa6163710c4a3
TRAIN_NEG_00212,train,random_5_30,9,,,0,0.0,False,142,01593f3bae71ce4cf10041d382b9d0ee0ce2df0c9cb68449f7fdde39ba0f4531
TRAIN_NEG_00213,train,shuffled,52,ath00510,KEGG_Lipid,0,0.0,False,142,27904ec0f95ba5885e9802988b3d13b758dbef70580b64587853a93692f5e9f6
TRAIN_NEG_00214,train,partial_50_80,65,AC_PWY-7345,AraCyc_Carbohydrate,65,1.0,False,142,e9de288eeb0bc18e6a610119906d3ce2924200c27962e2df8b5dadfe83b7ef6a
TRAIN_NEG_00215,train,cross_pathway,26,AC_PWY-6554;AC_PWY-6733,AraCyc_Misc;AraCyc_Misc,26,1.0,True,142,ed3dcde20306b58d4caa8c28d8d11d7f47ee30fa11229d809f5f3e3018bbb526
TRAIN_NEG_00216,train,random_5_30,21,,,0,0.0,False,142,e17d4c25eadde7156d2bc813d0a583b751d70ede1a11637b16d1951da24c4bc4
TRAIN_NEG_00217,train,shuffled,6,AC_PWY-6754,AraCyc_Misc,0,0.0,False,142,a72233cbd87dffeb0a73f0f848d3506980252844adddf345d1c5a4feb493b52f
TRAIN_NEG_00218,train,partial_50_80,6,AC_ILEUDEG-PWY,AraCyc_Misc,6,1.0,False,142,d4cc3b5dd9310749ab584314a65fc7aa0e5071b1e1ebb52927e2d32e1943bd04
TRAIN_NEG_00219,train,cross_pathway,17,AC_PWY-6163;AC_PWY-5992,AraCyc_Misc;AraCyc_Misc,17,1.0,True,142,87caf64050f2f9113372ffe8d32528eb061a40df384651435f7646ab79487254
TRAIN_NEG_00220,train,random_5_30,21,,,0,0.0,False,142,fddd5af34e88a85fd34da87cf327d89e3340bf44fe1f9f7efc7234437e92f65a
TRAIN_NEG_00221,train,shuffled,38,AC_PWY-6266-ARA,AraCyc_Misc,0,0.0,False,142,b50acd940794a22d71cfdbd5d8dd2dac60b6e187d430c7c7a2c17a09a2ef6242
TRAIN_NEG_00222,train,partial_50_80,19,AC_PWY-5723,AraCyc_Misc,19,1.0,False,142,580bf9f5dbe771026648f9f6d901c832f93bcf46af841e07113d0aa250e799e6
TRAIN_NEG_00223,train,cross_pathway,23,AC_PWYQT-4474;AC_PWY-5122,AraCyc_AminoAcid;AraCyc_Misc,23,1.0,False,142,3072d92b4939bfc870f81a932837c596d4226f5b5bb6f415840e84e28db742e2
TRAIN_NEG_00224,train,random_5_30,9,,,0,0.0,False,142,11cf840bd90406dda2781afc69bd3ddaad7212bdeee5dcc67d6c36b31b4fde59
TRAIN_NEG_00225,train,shuffled,9,AC_ASPARTATE-DEG1-PWY,AraCyc_Misc,0,0.0,False,142,a1e766741edade9932daa6619abd5444c530af7a25ae59b72c1a3f9806344ee0
TRAIN_NEG_00226,train,partial_50_80,17,AC_PWY-8279,AraCyc_Misc,17,1.0,False,142,0fb02c0d0f3a11c706443c2dee99d9fab774b168d0b34f4edb302f069c5aa23e
TRAIN_NEG_00227,train,cross_pathway,11,AC_PWY-2463;AC_PWY-3101,AraCyc_Misc;AraCyc_Misc,11,1.0,True,142,2b28a135b343f82ca6c1e2cfee30a949ffa75b62eafc482c67cc11344420fb0a
TRAIN_NEG_00228,train,random_5_30,26,,,0,0.0,False,142,9ddd87b9ccfd91930e1d1fa68d8cbdb65bd08e0741e3fa49a1658d5e17d80ca8
TRAIN_NEG_00229,train,shuffled,10,AC_PWY-6007,AraCyc_Misc,0,0.0,False,142,671eab21c71446649065cfb2ae2a0f190d9190a3a8c65c2cfb7f824592bf7802
TRAIN_NEG_00230,train,partial_50_80,16,ath00290,KEGG_Cellular,16,1.0,False,142,56e268a360377e0c00e0b976b2fed10dc0e057b12fb0bf7863bc47dca91ef74e
TRAIN_NEG_00231,train,cross_pathway,41,AC_PWY-6351;AC_PWY-5390,AraCyc_Misc;AraCyc_Misc,41,1.0,True,142,3e2772f2f526b29369a34cd678356535d53bac84c0df8be4c955252efe2f105b
TRAIN_NEG_00232,train,random_5_30,12,,,0,0.0,False,142,99b8455a53018db3d547800155891b0d90b971af63cae98e29fe71709de18160
TRAIN_NEG_00233,train,shuffled,82,ath04814,KEGG_SignalTrans,0,0.0,False,142,4191b3342384b358ec027d3a35d7082d8b8946157581180af8e81efa18c3bd34
TRAIN_NEG_00234,train,partial_50_80,110,ath04120,KEGG_SignalTrans,110,1.0,False,142,4c3dcdb3a0bec4f965986a4061d00f3269884526ce2953ca1b75673cacd0cf8a
TRAIN_NEG_00235,train,cross_pathway,41,ath01212;AC_RIBOSYN2-PWY,KEGG_Lipid;AraCyc_Misc,41,1.0,False,142,e6b7fd7cf49140c80bbb531375059d3bfd73f83fa8f0b2c2c1e2f240e570e476
TRAIN_NEG_00236,train,random_5_30,20,,,0,0.0,False,142,905cf5ad2c7bd0527cdebb3b3c90db92c658117084db255229f87b12c28e1cf3
TRAIN_NEG_00237,train,shuffled,5,AC_PWY0-662,AraCyc_Misc,0,0.0,False,142,0d7f59e930544b67073cbccae111117dcf1f31b38a66dcad03b60f2d128d9de7
TRAIN_NEG_00238,train,partial_50_80,9,AC_PWYDQC-4,AraCyc_Misc,9,1.0,False,142,5e0b2f87cf1d2cccf35b7cad39dcf67dcc45cd661ec48963a198cbe122b9778d
TRAIN_NEG_00239,train,cross_pathway,12,AC_PWY-6199;AC_PWY-6927,AraCyc_Misc;AraCyc_Misc,12,1.0,True,142,b8f3b48615bb743af4c02addba8b5ca9fc50592d5f1672407401aa43dd8eb3e0
TRAIN_NEG_00240,train,random_5_30,28,,,0,0.0,False,142,7b63df8ad2c7a87d264a185471a0774de05d46b9b3f996bbf3dffa8c7cdf3b8d
TRAIN_NEG_00241,train,shuffled,56,AC_GLYCOLYSIS,AraCyc_Carbohydrate,0,0.0,False,142,ed6e8a6e3d3ef202c0e5001016b640c9d74f82feea006b54d0e1bacc60a81756
TRAIN_NEG_00242,train,partial_50_80,70,ath00230,KEGG_Cellular,70,1.0,False,142,7e698465c226d264d79fc77847c96cf68d24ea9f046d5c5d3506b2f2bf6c58f0
TRAIN_NEG_00243,train,cross_pathway,8,AC_ARGSYNBSUB-PWY;AC_PWY66-423,AraCyc_AminoAcid;AraCyc_Misc,8,1.0,False,142,533b210437be078becb8236ebe399e6b2b5b22cd26085421f0106aa324e2153d
TRAIN_NEG_00244,train,random_5_30,25,,,0,0.0,False,142,869ab8f3cf8eb3f40bb4b63614ff3f83fadbd05288f4ec0ca3e0f900550ba658
TRAIN_NEG_00245,train,shuffled,56,AC_PWY-6803,AraCyc_Misc,1,0.017857142857142856,False,142,26fe92c21db41b0649251be99c3bfbda67078dbec1a2f432fd8f4b5afbe0490b
TRAIN_NEG_00246,train,partial_50_80,4,AC_PWY-6544,AraCyc_Misc,4,1.0,False,142,ffde18d37696536a09a6fd82716da04c2cfcb6c69d0a2cc730668d72e55f1c37
TRAIN_NEG_00247,train,cross_pathway,47,AC_PWY0-461;ath01232,AraCyc_AminoAcid;KEGG_Cellular,47,1.0,False,142,633ac5b19fa66c4565c53c07dc0acb336f9bd2e13228a57e2950167ab1df0036
TRAIN_NEG_00248,train,random_5_30,28,,,0,0.0,False,142,3d2a684c8f8a938b900787763a268118f2f026a805718262a382f5e0024d1d8f
TRAIN_NEG_00249,train,shuffled,52,ath00510,KEGG_Lipid,1,0.019230769230769232,False,142,019457dd64ba9971130863c5aeb34447a6060a8b2ed1c1ef7a55702838783044
TRAIN_NEG_00250,train,partial_50_80,8,ath00261,KEGG_Cellular,8,1.0,False,142,f78c69b754cce15b202db205fe8007e24a136d52efbea1a25dc0f46e9a0ed556
TRAIN_NEG_00251,train,cross_pathway,25,AC_PWY-3742;AC_PWY-7039,AraCyc_Cofactor;AraCyc_Misc,25,1.0,False,142,eb1960f8a781ce63a879d8658ff3699ae0c83963b0f276d2f8ea8573a72c0dbf
TRAIN_NEG_00252,train,random_5_30,5,,,0,0.0,False,142,14efa28a7ad7720de094bf88ef451035625b034906bcb90cc6fa717883513023
TRAIN_NEG_00253,train,shuffled,34,AC_PWY-6348,AraCyc_Misc,0,0.0,False,142,0b8608e97e6e1d4daa61e4308c6b0652b1cf82356f826631883fc9ed10ce7640
TRAIN_NEG_00254,train,partial_50_80,11,AC_BRANCHED-CHAIN-AA-SYN-PWY,AraCyc_AminoAcid,11,1.0,False,142,83a0dfa761a827c9e621a995bfa400dc615f43fc1bc0f5de1d06dd8600fb6a9c
TRAIN_NEG_00255,train,cross_pathway,12,AC_PWY-6691;AC_PWY-5098,AraCyc_Misc;AraCyc_Misc,12,1.0,True,142,f18915f9f998fe2b0027a90e2eea72b0c1fad83da1a6b0ef17952d28c8bf62b6
TRAIN_NEG_00256,train,random_5_30,11,,,0,0.0,False,142,e09734ab977899d0b5e2eb67a9797e3789be404eac436e3af2d6b9f5d84f432a
TRAIN_NEG_00257,train,shuffled,5,AC_PWY-6441,AraCyc_Misc,0,0.0,False,142,b40a6648ec8621f8289913f3dcd10a3f61f381ae6f216b40fdb0dbff14abf57f
TRAIN_NEG_00258,train,partial_50_80,29,AC_CITRULBIO-PWY,AraCyc_Misc,29,1.0,False,142,9a682a6c0a16ae37bd49e5e3c1fce49e17015ff1833f60be333769b5d1bba15e
TRAIN_NEG_00259,train,cross_pathway,10,AC_PWY-6369;AC_PWY-7204,AraCyc_Misc;AraCyc_Cofactor,10,1.0,False,142,9b3808bcd1c9987f18a204fafc407696518187924bcf5166bfb2919fcabfebb0
TRAIN_NEG_00260,train,random_5_30,9,,,0,0.0,False,142,cdaea7b5bd7e5fe3e13b4ed4cf1bcd01f539ab2481a49af499dc6b7c7d208a95
TRAIN_NEG_00261,train,shuffled,46,ath03460,KEGG_GeneticInfo,0,0.0,False,142,c3fdbc472f81a0e57da5f9a35f9fb36a254cb6fe632b50d17dc050c3f00bebdd
TRAIN_NEG_00262,train,partial_50_80,21,ath00910,KEGG_Cellular,21,1.0,False,142,1b8e60f471c35a98e4b4301d163e2cbc2ce04a6012f61199f75362ddb4371f38
TRAIN_NEG_00263,train,cross_pathway,10,AC_PWY-7356;AC_PWY-5386-1,AraCyc_Cofactor;AraCyc_Misc,10,1.0,False,142,aade8082646e27cf83388de266f4e69d6db5873ca7c471d4327d81bf47c7ae31
TRAIN_NEG_00264,train,random_5_30,15,,,0,0.0,False,142,22f37ab15c62188486b90237290c03def03af177170cdb8387780e51e041da52
TRAIN_NEG_00265,train,shuffled,5,AC_PWY0-662,AraCyc_Misc,0,0.0,False,142,541b5d07c2d4eee61f8846902bb33c6d0803910e88ea1de2dbce42f368ea3329
TRAIN_NEG_00266,train,partial_50_80,3,AC_PWY-5800,AraCyc_Misc,3,1.0,False,142,b727054679945b01f4dfb629b0669567c056fc690ed6b2fb7d8e978b26cca9ca
TRAIN_NEG_00267,train,cross_pathway,13,AC_PWY-5269;AC_PWY-8321,AraCyc_Misc;AraCyc_Misc,13,1.0,True,142,439a79984c74336bd70075a9396465d0beb4bf9288bfcd388b5730dbf130badb
TRAIN_NEG_00268,train,random_5_30,26,,,0,0.0,False,142,d9864a4493d7414abd87ff753b72e8f74e3c99593c95a7d704c6fb6609d9f95c
TRAIN_NEG_00269,train,shuffled,8,AC_PWY-6014,AraCyc_Misc,0,0.0,False,142,a7c111d790c2d5f9bf3a8803560ba54415e831d8d69577b01af5f838b857bf9f
TRAIN_NEG_00270,train,partial_50_80,7,AC_GLUTORN-PWY,AraCyc_Misc,7,1.0,False,142,1c7f12abf3e8e5aff94662e7d1179cfc676869ef1fa65a9909d8bf82fe89c997
TRAIN_NEG_00271,train,cross_pathway,20,AC_PWY-5800;AC_PWY-581,AraCyc_Misc;AraCyc_Misc,20,1.0,True,142,193310bdfccc650412fb9d71b4f182967e2560c4e189b38d7543f10816fcf636
TRAIN_NEG_00272,train,random_5_30,10,,,0,0.0,False,142,4899de62c05f8ab1cb066e89abcd9069cd8c0f808e23494f7f988305e823a645
TRAIN_NEG_00273,train,shuffled,26,ath05100,KEGG_Environmental,2,0.07692307692307693,False,142,9f4846eb52366c36da09ea710273028f210edad91f1dd4b00aa96b3494db2eea
TRAIN_NEG_00274,train,partial_50_80,17,ath05100,KEGG_Environmental,17,1.0,False,142,9f9492968f42e97644c0f7d33c6524ea61bd93a40135310a645bd0ac4b2f64a5
TRAIN_NEG_00275,train,cross_pathway,8,ath00440;AC_PWY-6554,KEGG_Cellular;AraCyc_Misc,8,1.0,False,142,7506994a0e4083594657d0bda1c3e43a0096ffd49ed61f6e8017e7ea4ef2e820
TRAIN_NEG_00276,train,random_5_30,13,,,0,0.0,False,142,1ca669b171a7063cdd45ff29b1dec01233ddf8f382c63942af576c518aa5d45a
TRAIN_NEG_00277,train,shuffled,105,ath03013,KEGG_GeneticInfo,2,0.01904761904761905,False,142,5c4660921547d01e201e36fbe926a4bf1d39e6e6a186abe47001746b28820a44
TRAIN_NEG_00278,train,partial_50_80,10,AC_LEUSYN-PWY,AraCyc_Misc,10,1.0,False,142,ef5d8308cde28f9752cf1cf1a62b9176f31b6e378264c6b8627f1dce37ff5cca
TRAIN_NEG_00279,train,cross_pathway,11,ath00430;AC_GLUCOSE1PMETAB-PWY,KEGG_Cellular;AraCyc_Carbohydrate,11,1.0,False,142,f98c0a1b55f989d72c354db1f68fba88f303b06e94540cfe7829a12bd9b86437
TRAIN_NEG_00280,train,random_5_30,21,,,0,0.0,False,142,e9ee6884247f00ffb54b2c5b731630c8cedefd48c33226063f8fc9119ce1d5a5
TRAIN_NEG_00281,train,shuffled,52,ath00280,KEGG_Cellular,0,0.0,False,142,4319e45826223ea452f387b8d5d48023e1a9679b8305abc8592eba2c2ebfddc9
TRAIN_NEG_00282,train,partial_50_80,15,AC_PWYQT-62,AraCyc_Misc,15,1.0,False,142,f310bb9f38ae0c1acdb39f67872d2e13c138b3e3c0ed64bcfb788f5c5bcd3067
TRAIN_NEG_00283,train,cross_pathway,14,AC_PYRUVDEHYD-PWY;AC_PWY-4765,AraCyc_Misc;AraCyc_Lipid,14,1.0,False,142,dfb45703b139ad9aaef24fcec0b66de086bbf166e4f00ef1ce5ab12c11d0abab
TRAIN_NEG_00284,train,random_5_30,21,,,0,0.0,False,142,2ffad0e5915ce240bfd29853667959a0baabfb973acb444c77bd06a658ae60d2
TRAIN_NEG_00285,train,shuffled,97,ath00620,KEGG_Cellular,1,0.010309278350515464,False,142,8e6d999f10915f04568cf44cea6ad8d874a6405fa36093fb8006ddc272275f34
TRAIN_NEG_00286,train,partial_50_80,21,AC_PWY4FS-8,AraCyc_Misc,21,1.0,False,142,37670409cd1aa5346fdbfa8b5a4a251d1c14d84e0766f44e401a8c3d8d606cfd
TRAIN_NEG_00287,train,cross_pathway,9,AC_PWY-6792;AC_PWY-5070,AraCyc_Misc;AraCyc_Misc,9,1.0,True,142,ab25728d3d70b0a7b2e1e7af711e936a2af9cfbbd31859a1b86d9b43b014d842
TRAIN_NEG_00288,train,random_5_30,16,,,0,0.0,False,142,97b191306fe34e1545565cfe517da0c084b3fbd3b1405120825ab7073f6c1085
TRAIN_NEG_00289,train,shuffled,275,ath01200,KEGG_Metabolism,2,0.007272727272727273,False,142,ce15594717b7a18cf5dd8ca030459dc39f210fe135cd7826c1a1fc9f84027196
TRAIN_NEG_00290,train,partial_50_80,39,ath00250,KEGG_Cellular,39,1.0,False,142,e1db8fac12171820bfe1444c7d707ab2b0b5df80c861fe75b9968409bd5cef43
TRAIN_NEG_00291,train,cross_pathway,21,AC_PWY-622;AC_PWY-5381,AraCyc_Carbohydrate;AraCyc_Misc,21,1.0,False,142,39d20be0ad580adbb8efad1bf3247d0610280b9c78bec79f1f09b2c17cd5b87d
TRAIN_NEG_00292,train,random_5_30,8,,,0,0.0,False,142,da575edb44712a645776e9b07083d48f7d57e02573b08362cc802ed38509802d
TRAIN_NEG_00293,train,shuffled,33,ath00360,KEGG_Cellular,0,0.0,False,142,69d677f6f209078d58137b265bd791cecf567b203cdb1b697024a3540cf4ee80
TRAIN_NEG_00294,train,partial_50_80,19,ath00906,KEGG_Cellular,19,1.0,False,142,4ba378a32fa30c22bdb08fe7195a831bd7cb0ae1d038915205e14d1b7c734419
TRAIN_NEG_00295,train,cross_pathway,5,AC_PWY0-501;AC_PWY-5350,AraCyc_Misc;AraCyc_Misc,5,1.0,True,142,44543581153f1839a0ad4a3f108268b13bbe8274c5d29db102653350b5bcf9fb
TRAIN_NEG_00296,train,random_5_30,22,,,0,0.0,False,142,d10494ce21d5ade6ab74108380b562cdf554a2686b05edecb65a3d0bb82232a1
TRAIN_NEG_00297,train,shuffled,25,AC_PWY-5868,AraCyc_Secondary,0,0.0,False,142,fee864a46385d37058fce2c1fa97fc9913a68f02ef9dfd7cf295f5b1cf42f002
TRAIN_NEG_00298,train,partial_50_80,3,AC_PWY-7546,AraCyc_Misc,3,1.0,False,142,0bf170392ac39180b8c4e5c41f6c54d4f04e69ca3d605f659d14ca93901e3786
TRAIN_NEG_00299,train,cross_pathway,14,AC_PWY-8363;AC_GLYSYN2-PWY,AraCyc_Misc;AraCyc_Misc,14,1.0,True,142,867c9b609b27b2caf6fad22c2c2c5edc05f4c6c65d063d6945ea073c0efe59bc
TRAIN_NEG_00300,train,random_5_30,22,,,0,0.0,False,142,f55a121a19b21427e93af5c0615369f45d9140dfd5b32256670cece5474f8875
TRAIN_NEG_00301,train,shuffled,8,AC_PWY-6527,AraCyc_Misc,0,0.0,False,142,681f94f1f5aab86ede02f2f3d5bf45159ed43459174993f180b84be5e947945b
TRAIN_NEG_00302,train,partial_50_80,11,AC_PWYQT-4477,AraCyc_Misc,11,1.0,False,142,4e4790d4e3db65b0658fb6b05bfb79243c838ba8bec8f6dc42077b4a42d998a8
TRAIN_NEG_00303,train,cross_pathway,12,AC_ARO-PWY;ath04620,AraCyc_Misc;KEGG_SignalTrans,12,1.0,False,142,21fb25064578bac42ede923584982d220836d6f3444bfd5fa43e65d198de1310
TRAIN_NEG_00304,train,random_5_30,18,,,0,0.0,False,142,28319e08195ce4e59a1a78d2eed09eb885c8807840ab7e44de1b47d581961be5
TRAIN_NEG_00305,train,shuffled,64,ath00020,KEGG_Cellular,0,0.0,False,142,ee372ff4d9d4437669eace93c3db53d3d4eb408817b6ed8fbee82f19971549c6
TRAIN_NEG_00306,train,partial_50_80,22,AC_PWY-6348,AraCyc_Misc,22,1.0,False,142,ceb8f07fcc3b352319c7466a3652af6b8da988b4279777aa6531650e818496a2
TRAIN_NEG_00307,train,cross_pathway,15,AC_PWY-6549;ath00901,AraCyc_Misc;KEGG_Cellular,15,1.0,False,142,4ef8fb0ddf9e23a418fa8ae4ba0793585ed3422a6b0c14f7b5813e700a4a796f
TRAIN_NEG_00308,train,random_5_30,13,,,0,0.0,False,142,1045a0b2de6549e502e6c2b8b2e12c52ebd340373b4e6e392423b989a94c1ca3
TRAIN_NEG_00309,train,shuffled,8,AC_ALACAT2-PWY,AraCyc_Misc,0,0.0,False,142,db905fa001cb14c5134746a573ac0d75ce1c4a2623b324a49c2745f503a9b28f
TRAIN_NEG_00310,train,partial_50_80,3,AC_PWY-4984,AraCyc_Misc,3,1.0,False,142,3636c0203b00cc987382df4072b14b6916eb64d76cb479b6b4ad72567db5fec9
TRAIN_NEG_00311,train,cross_pathway,18,AC_PWY-5098;AC_PWY-621,AraCyc_Misc;AraCyc_Carbohydrate,18,1.0,False,142,661a35e1ce37d265d23ce993afcacd9074dd9827348ebe5f31b2b898e18e46ee
TRAIN_NEG_00312,train,random_5_30,19,,,0,0.0,False,142,8f810b969eebfb4d2c3d894967af21394305d7c1bdb6f2fe65c64f8540d26a21
TRAIN_NEG_00313,train,shuffled,6,AC_PWY-5350,AraCyc_Misc,0,0.0,False,142,d45ea2c36c23dc1e22333d8684f4a5837706066645da5d33736e97c600e3a90f
TRAIN_NEG_00314,train,partial_50_80,12,AC_PWY-2541,AraCyc_Lipid,12,1.0,False,142,db663110367c7835011280662843d008c66899724807820fd57f9f0d2be54911
TRAIN_NEG_00315,train,cross_pathway,10,AC_ILEUSYN-PWY;AC_PWY-6612,AraCyc_Misc;AraCyc_Cofactor,10,1.0,False,142,83942898f5eda4e479d1dbc325f8a418c081770b4827a255ad45fd0ee3d3f272
TRAIN_NEG_00316,train,random_5_30,11,,,0,0.0,False,142,1f1f8521565658b84b444c3a4c0b63f8f78e413387ac2d80e969b1fa0d377911
TRAIN_NEG_00317,train,shuffled,5,AC_PWY-7346,AraCyc_Carbohydrate,0,0.0,False,142,78b52fd1fd53c45d71156e85f09ad86c4fbe3839b33c7cad5defcebb57a928ca
TRAIN_NEG_00318,train,partial_50_80,16,AC_PWYQT-62,AraCyc_Misc,16,1.0,False,142,b5d33ef9bbdeee44695abad5f352af7706b3c00375b9b5cac8a4098b06a7424f
TRAIN_NEG_00319,train,cross_pathway,12,AC_PWY18C3-24;AC_ASPARTATESYN-PWY,AraCyc_Misc;AraCyc_Misc,12,1.0,True,142,1d54554769a0cd1cff2eb63b956903c167e268bf857f12492e0e2559081ac192
TRAIN_NEG_00320,train,random_5_30,5,,,0,0.0,False,142,0de47125c6269a4932a66fdf5d4c9bae01023dca59b94848c39aa77c055a5a51
TRAIN_NEG_00321,train,shuffled,65,ath04519,KEGG_SignalTrans,0,0.0,False,142,f23c7a02d3d349ceb9edce2e184b3d35cd8de22188ed28e603d000e727329677
TRAIN_NEG_00322,train,partial_50_80,5,AC_PWY-2681,AraCyc_Misc,5,1.0,False,142,73ebc52ea6a3932477ba6bd4e146af944124741bf8f9e141f05d4d61846e16d2
TRAIN_NEG_00323,train,cross_pathway,35,AC_PWY-5188;ath00053,AraCyc_Misc;KEGG_Cellular,35,1.0,False,142,5d0431b129bf926441f71ac43e637819bc15ad6f3a04cec743eb0e95e00505f5
TRAIN_NEG_00324,train,random_5_30,28,,,0,0.0,False,142,bfb1145ca167b87e99f5a6aa2ec87116b0b5108f8ac7b95b0867928de333c645
TRAIN_NEG_00325,train,shuffled,10,AC_PWY-6012,AraCyc_Misc,0,0.0,False,142,3fdda614fd4028aa9f5a8b7d13454d49532888997e2c9dab4f7311d77f784b89
TRAIN_NEG_00326,train,partial_50_80,4,AC_COA-PWY,AraCyc_Misc,4,1.0,False,142,c66d1348640f786b68325527cee347fdfaa7e120bb18182538e46fd7db68a6ec
TRAIN_NEG_00327,train,cross_pathway,35,AC_DTDPRHAMSYN-PWY;ath00073,AraCyc_Misc;KEGG_Cellular,35,1.0,False,142,f3ffe992bcac2ad7552f857d97b9eb86c901e6de644c11f90ffbdc164b28893d
TRAIN_NEG_00328,train,random_5_30,23,,,0,0.0,False,142,f65ead4333cc851628cb587fd3e837253700328f47b1f9328921dd71d7414e91
TRAIN_NEG_00329,train,shuffled,691,ath00970,KEGG_Cellular,15,0.02170767004341534,False,142,d86fad7d7625dfa73ade2144d0d42cbcbd88d87cebda83323efda4fece50983b
TRAIN_NEG_00330,train,partial_50_80,5,AC_PWY-5670,AraCyc_Misc,5,1.0,False,142,ea5ff5075dd036e5392e340e32860e0af0caeb34bf6383cf3c528973b12dc391
TRAIN_NEG_00331,train,cross_pathway,13,AC_DTDPRHAMSYN-PWY;ath01320,AraCyc_Misc;KEGG_Cellular,13,1.0,False,142,a1d16c04bd749128e5b5635fe7461dae2f38314e5d44f18692f2907df2becf18
TRAIN_NEG_00332,train,random_5_30,20,,,0,0.0,False,142,c465b847f2e2ca6480b8bb0b4ec42b9661a673779d20b7bb941b57eb4e10f4dc
TRAIN_NEG_00333,train,shuffled,32,ath00310,KEGG_Cellular,1,0.03125,False,142,b4472b2d1190b5746e968951ff5b68a42899e1c90b4b6fdb698f88288173cd53
TRAIN_NEG_00334,train,partial_50_80,6,AC_PWY-6710,AraCyc_Lipid,6,1.0,False,142,96ed341f8dc0ecb9696ba6f487906c19d1035a5ad7bfa98454d5910f34123a56
TRAIN_NEG_00335,train,cross_pathway,17,ath00760;AC_PWY-5837,KEGG_Cellular;AraCyc_Misc,17,1.0,False,142,249157fb26f85edcfdfbc37b829961307899b41656ce1dfc38f0fa20b6c87bb3
TRAIN_NEG_00336,train,random_5_30,6,,,0,0.0,False,142,86b7dd22635ddf1cd9feb7f0509797c7e88cf998a566b2b47661afbd5318d88a
TRAIN_NEG_00337,train,shuffled,11,AC_GLYSYN2-PWY,AraCyc_Misc,0,0.0,False,142,acf3eba672bade931696b0f8e20a56a4c3e1781db22b689cdb1be7ec8b3ef747
TRAIN_NEG_00338,train,partial_50_80,32,ath03460,KEGG_GeneticInfo,32,1.0,False,142,ff2c0df2f2eebbb49828b500844ed3a8dd9d680449d2f1afb230a1e26a418471
TRAIN_NEG_00339,train,cross_pathway,25,ath04981;AC_PWY-6012,KEGG_SignalTrans;AraCyc_Misc,25,1.0,False,142,58e0cb96b7dcfdd9167759bfce64fb9bc30ca67c2a2f2e2cf9717001d9848174
TRAIN_NEG_00340,train,random_5_30,7,,,0,0.0,False,142,bdb21dd269e74607ac53ed8a77298ee2c62a456ca860f866a945408810c99ecd
TRAIN_NEG_00341,train,shuffled,43,ath04712,KEGG_SignalTrans,0,0.0,False,142,8ae8106381edc3818b38eee6058c5d7079f7f260e9ac70e8467eee1c000ba132
TRAIN_NEG_00342,train,partial_50_80,13,ath00650,KEGG_Cellular,13,1.0,False,142,fa1f64794b0a2c8530f5bfa41011382b194f3513271c8438c7417260773f29c7
TRAIN_NEG_00343,train,cross_pathway,59,ath00561;AC_GLUCONEO-PWY,KEGG_Lipid;AraCyc_Misc,59,1.0,False,142,a6116216cbfdbc5441886a9049589ed4affe78cad03889a044c79d72d0968958
TRAIN_NEG_00344,train,random_5_30,6,,,0,0.0,False,142,7a7fb4784e9b5e9be6a6b84ac2c727c99bb6381900acd8750a49294f22e4569b
TRAIN_NEG_00345,train,shuffled,181,ath00500,KEGG_Lipid,1,0.0055248618784530384,False,142,13288ad03eb127a5c16d4cf0ef48ad587ca326123d9d749cd6f961f00a0eece1
TRAIN_NEG_00346,train,partial_50_80,3,AC_PWY-7298,AraCyc_Misc,3,1.0,False,142,2bb47f7c033502e5282cd305ef81afc65e22f0d5c908e69494bccd4b3e04b6e9
TRAIN_NEG_00347,train,cross_pathway,11,AC_PWY-6554;AC_PWY4FS-2,AraCyc_Misc;AraCyc_Misc,11,1.0,True,142,319bbb9e0f9ee504a896f96b21f7f44f39ab06ca7c9d8a8bcb8a9e020633bb18
TRAIN_NEG_00348,train,random_5_30,18,,,0,0.0,False,142,e7bc26960f96c64efb1a3120401e4d782d1ff041ae325399e473b24e2c9f934c
TRAIN_NEG_00349,train,shuffled,25,AC_PWY-7398,AraCyc_Secondary,0,0.0,False,142,146278dce44f77eae6ae723be596d7ea0c46e2ccc3ac0eb2efd385a3cf044bf3
TRAIN_NEG_00350,train,partial_50_80,5,AC_ASPARTATESYN-PWY,AraCyc_Misc,5,1.0,False,142,230c7eb79f070d783c12cd83f333319d16e8a6429f054e1cbad8e1798cf4e04e
TRAIN_NEG_00351,train,cross_pathway,37,ath03083;AC_PWY66-21,KEGG_GeneticInfo;AraCyc_Misc,37,1.0,False,142,1710e8074334ca6dabf4150cfaf38868bc7f0b3ae3ee29913406e6cf899d5b1a
TRAIN_NEG_00352,train,random_5_30,13,,,0,0.0,False,142,4eaeeb1b7400c2522dccefd7b83d19dde6886e14622017a48b7ad9df78d219e4
TRAIN_NEG_00353,train,shuffled,96,ath00230,KEGG_Cellular,1,0.010416666666666666,False,142,c0a9f39e6a1b792f93b3d61dcc75ec2179b079ab21d4b48c086d612a9a66a1a9
TRAIN_NEG_00354,train,partial_50_80,9,AC_PWY-7219,AraCyc_Nucleotide,9,1.0,False,142,a8c211fc34580ed0ecb79af29a4d8eef3f9ddb975696cc7924dd0b9e3c7848c0
TRAIN_NEG_00355,train,cross_pathway,19,ath05100;AC_ARGSYNBSUB-PWY,KEGG_Environmental;AraCyc_AminoAcid,19,1.0,False,142,800d0145b5951596cece590f45c03219518d3584d9cc23dbdc64208750f7ea94
TRAIN_NEG_00356,train,random_5_30,7,,,0,0.0,False,142,f0c214c5bbf2972253234db9794d161a72db19b7d0fbf0b1cdae386e11538eba
TRAIN_NEG_00357,train,shuffled,14,AC_PWY-5035,AraCyc_Misc,0,0.0,False,142,bf89e351dbbac85b7af3a8148741f9e2298af41e703389a9c9125d0134279738
TRAIN_NEG_00358,train,partial_50_80,3,AC_PWY-7184,AraCyc_Nucleotide,3,1.0,False,142,da3e2e4d420a3c564198bd232410010bb2e1b34074db2e0fb8f090b40f0155e9
TRAIN_NEG_00359,train,cross_pathway,34,ath00941;AC_PWY-5080,KEGG_Cellular;AraCyc_Lipid,34,1.0,False,142,337d60de658e11c17402f786df586fd1eaabcb17cb4dbf1139298da40cebcb43
TRAIN_NEG_00360,train,random_5_30,13,,,0,0.0,False,142,9d918db1c5da763ab74965ade778c2fca52339b0bcd037fa730110c1141e42e0
TRAIN_NEG_00361,train,shuffled,11,ath00603,KEGG_Lipid,0,0.0,False,142,0a982e1637defb802ddfa804c8062cfc96cd8858da32593f185dfe6a6230bdfa
TRAIN_NEG_00362,train,partial_50_80,6,AC_GLUTORN-PWY,AraCyc_Misc,6,1.0,False,142,2e185d70e3b00686b26fa39ad7c6360b28fd85448af56b49db8768c9da50b002
TRAIN_NEG_00363,train,cross_pathway,59,ath00710;AC_GLYCOLYSIS,KEGG_Metabolism;AraCyc_Carbohydrate,59,1.0,False,142,8909c1916b4f9fe6b5738a4a8be144b251ea09f4b563d9ac5def8d22ef066591
TRAIN_NEG_00364,train,random_5_30,8,,,0,0.0,False,142,70c46169ca3b39979a22b319b1b24ed2ce5a5c0d43cf7327c42a86be57e43ada
TRAIN_NEG_00365,train,shuffled,24,AC_PWY-4221,AraCyc_Misc,0,0.0,False,142,af78504ea4ab7d86b091b626ee2c541b48989288a649cda0bd1120ae2b78722f
TRAIN_NEG_00366,train,partial_50_80,3,AC_PWY-6544,AraCyc_Misc,3,1.0,False,142,ccaa18e09994304033e0bc0e9c1b02703056fd3c52e41652046e3f7fc5fbde65
TRAIN_NEG_00367,train,cross_pathway,79,AC_PWY-6527;ath00190,AraCyc_Misc;KEGG_Metabolism,79,1.0,False,142,93346e61cc02f76aa5ffd691ba5efadfa74b3806df105569a009c65b2fd7bc08
TRAIN_NEG_00368,train,random_5_30,15,,,0,0.0,False,142,5b2fc3be8571b7009b61742022a376888772ad09bfbb16d3858c1546d6bbce2a
TRAIN_NEG_00369,train,shuffled,7,AC_ILE-VAL-PWY,AraCyc_Misc,0,0.0,False,142,8b904f06e6f4769226a36e11148be7ec7da994c616edf3686b2cb0a54e917383
TRAIN_NEG_00370,train,partial_50_80,7,AC_PWY-695,AraCyc_Misc,7,1.0,False,142,f5ea733bf306e61b77698d9d5faa4abcaa8850d1ca78c38cbd92942b550c57c5
TRAIN_NEG_00371,train,cross_pathway,10,ath00750;AC_PWY-8142,KEGG_Cellular;AraCyc_Misc,10,1.0,False,142,4dc33bc77370e5aae904993862359c9a6a39a767dabf2e550aafa7526229dc50
TRAIN_NEG_00372,train,random_5_30,15,,,0,0.0,False,142,bdcf287f2ba3ad72c437fac253462f248d05c54c83b73abcba90cef635422639
TRAIN_NEG_00373,train,shuffled,53,ath04148,KEGG_SignalTrans,0,0.0,False,142,c816ace399824c95c69e9c4102d8bdf9f61be92b3f38296a7ac76a309f671328
TRAIN_NEG_00374,train,partial_50_80,6,AC_PWY-6554,AraCyc_Misc,6,1.0,False,142,b3ce7816ba6d087620d14f2db9c7f53428e075bc5ce0fb9a27ce221f0c7366a5
TRAIN_NEG_00375,train,cross_pathway,11,AC_PWY-5027;AC_ASPARAGINE-DEG1-PWY-1,AraCyc_Misc;AraCyc_Misc,11,1.0,True,142,3e835aef5fba6c99a087c1babe582d16e212b8a008e001c11f5419cbe766c3ba
TRAIN_NEG_00376,train,random_5_30,10,,,0,0.0,False,142,1fc19a60d4c014b66683b1f304bbef13552299f3be7591cd045f63faf2c27a2c
TRAIN_NEG_00377,train,shuffled,18,ath00511,KEGG_Lipid,0,0.0,False,142,ba5441c8975ff75575d73e4f784768eca6c5e786f91bfe1bd465d10b700fcfbc
TRAIN_NEG_00378,train,partial_50_80,6,AC_PWY-6556,AraCyc_Nucleotide,6,1.0,False,142,61445cc702567ee6971f6e98a3afe5ba5ca5922f7b8ac5e7e744128f13c180a6
TRAIN_NEG_00379,train,cross_pathway,14,AC_PWY-7221;AC_PWY-181,AraCyc_Nucleotide;AraCyc_Misc,14,1.0,False,142,a50a41135efa5c5f28a4b74064b659291dc83b6df0b1ee45dc3babe954f1b7c3
TRAIN_NEG_00380,train,random_5_30,23,,,0,0.0,False,142,e4115574ba8fae26769004fb1b5e04b275f6abb5354261468511380c9de849b0
TRAIN_NEG_00381,train,shuffled,28,AC_PWY-5667,AraCyc_Misc,0,0.0,False,142,5e60e3795234818bb7dacfa567154a3a6b8134998af65f6b1979792c74f077ec
TRAIN_NEG_00382,train,partial_50_80,45,ath00900,KEGG_Cellular,45,1.0,False,142,b3231c4f77e3354d2fe3bcaa532e2781abea429e3a16351da75a5ded833dbcd1
TRAIN_NEG_00383,train,cross_pathway,28,ath00250;AC_DTDPRHAMSYN-PWY,KEGG_Cellular;AraCyc_Misc,28,1.0,False,142,9335b235835b1d96be5fd11bab3f3b84243d636f6f14081c67abff110d19664e
TRAIN_NEG_00384,train,random_5_30,5,,,0,0.0,False,142,38f537f9d1ca8559fdc53900b2fcb5c6a85399143b0e6937770dba7c8af22258
TRAIN_NEG_00385,train,shuffled,181,ath00500,KEGG_Lipid,1,0.0055248618784530384,False,142,ac364f0c8f894c1bcb764a02f84ea9937ea165325f3d5a24101a4a9de2ac043c
TRAIN_NEG_00386,train,partial_50_80,57,ath04814,KEGG_SignalTrans,57,1.0,False,142,63bc1e3537405144ba01e051e967002c51fe49129757417c10c04b0d967fa0eb
TRAIN_NEG_00387,train,cross_pathway,6,AC_PWY-4861;AC_PWY-6051,AraCyc_Misc;AraCyc_Misc,6,1.0,True,142,7727dbd096ada51f499d1addef4777a560bc5a8a3ce09ebd953d1c9f5c27006c
TRAIN_NEG_00388,train,random_5_30,21,,,0,0.0,False,142,29782efb0ed7da76e992ce46d19071bfe11a0338a38f78f1eba5bda356023625
TRAIN_NEG_00389,train,shuffled,17,AC_PWY-6691,AraCyc_Misc,0,0.0,False,142,1026080ee7fab3482d7d45b17e3f580c9028005a78bc2e8709aa8bb0fc04c0ec
TRAIN_NEG_00390,train,partial_50_80,11,ath00340,KEGG_Cellular,11,1.0,False,142,6f2774870eedff3a7537a5159f0585c6d48e17c0d5e9a46fa3be322dbf35d7df
TRAIN_NEG_00391,train,cross_pathway,11,AC_PWY-3561;AC_PWY-4765,AraCyc_Misc;AraCyc_Lipid,11,1.0,False,142,5a34b66b5482da216c37d9ea3b906d1e357cf41d777fef31ef780465132f88ec
TRAIN_NEG_00392,train,random_5_30,21,,,0,0.0,False,142,d779c78c684dd8f5a301c277cf35a0d4c4dc88c0b2432f52caf15404d8d05fc8
TRAIN_NEG_00393,train,shuffled,10,AC_PWY-6363,AraCyc_Misc,0,0.0,False,142,fd966e1bca1db31156dea7f0127cc35c43594a70db92ac7020e668378e3c3392
TRAIN_NEG_00394,train,partial_50_80,6,AC_PWY0-1264,AraCyc_Cofactor,6,1.0,False,142,fc7f17ef454ecf3436b4c3eaa48cffd11d26b7ef606ce37bcf1ba94e4c878c46
TRAIN_NEG_00395,train,cross_pathway,16,AC_PWY-7199;AC_PWY-6475,AraCyc_Nucleotide;AraCyc_Misc,16,1.0,False,142,663fee4fef35952c957819fe81882d56a3c6480ed2edba36642991e3fd853f15
TRAIN_NEG_00396,train,random_5_30,6,,,0,0.0,False,142,595585d6de186a6c8017924e48f9322a984b3c559b90e9c613b3e65538ddd3c0
TRAIN_NEG_00397,train,shuffled,62,ath03060,KEGG_GeneticInfo,0,0.0,False,142,dca3aa5433d917936b8e11dba1b39628d9c1630b97776bc9d9e8009981046d0a
TRAIN_NEG_00398,train,partial_50_80,7,AC_HISTSYN-PWY,AraCyc_Misc,7,1.0,False,142,d25e821b9660f475e9bc022d890136910a71357b421b8bdedb872172c6230ac8
TRAIN_NEG_00399,train,cross_pathway,10,AC_ILEUSYN-PWY;AC_PWY-7219,AraCyc_Misc;AraCyc_Nucleotide,10,1.0,False,142,d3e5d476ef5d2392952464d8d69700f88a46a4b99f3cb063b60991afe960aafb
TRAIN_NEG_00400,train,random_5_30,21,,,0,0.0,False,142,da30bef61b23ca1b806ee9871dc9481b55771b8f8ac6b604e869e91f3ef1a909
TRAIN_NEG_00401,train,shuffled,35,AC_CALVIN-PWY,AraCyc_Misc,1,0.02857142857142857,False,142,350a898627c03feb01701ff8ed1d2df7ea8b75d799ab2b02141f118d08e58792
TRAIN_NEG_00402,train,partial_50_80,14,AC_PWY-6039,AraCyc_Misc,14,1.0,False,142,fa930ddde50ba08de8caf86251a8332ddf50a0e2bdc44c971ac267a728c32227
TRAIN_NEG_00403,train,cross_pathway,12,AC_PWY-401;AC_ASPASN-ARA-PWY,AraCyc_Lipid;AraCyc_Misc,12,1.0,False,142,4c3078f5c245bfb09c740b3a7d11cd6a12976f0619a94e95d94b106562618471
TRAIN_NEG_00404,train,random_5_30,10,,,0,0.0,False,142,81ef55d96e1e42a15e27e905ea2c3566001cd6fde3a3f41782fb3a5560cfb19d
TRAIN_NEG_00405,train,shuffled,27,AC_PWY-5083,AraCyc_Misc,0,0.0,False,142,c3755ae234ae0b2ddfc7aee791a4d6f7784aadc6058fa0a96c8868ceb2bde149
TRAIN_NEG_00406,train,partial_50_80,9,AC_PWY-7140,AraCyc_Misc,9,1.0,False,142,ba1694a3537387e1d1f3b3278c17a7ace09a27871ba32d39bba6c1613805b696
TRAIN_NEG_00407,train,cross_pathway,10,AC_PWY-5386;AC_PWY-6367,AraCyc_Misc;AraCyc_Misc,10,1.0,True,142,7c3dd200e72f03f27531d5728365849ef073ab6c02d13cb3418aaa90bd635d94
TRAIN_NEG_00408,train,random_5_30,22,,,0,0.0,False,142,3662e8944533b5ba3ef67ec60e6019e77da161f85dbdd7e3afa2895ea2c8d653
TRAIN_NEG_00409,train,shuffled,125,ath00270,KEGG_Cellular,1,0.008,False,142,28f2ac2666ba4b7b81c3af1851f0ac00b74cd67c66e8cefa87e4d04d8cec2b33
TRAIN_NEG_00410,train,partial_50_80,65,ath00010,KEGG_Metabolism,65,1.0,False,142,cb863f7d36c65e2527dc8066770e2fa2713c4d7876c43b872078a435fd5f1ea9
TRAIN_NEG_00411,train,cross_pathway,10,AC_ALANINE-SYN2-PWY;AC_PWY-5122,AraCyc_Misc;AraCyc_Misc,10,1.0,True,142,598c8b391c886eaf65070b6ef63b1168cc13a7e84c5bc8006f80c2c0badeb97d
TRAIN_NEG_00412,train,random_5_30,16,,,0,0.0,False,142,029a7d47adf522c7155b8d9f02554c077c1b294f955dde473a5f36cabb2f417b
TRAIN_NEG_00413,train,shuffled,5,AC_PWY-4984,AraCyc_Misc,0,0.0,False,142,6e7dfcb93f2070ae47d09e90af64a391eb7a29b35495cce301f19f72c4a6e4ba
TRAIN_NEG_00414,train,partial_50_80,20,AC_PWY-1187,AraCyc_AminoAcid,20,1.0,False,142,547d399d983343b6cd40f118426d193aa9f19279fe8ebe5b10877d9c6506b929
TRAIN_NEG_00415,train,cross_pathway,37,ath00710;AC_PWY-8458,KEGG_Metabolism;AraCyc_Misc,37,1.0,False,142,3aa9f590b3319016c1564727507e4831dcfee212625077b470272317d091c572
TRAIN_NEG_00416,train,random_5_30,22,,,0,0.0,False,142,d7ae5f12f22a50d3fb6e82e3318809e251b0486d95a28e6464e3048e48909e7b
TRAIN_NEG_00417,train,shuffled,62,ath03060,KEGG_GeneticInfo,0,0.0,False,142,28bdfed698993fb6d5590ebb3dea22192dc9d709eb16b3830022a4dc05fe2989
TRAIN_NEG_00418,train,partial_50_80,8,AC_PWY-4562,AraCyc_Lipid,8,1.0,False,142,0efdb2f23800af598133c35f7d017f0857b54065537aa6fb9baa5eb101fb18e7
TRAIN_NEG_00419,train,cross_pathway,11,AC_PWY-6607;ath00601,AraCyc_Nucleotide;KEGG_Lipid,11,1.0,False,142,fad241f943fadf38e09d61f129fa5d037b075b5b672be4cb943d5eb4db005c89
TRAIN_NEG_00420,train,random_5_30,20,,,0,0.0,False,142,c3801110e0adf51d295715059abaf0d810e1ba85eec608db2982254b18761f00
TRAIN_NEG_00421,train,shuffled,69,ath03083,KEGG_GeneticInfo,0,0.0,False,142,60efa835233f3d43291512f1a343a5b98edabda5375f44876eaeff91717b6e93
TRAIN_NEG_00422,train,partial_50_80,5,AC_PWY-5837,AraCyc_Misc,5,1.0,False,142,b527cddf5f8dc3a02cc86ea1c582d2e3e070cf7a81ba3baa2ea8248707d4bb28
TRAIN_NEG_00423,train,cross_pathway,10,AC_PWY-7140;AC_PWY0-1182,AraCyc_Misc;AraCyc_Misc,10,1.0,True,142,446c22127f64622d5de95aac1572d06b7b44f0358f9109f83de220e92d0ff5a9
TRAIN_NEG_00424,train,random_5_30,23,,,0,0.0,False,142,6b521fe6d75e68b7d022db08fb379682e920e0f7c577d2086ffad982399fccb5
TRAIN_NEG_00425,train,shuffled,36,ath00785,KEGG_Cellular,0,0.0,False,142,8930301ca8a902ae2651e6274989a76a1c2b7c43412cbc19ebf03be206243d8d
TRAIN_NEG_00426,train,partial_50_80,5,AC_ASPARTATE-DEG1-PWY,AraCyc_Misc,5,1.0,False,142,96cad13784ad51e1aee1e1001a7d365aff5a52eb3405b3870c53fb0cebc3d9c2
TRAIN_NEG_00427,train,cross_pathway,24,AC_PWY-6612;ath04382,AraCyc_Cofactor;KEGG_SignalTrans,24,1.0,False,142,ecdffd9a7dd1ab968fa5ad5141a472d05b9bf5b6cc3a313538b8a5db3f14cd8d
TRAIN_NEG_00428,train,random_5_30,7,,,0,0.0,False,142,39cc4d7c4494031a018633e25edfd8f9f7949074228e7e99924109f953285042
TRAIN_NEG_00429,train,shuffled,47,AC_PWYQT-4471,AraCyc_AminoAcid,0,0.0,False,142,69f226b374fe8ac5f6172f27f26148e1b5bf6a737de859274320b87edf64ba6b
TEST_NEG_00000,test,random_5_30,15,,,0,0.0,False,242,7033e8965d4865520e5ef0cfe09e8bbfe8aef79e5ba63e0f69bd4201d68566bf
TEST_NEG_00001,test,shuffled,62,ath00051,KEGG_Cellular,0,0.0,False,242,a40f16c3a31786eed0722779cf7038e35f238f59d480c97118bc40ec2346b623
TEST_NEG_00002,test,partial_50_80,3,AC_PWY-7995,AraCyc_Misc,3,1.0,False,242,73634cf9a3cb4b235ad74522b32f0648d6b9cf87d15e73fbbe950ad60871bc35
TEST_NEG_00003,test,cross_pathway,14,AC_PWY-5973;AC_PWYQT-94,AraCyc_Misc;AraCyc_Misc,14,1.0,True,242,3d0a407be2a81b79554126b014e112775fead973134b0e601ea55ca19241d842
TEST_NEG_00004,test,random_5_30,27,,,0,0.0,False,242,52aa4b6f104589d45d4438a7002f5fd04b536fae441cc7a532bbde0b59404ceb
TEST_NEG_00005,test,shuffled,7,AC_PWY-699,AraCyc_Misc,0,0.0,False,242,7045e6f70062f031ee00452ea1c2286c3fc9b2301c1f97c1e2a04eba22cfceac
TEST_NEG_00006,test,partial_50_80,63,AC_PWY-6842,AraCyc_Misc,63,1.0,False,242,ebfeb1709b08fc791429461f722dc6e9e91416851cbd51003b46817741236e56
TEST_NEG_00007,test,cross_pathway,80,ath00051;ath03008,KEGG_Cellular;KEGG_GeneticInfo,80,1.0,False,242,7bc698260bf2a4772397782cfef6c587cb9a14efa5731e31d02c58e807f71127
TEST_NEG_00008,test,random_5_30,17,,,0,0.0,False,242,dbdfcb4228475a27d66b7f258c77a923d1916d0e10705351cbc39cb01d4c9058
TEST_NEG_00009,test,shuffled,101,ath01250,KEGG_Cellular,0,0.0,False,242,1ee62dd90183e70f69b68b49a9b30853928d84092d85e1213a198efe0449edfe
TEST_NEG_00010,test,partial_50_80,7,AC_PWY66-385,AraCyc_Misc,7,1.0,False,242,829f8f45e87e309115651cac8f6488611b3e0ed9cd5b46f8de9129387c73f518
TEST_NEG_00011,test,cross_pathway,5,AC_PWY0-1507;AC_PWY-63,AraCyc_AminoAcid;AraCyc_Misc,5,1.0,False,242,2beb2f39cfdd88d31f29f16d9dfd1d25ff582a1926f360829c6c450d34580c5b
TEST_NEG_00012,test,random_5_30,18,,,0,0.0,False,242,d3ec082171962ab3761a1ea5210107fea04f6a72878bd2c04f0b748ab2e80c6f
TEST_NEG_00013,test,shuffled,5,AC_PWY-5049,AraCyc_Misc,0,0.0,False,242,e56f18b09c0d6e97b1f4628dd3f9a8d7b08c3f33c9dfa912b90f66a11f776817
TEST_NEG_00014,test,partial_50_80,11,ath00730,KEGG_Cellular,11,1.0,False,242,13ae3a3f74de84d92cbf5dbc55ac3a239467bd11b92311a49a3f501e45c09131
TEST_NEG_00015,test,cross_pathway,13,AC_PWY-5320;AC_PWY-5320,AraCyc_Misc;AraCyc_Misc,13,1.0,True,242,b86bf4c8e431fb3e39ffce142b2d016df3e6251d42fa398e684a156d71611c31
TEST_NEG_00016,test,random_5_30,28,,,0,0.0,False,242,1813199d439c9636b77ff5bcd37cd8013f0b955564c150f13f48bca8381857d2
TEST_NEG_00017,test,shuffled,11,AC_PWY-3481,AraCyc_Misc,0,0.0,False,242,451fef679a62b29bd503fca36dbb9930ee56e98cfc087c4698bbc1697c919c6d
TEST_NEG_00018,test,partial_50_80,20,ath00563,KEGG_Lipid,20,1.0,False,242,e348ef9a4c22ac90cee51e55888489b3eeed9f0ad28650a916d5ae7a39502a06
TEST_NEG_00019,test,cross_pathway,16,AC_PWY-63;ath00563,AraCyc_Misc;KEGG_Lipid,16,1.0,False,242,d7c767e3528e277922e42558f1e80e587537aeb4bd6cdb26e581c3c69e07babf
TEST_NEG_00020,test,random_5_30,12,,,0,0.0,False,242,97b34763e5c977784b6e9abafc6363d52f892ebcb828a51b0ed348168ca5c93d
TEST_NEG_00021,test,shuffled,1374,ath01110,KEGG_Cellular,78,0.056768558951965066,False,242,fe7f428e0a98a2450e94ae3c1c703259b8491603398544d5347c9665f9a7c355
TEST_NEG_00022,test,partial_50_80,58,ath00564,KEGG_Lipid,58,1.0,False,242,2ba796f2d3d468453774596c86bd4a84726e71df523516675959554a6225a320
TEST_NEG_00023,test,cross_pathway,7,AC_NAGLIPASYN-PWY;AC_PWY-699,AraCyc_Lipid;AraCyc_Misc,7,1.0,False,242,8bf963531ab667f4c913dd9320a3841b73ee0b44d4d0d42575ca6293dbc48ddf
TEST_NEG_00024,test,random_5_30,18,,,0,0.0,False,242,d068d10d27a215b29ecf1de00147a35e47da4d65ca1f965beea7b9f90b589ce5
TEST_NEG_00025,test,shuffled,33,AC_PWY-5989,AraCyc_Misc,0,0.0,False,242,953e60a8caa989289ad7117dc5c663beb3b286b7c6ada62aff51a839303a490f
TEST_NEG_00026,test,partial_50_80,6,AC_PWY-3462,AraCyc_Misc,6,1.0,False,242,ee0ec75d7188b251c92cb799de49c0f850c7a27900e83192fa282ccc2a0a16f7
TEST_NEG_00027,test,cross_pathway,10,AC_PWY-5791;AC_PWY-7859,AraCyc_Misc;AraCyc_Misc,10,1.0,True,242,37baec3778aeea627113f0a91baaa2ed289dc58d4715261581140382d39a188f
TEST_NEG_00028,test,random_5_30,18,,,0,0.0,False,242,abe6c2543023723475ee7d72d3316d9819fad64218d824999cd68ca538ae327f
TEST_NEG_00029,test,shuffled,21,AC_TRESYN-PWY,AraCyc_Misc,0,0.0,False,242,77a3aba2190f4c15d73f13ccbf0e0e531281787d1dca3c6c34ce142577ee2ad4
TEST_NEG_00030,test,partial_50_80,167,ath01230,KEGG_Cellular,167,1.0,False,242,6a94ef5868c62b03d4cf5cb962b2473d52edc844d992aa5509a5dba449f681c8
TEST_NEG_00031,test,cross_pathway,13,AC_ALANINE-DEG3-PWY;ath00730,AraCyc_Misc;KEGG_Cellular,13,1.0,False,242,d06a4bd747c62341ca4abb725ed307f1d86ae58f7b3360ebea58488c8423c717
TEST_NEG_00032,test,random_5_30,27,,,0,0.0,False,242,288512e0f9b0c2bea0ccdccf4362d786f580b2e94e0d46fa060107d7673e3d83
TEST_NEG_00033,test,shuffled,5,AC_PWY-5049,AraCyc_Misc,0,0.0,False,242,7b4022fd712e6bf605649f6550b44fef83d9d423e2001593272fb054c4f0c830
TEST_NEG_00034,test,partial_50_80,4,AC_PWY-7995,AraCyc_Misc,4,1.0,False,242,18956efd5335aa2f20d1bded108d1b6a5383378303adc7ce3b9786eb7f2891ac
TEST_NEG_00035,test,cross_pathway,100,ath03008;ath01210,KEGG_GeneticInfo;KEGG_Cellular,100,1.0,False,242,922b5e9544b2a5426ee4c2248f274e58c677d2b7667250932ccffe919d1897d7
TEST_NEG_00036,test,random_5_30,26,,,0,0.0,False,242,31878b7e08c4bc57c81a85981670a6b3dc5fe3b131c113d3c535a74f2de40e16
TEST_NEG_00037,test,shuffled,43,ath03030,KEGG_GeneticInfo,0,0.0,False,242,52d62117bbf70374bc6fb231f39ff57312b64c3529d774c9e22406a4311b7e95
TEST_NEG_00038,test,partial_50_80,10,AC_PWY-5125,AraCyc_Misc,10,1.0,False,242,72b477bd7ff0eae226969cf2f46ef6a44a2fe7882ded4b06b971216aedf107d1
TEST_NEG_00039,test,cross_pathway,55,AC_PWY-6614;ath01210,AraCyc_Cofactor;KEGG_Cellular,55,1.0,False,242,b5d5e4aebc5f6cbf186593e392119f8e26e663de04ca34beda1c9fe3ac9621b3
TEST_NEG_00040,test,random_5_30,5,,,0,0.0,False,242,dc123c2dd511cf05f31df0145f13d41b4c21c0e2415703c1eb5b720aa41a9058
TEST_NEG_00041,test,shuffled,98,ath03008,KEGG_GeneticInfo,0,0.0,False,242,6114c2220957ccb5c8e3a54fbd786e2e48fef6af952d971ac7c697f75587330d
TEST_NEG_00042,test,partial_50_80,6,AC_PWY-5453,AraCyc_Misc,6,1.0,False,242,eac6d7da81bf52956adbc3146ab38e859aaf4a259a0f0f9e20319c6815f737e6
TEST_NEG_00043,test,cross_pathway,45,AC_PWY-6614;ath00562,AraCyc_Cofactor;KEGG_Lipid,45,1.0,False,242,2cb83551e3c9426adebf017344416b5478f0518374d0f119584bb34e7a8470e6
TEST_NEG_00044,test,random_5_30,26,,,0,0.0,False,242,cc60d68a4b2db65565f7a2943cc5702e5d020137748be6766d97cbfdb9eaf194
TEST_NEG_00045,test,shuffled,13,AC_CYSTSYN-PWY,AraCyc_Misc,0,0.0,False,242,fd384569f3ed26b6211205395e830be603c554141179ba48c52648200d449cbe
TEST_NEG_00046,test,partial_50_80,4,AC_BSUBPOLYAMSYN-PWY,AraCyc_Misc,4,1.0,False,242,5ae602c78711f1ff7a7c7cbf40aa0eeabfbdf622bde7563bd2f6670646674e1f
TEST_NEG_00047,test,cross_pathway,24,ath00350;AC_PWY-5791,KEGG_Cellular;AraCyc_Misc,24,1.0,False,242,a91b88d6ca9255ce46cb4b2761e549bc9be7f60688c7fd507e7f944a08d4d502
TEST_NEG_00048,test,random_5_30,14,,,0,0.0,False,242,7006acb3251234d595bc38d080df66b93de3baea1391f5cdbee6bbbfc2fc25e6
TEST_NEG_00049,test,shuffled,26,ath00565,KEGG_Lipid,0,0.0,False,242,7fe1954cfa7453e6fc0fdab5131bedbeb464ed74b20976fa8ca1637d9c4b6abd
TEST_NEG_00050,test,partial_50_80,170,ath01230,KEGG_Cellular,170,1.0,False,242,5f471679642c2a594310fd4c6e84ea11bcc74bd89d5080842183b7c5fed16e10
TEST_NEG_00051,test,cross_pathway,17,AC_PWY-1001;AC_PWY-5791,AraCyc_Carbohydrate;AraCyc_Misc,17,1.0,False,242,b421f807a55697026a36b0ccfb7ef22c0754c5d23bda2ec02ac8970c28f7d36d
TEST_NEG_00052,test,random_5_30,13,,,0,0.0,False,242,fe65fc64c84af13a1c13e8016dca385e7c467cbd971e42925fa33646e39f76c6
TEST_NEG_00053,test,shuffled,5,AC_PWY-6599,AraCyc_Misc,0,0.0,False,242,300f897ec1086c53ba05a39f4c63c5d84ba75c00cfd81825572bd308452b3eaf
TEST_NEG_00054,test,partial_50_80,43,ath00051,KEGG_Cellular,43,1.0,False,242,b0cb6ca71aa6e906113d3fc545df75943f0cc63f1acf012be23ddb0c38253019
TEST_NEG_00055,test,cross_pathway,45,ath03420;AC_PWY-7995,KEGG_GeneticInfo;AraCyc_Misc,45,1.0,False,242,5a7792ba5c4754ae01f129c4f59de3aa857999c29f99e0b6edee2860ce3fb453
TEST_NEG_00056,test,random_5_30,26,,,0,0.0,False,242,f5a26de12143ca75c8f2bbf538195ef27d90a1401113b7d6cbfa188ed2045d94
TEST_NEG_00057,test,shuffled,84,AC_PWY-6842,AraCyc_Misc,1,0.011904761904761904,False,242,115e3abe3f3cbad48d4ff6e147e7356f94b81c1c59f38f4e6d950590ec725e07
TEST_NEG_00058,test,partial_50_80,74,ath03008,KEGG_GeneticInfo,74,1.0,False,242,72da3aebed28c39fec0718b2a383fcddd3b843a82aa11b54ca023f2c462f4b2d
TEST_NEG_00059,test,cross_pathway,12,AC_PWY-6922;AC_PWY-6786,AraCyc_Misc;AraCyc_Misc,12,1.0,True,242,a91eeb7fb2f008d893841586fd61bc78ea3530de12500797ebb804fdae4286d0
TEST_NEG_00060,test,random_5_30,15,,,0,0.0,False,242,1eee86ce8116324d2ead68d8189d5f05769c5a4a5e7d6debd1ce053cc1ce8b63
TEST_NEG_00061,test,shuffled,15,AC_PWY-6952,AraCyc_Misc,0,0.0,False,242,fcc205e5f97ab579ca1ff33be3ae49382b438e0522484edb95b40e4e44b2f9e9
TEST_NEG_00062,test,partial_50_80,5,AC_PWY-8024,AraCyc_Misc,5,1.0,False,242,d8b87a76168d1b5ab1696a7798e74ec17f50ca3ce239ff918b0339cf4c829461
TEST_NEG_00063,test,cross_pathway,42,ath00730;ath00052,KEGG_Cellular;KEGG_Cellular,42,1.0,True,242,81eeb726f788a9e6f8f2c5565ef4d928485b0aea2e8439f656380434eaea7d53
TEST_NEG_00064,test,random_5_30,13,,,0,0.0,False,242,655d7f5c449ab42321e5a7d6ca439732943ec8d9bae5492df754b5d676a6cc74
TEST_NEG_00065,test,shuffled,6,AC_PWY0-1507,AraCyc_AminoAcid,0,0.0,False,242,d0b0241ca2d1e6b43c0e1eac794ab16292171a16f87cf0cc6d4ea38d83342511
TEST_NEG_00066,test,partial_50_80,171,ath01230,KEGG_Cellular,171,1.0,False,242,db9d85baea7811e5adfded806562e342b8d026abaea378e4dc245eb91af19f47
TEST_NEG_00067,test,cross_pathway,56,AC_PWY-7388;ath01250,AraCyc_Misc;KEGG_Cellular,56,1.0,False,242,9fb223d54746c8d5023d3f7b68ce7e17e3617cbb963abbd84694e566c49baef6
TEST_NEG_00068,test,random_5_30,29,,,0,0.0,False,242,1ca2c0aee5fe95af0fa307c7f21aa693c81fd953a994035623dec1d2a674730c
TEST_NEG_00069,test,shuffled,242,ath01230,KEGG_Cellular,2,0.008264462809917356,False,242,4279c86fa0d2994885f405a95ae4977b9514bdfb568cdf7facdb5ed58f1ceed6
TEST_NEG_00070,test,partial_50_80,51,ath01250,KEGG_Cellular,51,1.0,False,242,6aaefb9472dd25b1212ab09eaae4e842254360d706567966af52be9b433c21cc
TEST_NEG_00071,test,cross_pathway,23,ath00130;AC_BSUBPOLYAMSYN-PWY,KEGG_Metabolism;AraCyc_Misc,23,1.0,False,242,a4897ce6669187bd2ce8418a6ea4b3f7b62189f3ae5fdc143ef96fafc41ace06
TEST_NEG_00072,test,random_5_30,15,,,0,0.0,False,242,c28ae351ca87ae5d191ef9eb3c0c6b5f8904fe6d4cd5b4e09b22dcc373c2892e
TEST_NEG_00073,test,shuffled,35,ath00600,KEGG_Lipid,0,0.0,False,242,77c6b756dc20bfb57e859acb4c8fd57839fea3c3f0c69a463e9969055e74658e
TEST_NEG_00074,test,partial_50_80,5,AC_PANTO-PWY,AraCyc_Misc,5,1.0,False,242,34c14b2fc6afa2054c33fefc59b8ee55cf43bccaccf7efb0631e09740761d746
TEST_NEG_00075,test,cross_pathway,38,AC_PWY-4203;ath00052,AraCyc_Misc;KEGG_Cellular,38,1.0,False,242,627c61528675dbf9d5f6a97a83c83c197c2a308d196de9984c154f21f87cad26
TEST_NEG_00076,test,random_5_30,28,,,0,0.0,False,242,15faf32f61a286c8ef9bff1cb47bab9cfb7f1949c1acfdcd16abbabd110da445
TEST_NEG_00077,test,shuffled,7,AC_PWY-699,AraCyc_Misc,0,0.0,False,242,58bb9cd7c123a69d12a5b75c88bf2ab500dec833d5f57ed2f7dd1f93ee730bbf
TEST_NEG_00078,test,partial_50_80,6,ath00531,KEGG_Lipid,6,1.0,False,242,b582c5eee3d0b8d322fe68977210877d8cb2097b989a417cff0641fcf8f918ac
TEST_NEG_00079,test,cross_pathway,25,AC_PWY-5791;ath00061,AraCyc_Misc;KEGG_Lipid,25,1.0,False,242,080144b1e041f9ad7f787a58463170817af0c932c006d020f41241b79dac15ba
TEST_NEG_00080,test,random_5_30,19,,,0,0.0,False,242,1a07306381e4917854eb6e640b644c6c167c36be84725bf29c0c1f10d9fa679e
TEST_NEG_00081,test,shuffled,43,ath03030,KEGG_GeneticInfo,0,0.0,False,242,9a2baf272743ef0a6c4ba4e76ffa6d3622db9a71925d515df57ac0cce046ee68
TEST_NEG_00082,test,partial_50_80,16,AC_TRESYN-PWY,AraCyc_Misc,16,1.0,False,242,c40605ef7c01a99bb2949389f23ad988ab334d3ace6a7931055ca56e5df30cf3
TEST_NEG_00083,test,cross_pathway,13,AC_PWY-7176;AC_MANNOSYL-CHITO-DOLICHOL-BIOSYNTHESIS,AraCyc_Misc;AraCyc_Misc,13,1.0,True,242,9a5e39f62f7e5908229516cf098e4df3ebf78d9095389e86012fe734c63c09eb
TEST_NEG_00084,test,random_5_30,14,,,0,0.0,False,242,251d48ed0f30269b624fc4c0d0901d449be1dac6f44342f0da0d06c39cbd174c
TEST_NEG_00085,test,shuffled,43,ath00061,KEGG_Lipid,0,0.0,False,242,0282dcb77d1afcc47db24067c42f078eec3a98256a374d9fad02dd99eae48e2d
TEST_NEG_00086,test,partial_50_80,3,AC_GLYSYN-ALA-PWY,AraCyc_Misc,3,1.0,False,242,9966b4ed4ad6b2bb18136253d0c90984e57c239feac109a4ec21bc8e350bd99d
TEST_NEG_00087,test,cross_pathway,22,AC_CYSTSYN-PWY;AC_PWY-8280,AraCyc_Misc;AraCyc_Misc,22,1.0,True,242,2f5f62fa208fa44dc275a338f59a0cda23e5f393e23fd11eb65c1f3188ad4615
TEST_NEG_00088,test,random_5_30,20,,,0,0.0,False,242,d4856cfcb045f6bc9032411efb2e7e780ea4cb75911f1b3c86a88e9417c24697
TEST_NEG_00089,test,shuffled,8,ath04820,KEGG_SignalTrans,0,0.0,False,242,875604c33d6e2157ddcc67cc34f6cc7450620139a5aae3462f6f9168a45c5707
TEST_NEG_00090,test,partial_50_80,8,AC_PWY-5337,AraCyc_Misc,8,1.0,False,242,c319002a68ef71cc077c43536212a43ca3b82b7aaa31707351fc4e527d50b24b
TEST_NEG_00091,test,cross_pathway,12,AC_METHIONINE-DEG1-PWY;AC_PWY-2821,AraCyc_AminoAcid;AraCyc_Misc,12,1.0,False,242,d87324b0da44723883ff4b6e518125832a8d967ef4d3e22934b068d985f0d1ef
TEST_NEG_00092,test,random_5_30,28,,,0,0.0,False,242,70d75d887938cf7381d3ecb21784dc2c4dfb8101c2ffaf0cd82f84decb719f97
TEST_NEG_00093,test,shuffled,62,ath00051,KEGG_Cellular,0,0.0,False,242,c8f1480dae864f769e280d4a5db837a75182df4e2973e0c2fbafe8846f192206
TEST_NEG_00094,test,partial_50_80,5,AC_PWY-5791,AraCyc_Misc,5,1.0,False,242,48642eb8ab317deb0b481c78a248b9a10e8f7b78bcda04a41a4a1bb6842bbde5
TEST_NEG_00095,test,cross_pathway,49,AC_PWY-7185;ath03420,AraCyc_Misc;KEGG_GeneticInfo,49,1.0,False,242,444c3c069044840a6724fd09169e6528124b6c9b0b91648e3b7be2bf7c32b4bf
TEST_NEG_00096,test,random_5_30,20,,,0,0.0,False,242,4be864b09d43f6a77a7e3ed31a1e392d60d4e192967920bf9905a5f2458630f4
TEST_NEG_00097,test,shuffled,1374,ath01110,KEGG_Cellular,58,0.042212518195050945,False,242,059b6d0efdf99de50f194e1aad7e0cd6025a4746cc904ba0a47f2e7f89cd840b
TEST_NEG_00098,test,partial_50_80,9,AC_PWY-7859,AraCyc_Misc,9,1.0,False,242,f1804b35298103247ae0acf390a828d02b2432677a61f389260ec42c9a5bf288
TEST_NEG_00099,test,cross_pathway,129,AC_PWY0-162;ath01230,AraCyc_Nucleotide;KEGG_Cellular,129,1.0,False,242,d3da54796d31c51a919052878302aa02a75ac7da20393d750069b94ee4c83e0d
TEST_NEG_00100,test,random_5_30,5,,,0,0.0,False,242,e45b34ec5ab10f715b54324a876de9124a03d9bbc04ce18e2f09ee9714a7619d
TEST_NEG_00101,test,shuffled,13,AC_PWY-5337,AraCyc_Misc,0,0.0,False,242,89c51dba5e6c873b40e4beae44446a44de6f72e85f7e4cc1ee3063117fceff65
TEST_NEG_00102,test,partial_50_80,78,AC_PWY-5464,AraCyc_Misc,78,1.0,False,242,06e085c98d5058cbfea813131db1c70afdcc410bbbf1e1b896af54a614e18880
TEST_NEG_00103,test,cross_pathway,7,AC_PWY-6317;AC_PWY-6614,AraCyc_Misc;AraCyc_Cofactor,7,1.0,False,242,e65125b35291d8b140027e97ff40c81d6904547785c970043f4934e6cd7e861f
TEST_NEG_00104,test,random_5_30,30,,,0,0.0,False,242,d3ed8b68e4cdf970724c185ddda5b7676e01f3fe9e67e00c4cb207301d3f7832
TEST_NEG_00105,test,shuffled,6,AC_ALANINE-DEG3-PWY,AraCyc_Misc,0,0.0,False,242,b28ce97f18dcd95efd0ae7d3cdd50366845625274b991b78e1e39f0552bc2f6f
TEST_NEG_00106,test,partial_50_80,9,AC_PWY-8270,AraCyc_Misc,9,1.0,False,242,aa5b1ec08bb320c46e92fc846bf022ccddb9a088e3ab91f4c6f8bed8a5ddc3a4
TEST_NEG_00107,test,cross_pathway,19,AC_BSUBPOLYAMSYN-PWY;AC_PWY-5971,AraCyc_Misc;AraCyc_Lipid,19,1.0,False,242,f59b0661f41c3069a1ebc294d3559683153ab15203cab7bbddf57542adba7f3f
